# Blender v2.93.0 OBJ File: ''
# www.blender.org
mtllib head.mtl
o Cube
v 1.000000 1.000000 -1.000000
v 1.000000 -1.000000 -1.000000
v 1.000000 1.000000 1.000000
v 1.000000 -1.000000 1.000000
v -1.000000 1.000000 -1.000000
v -1.000000 -1.000000 -1.000000
v -1.000000 1.000000 1.000000
v -1.000000 -1.000000 1.000000
vt 0.625000 0.500000
vt 0.875000 0.500000
vt 0.875000 0.750000
vt 0.625000 0.750000
vt 0.375000 0.750000
vt 0.625000 1.000000
vt 0.375000 1.000000
vt 0.375000 0.000000
vt 0.625000 0.000000
vt 0.625000 0.250000
vt 0.375000 0.250000
vt 0.125000 0.500000
vt 0.375000 0.500000
vt 0.125000 0.750000
vn 0.0000 1.0000 0.0000
vn 0.0000 0.0000 1.0000
vn -1.0000 0.0000 0.0000
vn 0.0000 -1.0000 0.0000
vn 1.0000 0.0000 0.0000
vn 0.0000 0.0000 -1.0000
usemtl kt_facebuilder_material
s off
f 1/1/1 5/2/1 7/3/1 3/4/1
f 4/5/2 3/4/2 7/6/2 8/7/2
f 8/8/3 7/9/3 5/10/3 6/11/3
f 6/12/4 2/13/4 4/5/4 8/14/4
f 2/13/5 1/1/5 3/4/5 4/5/5
f 6/11/6 5/10/6 1/1/6 2/13/6
o Cube.001
v 1.000000 1.000000 -1.000000
v -1.000000 1.000000 -1.000000
v -1.000000 1.000000 1.000000
v 1.000000 1.000000 1.000000
v 1.000000 -1.000000 1.000000
v -1.000000 -1.000000 1.000000
v -1.000000 -1.000000 -1.000000
v 1.000000 -1.000000 -1.000000
vt 0.625000 0.500000
vt 0.875000 0.500000
vt 0.875000 0.750000
vt 0.625000 0.750000
vt 0.375000 0.750000
vt 0.625000 1.000000
vt 0.375000 1.000000
vt 0.375000 0.000000
vt 0.625000 0.000000
vt 0.625000 0.250000
vt 0.375000 0.250000
vt 0.125000 0.500000
vt 0.375000 0.500000
vt 0.125000 0.750000
vn 0.0000 1.0000 0.0000
vn 0.0000 -0.0000 1.0000
vn -1.0000 -0.0000 0.0000
vn 0.0000 -1.0000 -0.0000
vn 1.0000 0.0000 0.0000
vn 0.0000 0.0000 -1.0000
usemtl Material.001
s off
f 9/15/7 10/16/7 11/17/7 12/18/7
f 13/19/8 12/18/8 11/20/8 14/21/8
f 14/22/9 11/23/9 10/24/9 15/25/9
f 15/26/10 16/27/10 13/19/10 14/28/10
f 16/27/11 9/15/11 12/18/11 13/19/11
f 15/25/12 10/24/12 9/15/12 16/27/12
o Cube.002
v 1.000000 1.000000 -1.000000
v -1.000000 1.000000 -1.000000
v -1.000000 1.000000 1.000000
v 1.000000 1.000000 1.000000
v 1.000000 -1.000000 1.000000
v -1.000000 -1.000000 1.000000
v -1.000000 -1.000000 -1.000000
v 1.000000 -1.000000 -1.000000
vt 0.625000 0.500000
vt 0.875000 0.500000
vt 0.875000 0.750000
vt 0.625000 0.750000
vt 0.375000 0.750000
vt 0.625000 1.000000
vt 0.375000 1.000000
vt 0.375000 0.000000
vt 0.625000 0.000000
vt 0.625000 0.250000
vt 0.375000 0.250000
vt 0.125000 0.500000
vt 0.375000 0.500000
vt 0.125000 0.750000
vn 0.0000 1.0000 0.0000
vn 0.0000 -0.0000 1.0000
vn -1.0000 -0.0000 0.0000
vn 0.0000 -1.0000 -0.0000
vn 1.0000 0.0000 0.0000
vn 0.0000 0.0000 -1.0000
usemtl Material.002
s off
f 17/29/13 18/30/13 19/31/13 20/32/13
f 21/33/14 20/32/14 19/34/14 22/35/14
f 22/36/15 19/37/15 18/38/15 23/39/15
f 23/40/16 24/41/16 21/33/16 22/42/16
f 24/41/17 17/29/17 20/32/17 21/33/17
f 23/39/18 18/38/18 17/29/18 24/41/18
o head.001
v 2.044961 -0.592302 8.465976
v 1.353130 -0.565707 8.659985
v 1.677654 -0.927879 8.581827
v 1.890309 0.197669 8.495767
v 1.587253 -0.230268 8.567016
v 2.139365 -1.376972 8.506983
v 2.516575 -1.096803 8.387506
v 3.002548 -0.701202 8.280173
v 2.466471 -0.117440 8.416122
v 1.324083 0.249475 8.806740
v 3.904442 -0.955189 7.662764
v 3.524740 -0.202676 8.014739
v 2.887355 0.519896 8.141879
v 2.111375 0.714015 8.306612
v 1.432533 0.549484 8.659137
v 1.576257 0.983933 8.439857
v 1.138052 0.891172 8.926353
v 1.196755 1.301560 8.638123
v 0.968876 2.338940 8.016696
v 0.824093 2.822710 8.339815
v 0.829687 2.209210 8.441176
v 1.160855 3.326964 8.362037
v 1.792162 3.382961 8.120719
v 1.720357 3.628952 8.380342
v 3.907711 2.504282 7.085003
v 3.710336 2.293996 7.317370
v 3.819519 2.118277 7.243894
v 3.574454 0.922956 7.811795
v 2.731196 1.187018 7.981031
v 3.560432 3.949269 8.083655
v 3.840326 3.243907 7.616055
v 4.171458 3.489854 7.525979
v 2.506037 2.269321 7.975742
v 3.048288 2.384482 7.796278
v 2.483497 2.323784 7.937284
v 1.619872 2.029053 7.902964
v 1.248375 1.962333 7.974944
v 1.613829 1.722254 7.968960
v 2.468694 3.201636 8.051325
v 1.858441 3.189615 7.964694
v 1.885364 3.085377 7.924322
v 3.665533 2.440364 7.347951
v 3.778626 2.545168 7.193192
v 3.703922 2.585159 7.259202
v 0.989074 3.494975 8.651917
v 0.901719 4.223649 8.979525
v 0.547367 3.569488 8.906949
v 1.124851 2.398347 7.860453
v 1.414784 2.303185 7.829197
v 1.224832 2.448746 7.779572
v 4.575238 1.542547 6.753800
v 4.969177 2.063541 5.982316
v 4.538200 2.296360 6.515098
v 1.348036 2.592464 7.674370
v 1.561629 2.751374 7.702518
v 1.528203 2.803079 7.752460
v 3.073051 2.971913 7.783432
v 3.451811 2.800218 7.502563
v 3.113144 3.021449 7.861724
v 1.302646 2.467825 7.699804
v 1.262874 2.463172 7.739103
v 3.166801 3.178445 7.918187
v 3.664048 3.074851 7.606163
v 3.198803 3.341669 7.987483
v 1.726304 4.052493 8.710420
v 1.195461 1.690586 8.276321
v 0.897896 1.622517 8.905707
v 1.347555 2.172569 7.878696
v 3.269104 1.414731 7.781962
v 3.967322 1.384081 7.417290
v 3.655570 1.752510 7.482855
v 0.661941 2.932454 8.677723
v 0.373583 3.005334 8.941916
v 1.993332 2.213494 7.938230
v 2.054437 1.926827 7.933609
v 4.471222 0.818615 7.163770
v 1.894192 3.021815 7.879951
v 2.442563 3.081906 7.954121
v 2.458355 3.148209 8.011015
v 2.098379 1.587894 7.961090
v 2.621713 1.900126 7.915909
v 3.490785 2.842115 7.541238
v 3.139593 3.088791 7.893962
v 5.700016 2.063755 2.227220
v 5.623954 0.885229 2.065696
v 5.687689 1.584440 1.570502
v 0.611051 2.415017 8.850000
v 3.612944 2.563086 7.363631
v 2.125417 1.198895 8.078080
v 2.660187 1.589765 7.900567
v 1.978501 2.302620 7.927043
v 1.610525 2.244694 7.870489
v 1.967466 2.356755 7.896697
v 1.437586 2.365797 7.781660
v 1.617925 2.389094 7.783980
v 1.454040 2.397674 7.711744
v 1.310330 3.148509 8.054971
v 3.158697 1.733451 7.748773
v 3.546455 1.994391 7.511724
v 2.501865 3.484116 8.154311
v 3.457172 2.514301 7.541173
v 3.425059 2.561329 7.507185
v 1.006754 2.779753 7.996408
v 1.438174 2.959696 7.845816
v 3.515765 2.195035 7.539042
v 2.478527 3.295951 8.074973
v 3.558934 2.605788 7.384531
v 3.519777 2.631715 7.391791
v 1.177343 2.689016 7.814550
v 1.298515 2.633074 7.737739
v 3.571808 2.950823 7.570454
v 3.627394 2.693142 7.337152
v 3.718919 2.711376 7.299209
v 1.609533 2.342414 7.832312
v 1.482799 2.866690 7.792140
v 1.907446 2.960400 7.855372
v 3.117818 2.250970 7.830832
v 3.135885 1.997010 7.779046
v 3.800020 2.756611 7.262555
v -0.044636 4.231148 9.090440
v -0.036430 3.585165 9.024090
v 2.541126 2.172409 7.980746
v 3.316942 3.612386 8.062595
v 2.717212 4.173368 8.453262
v 2.542634 3.763364 8.294256
v -0.021938 3.037857 9.048621
v 4.229981 2.924722 7.063170
v 3.944790 2.822060 7.205438
v 1.608689 1.379698 8.171440
v 3.080441 2.338103 7.831896
v 3.499578 2.411773 7.546880
v 4.088630 1.888976 7.076128
v 5.036617 1.117929 6.209307
v 4.803748 0.297843 6.676878
v 4.065929 0.282565 7.610548
v 4.399905 -0.371276 7.174525
v 4.959108 -0.296804 5.992856
v 4.534855 -1.259690 6.573860
v 3.955424 4.406240 7.751182
v 5.560181 0.288517 3.013633
v 5.471316 -0.444313 2.481693
v 5.570104 0.183150 2.353844
v 4.892162 4.264263 5.768926
v 4.851748 5.791462 5.473147
v 4.496205 5.333193 6.445626
v 5.279890 0.738832 5.502465
v 5.514419 1.708322 4.448667
v 5.288578 1.857689 5.289534
v 1.515252 7.177664 8.260231
v -0.018138 8.696465 7.472481
v -0.014537 7.291416 8.474013
v 4.834085 3.081446 6.100048
v 5.109768 3.053470 5.325047
v 4.145813 2.432737 6.879086
v 4.584419 3.038435 6.682698
v 5.369774 2.999925 4.370750
v 5.648054 1.555930 3.545918
v 5.571106 2.956239 3.157399
v 2.803670 6.842695 7.768099
v 1.745454 8.445094 7.191642
v 4.155845 6.877206 6.107176
v 3.801214 6.202892 7.126679
v 4.495251 3.797635 7.103271
v 4.184106 4.896451 7.180008
v -0.041095 5.080235 9.065242
v 2.131694 4.973062 8.753997
v 1.124502 5.059874 8.987411
v 3.080981 4.802598 8.322293
v 2.441475 5.808550 8.410636
v -0.026048 5.986546 8.881866
v 1.310003 5.951230 8.762460
v 3.425101 5.481370 7.833240
v 4.663778 4.046559 6.492713
v 5.393945 0.489229 4.711946
v 4.986349 -0.981919 5.140531
v 5.401872 -0.511286 3.148747
v 5.502834 0.418463 3.838702
v 5.247638 -0.610876 4.021494
v 5.477604 4.674366 3.801116
v 3.134536 7.773076 6.675406
v 3.566245 2.694219 7.365336
v 3.526156 2.699114 7.381510
v 3.558021 2.653392 7.360603
v 3.523188 2.664227 7.379664
v 3.624812 2.631248 7.321198
v 5.181509 4.441424 4.852095
v 5.189351 6.225748 4.379936
v 5.669162 1.183676 2.703056
v 4.455036 7.427794 4.886797
v 1.865183 9.257468 5.718176
v -0.020568 9.610670 5.960091
v 3.358846 8.484921 5.284622
v -1.695205 -0.878642 8.517617
v -1.598426 -0.207840 8.557423
v -2.068446 -0.550929 8.440928
v -1.906701 0.207537 8.526592
v -2.173305 -1.286698 8.400480
v -2.551835 -1.020991 8.329699
v -2.484301 -0.093233 8.438021
v -1.327326 0.253657 8.819078
v -3.022341 -0.646308 8.261267
v -3.888202 -0.889033 7.597072
v -3.386226 -1.296966 7.918668
v -3.515870 -0.175819 8.000675
v -2.888255 0.513968 8.167499
v -2.123224 0.696522 8.357802
v -1.439215 0.540425 8.689323
v -1.146609 0.867534 8.951480
v -1.590400 0.951358 8.485070
v -0.852723 2.784033 8.336096
v -1.005327 2.296492 8.018464
v -0.861269 2.174787 8.450850
v -1.853514 3.349239 8.179995
v -1.220147 3.290493 8.395533
v -1.789713 3.607180 8.466657
v -3.904858 2.416319 7.108068
v -3.710164 2.219153 7.335189
v -3.780184 2.461958 7.218885
v -3.561717 0.885086 7.804850
v -2.741901 1.143310 8.005521
v -3.276180 1.362278 7.795920
v -3.563088 3.873003 8.144286
v -3.854779 3.163798 7.660439
v -3.350738 3.540843 8.123631
v -3.065710 2.319570 7.809350
v -2.530343 2.214570 7.992465
v -2.508893 2.273399 7.951612
v -1.646881 1.982781 7.926624
v -1.284728 1.922053 7.998686
v -1.377995 2.132879 7.887568
v -1.905654 3.146820 8.027571
v -2.526718 3.162739 8.116252
v -1.923273 3.036516 7.993272
v -3.666546 2.364096 7.369001
v -3.707446 2.508793 7.287210
v -0.978341 4.213613 9.039524
v -1.051479 3.471245 8.693191
v -0.614580 3.557213 8.929713
v -1.439513 2.264662 7.826215
v -1.156054 2.349281 7.850513
v -1.241329 2.392438 7.758124
v -4.880323 1.962470 5.973611
v -4.529830 1.460755 6.735236
v -4.484003 2.192109 6.520929
v -1.566676 2.687253 7.724136
v -1.329490 2.523568 7.667005
v -1.531538 2.741008 7.787014
v -3.483391 2.736971 7.550804
v -3.109902 2.917750 7.827804
v -3.162291 2.975047 7.917233
v -1.297593 2.409076 7.676913
v -1.382863 2.508141 7.622862
v -3.695696 2.999226 7.656898
v -3.220108 3.129261 7.978343
v -3.249071 3.283102 8.048043
v -1.791335 4.039016 8.816347
v -0.932681 1.588983 8.924483
v -1.231596 1.649832 8.308604
v -1.219728 1.263449 8.669598
v -3.949141 1.326678 7.414079
v -3.655945 1.693227 7.495104
v -0.692301 2.909167 8.676568
v -2.017904 2.164518 7.965754
v -2.079575 1.871402 7.964353
v -4.031682 0.271770 7.571408
v -2.491650 3.037545 8.003400
v -1.930581 2.967355 7.942543
v -2.513634 3.107512 8.072595
v -2.122321 1.531449 7.988990
v -2.644775 1.842710 7.942058
v -2.679548 1.534320 7.925825
v -3.527890 2.778851 7.592796
v -5.579580 1.588614 1.733976
v -5.530057 1.138173 2.769957
v -5.577076 2.054101 2.353286
v -0.641622 2.390372 8.852923
v -3.616031 2.490907 7.390733
v -3.629917 2.561028 7.354825
v -2.145373 1.157986 8.121079
v -1.633685 2.204019 7.885056
v -2.003147 2.258283 7.948588
v -1.455029 2.327203 7.773121
v -1.633710 2.352961 7.788645
v -1.629240 2.304561 7.838899
v -1.360762 3.100109 8.080207
v -1.465293 2.904932 7.881132
v -3.174173 1.677797 7.769210
v -2.561681 3.444256 8.222859
v -2.594578 3.718372 8.377859
v -3.465726 2.442954 7.564590
v -3.097406 2.272230 7.845767
v -1.036596 2.723826 7.994513
v -3.519299 2.129370 7.554598
v -2.538477 3.258918 8.140501
v -3.565099 2.536279 7.416067
v -3.435710 2.489712 7.532248
v -3.529282 2.562480 7.425467
v -1.191455 2.624073 7.814072
v -1.291667 2.563014 7.735412
v -1.268798 2.404364 7.715546
v -1.460898 2.360558 7.703178
v -3.730262 2.641306 7.341181
v -3.609476 2.882431 7.622419
v -1.494585 2.807935 7.831349
v -1.645355 1.671625 8.000543
v -1.948303 2.900674 7.902995
v -3.133511 2.186219 7.844895
v -3.505453 2.340193 7.567698
v -3.814777 2.683330 7.307554
v -3.191922 3.043242 7.952850
v -1.637117 1.335611 8.216128
v -3.150936 1.938916 7.795559
v -2.744753 4.133098 8.552483
v -0.412681 2.996084 8.943690
v -4.214847 2.827436 7.101418
v -3.958188 2.738080 7.251740
v -1.993047 2.316211 7.913529
v -2.565150 2.115157 8.000396
v -3.549825 1.933294 7.525655
v -3.816017 2.044688 7.259243
v -4.071693 1.811129 7.082565
v -4.423410 0.771141 7.128564
v -4.954353 1.045387 6.172669
v -4.730754 0.266670 6.618311
v -4.346290 -0.353321 7.105034
v -4.837249 -0.309724 5.904126
v -4.154333 3.408280 7.566050
v -3.914114 4.333219 7.810277
v -4.428186 3.702532 7.141140
v -5.286420 -0.543195 2.461323
v -5.399443 0.217534 3.012672
v -5.432127 0.108290 2.394913
v -4.824488 5.732207 5.458427
v -4.748725 4.160885 5.779335
v -4.430219 5.260217 6.463966
v -5.367335 1.629050 4.443738
v -5.156332 0.672962 5.447262
v -5.162940 1.765627 5.273683
v -1.540691 7.159765 8.256157
v -4.716681 2.963795 6.110289
v -4.951050 2.945014 5.326581
v -4.128054 2.339299 6.896733
v -4.517065 2.925743 6.707515
v -5.216733 2.916480 4.387849
v -5.496967 1.495510 3.574132
v -1.778328 8.426526 7.181231
v -2.818290 6.809240 7.764041
v -4.161779 6.832165 6.088166
v -3.791203 6.155784 7.136673
v -4.113444 4.816414 7.228819
v -4.541602 3.937137 6.517619
v -2.169185 4.945990 8.840713
v -1.190810 5.045999 9.042676
v -3.071173 4.769840 8.405420
v -2.459956 5.774166 8.455058
v -1.351605 5.930670 8.789865
v -3.403889 5.435174 7.889038
v -5.239348 0.423623 4.653357
v -4.795130 -0.983574 5.011932
v -5.192257 -0.595089 3.079315
v -5.335901 0.348440 3.801503
v -5.423631 4.611012 3.801147
v -5.451959 2.908900 3.224560
v -3.156835 7.739531 6.658226
v -5.038844 -0.664920 3.918107
v -3.578520 2.626412 7.407290
v -3.540135 2.631397 7.423019
v -3.451704 2.698529 7.511564
v -3.567062 2.584711 7.396966
v -3.534491 2.595919 7.417065
v -5.181528 6.169500 4.355525
v -5.070934 4.359967 4.852406
v -4.465322 7.380188 4.864680
v -1.901415 9.237907 5.708129
v -3.383666 8.449385 5.268075
v -3.637914 2.624401 7.378919
v -5.507718 0.842961 2.169042
v 1.413203 -0.136774 8.810641
v 1.337433 -0.299726 9.086335
v 1.332689 -0.409850 8.900273
v 1.088676 0.022361 9.854256
v 1.277802 0.136199 9.372304
v 1.097593 0.300661 9.775905
v 1.113768 0.582909 9.127375
v 0.014781 -0.772041 9.575314
v 0.263084 -0.603828 9.651101
v 0.015238 -0.620025 9.757102
v 0.515368 -0.704974 9.353048
v 0.285485 -0.938701 9.458143
v 0.553992 -0.923641 9.331357
v 1.176439 0.420796 9.235114
v 1.080113 0.436959 9.644922
v 1.225603 0.308797 9.298945
v 0.286176 -0.254579 10.432730
v 0.584791 -0.059198 10.411950
v 0.340926 -0.062347 10.634600
v 0.896410 0.173058 10.217540
v 0.645489 -0.116114 10.149860
v 0.247062 -0.487866 9.895829
v 0.013898 -0.512673 10.000380
v 0.424317 0.921811 10.494310
v 0.767046 0.567780 10.370980
v 0.745369 0.808378 10.166020
v 0.709177 0.219432 10.493640
v 0.396378 0.236292 10.766690
v 1.015499 -0.230452 9.535381
v 0.758886 -0.075912 9.709659
v 0.773439 -0.109699 9.454281
v 0.004389 -0.047488 10.750100
v 0.278022 -0.760786 9.520771
v 0.013368 -0.943650 9.480973
v 1.021665 -0.568559 9.041055
v -0.019420 1.265133 10.326330
v -0.010128 0.943437 10.621650
v 0.433656 -0.529282 9.446542
v 1.252838 -0.141444 9.457873
v 0.952133 -0.400438 9.201415
v 0.271113 -0.380602 10.176580
v 0.424871 0.613362 10.706330
v 1.089610 -0.810766 8.868631
v 0.007373 -0.252285 10.535640
v 0.900616 -0.133939 9.867694
v 1.398424 -0.067498 8.987547
v 1.344642 0.156972 8.906161
v 1.358368 0.125402 8.993420
v 0.936853 0.657147 9.792507
v 0.705382 1.065796 9.908925
v 0.900879 0.876246 9.551831
v 0.919039 0.482196 10.108450
v 0.764159 -0.645088 9.159531
v 0.703091 -0.425247 9.225522
v 0.465498 -0.210743 10.299080
v 0.389202 1.213612 10.218960
v 0.820908 -0.894400 9.109273
v 0.345090 -0.377802 9.764764
v -0.026962 1.658136 9.968679
v 0.654865 1.415939 9.581228
v 0.889514 1.182146 9.252475
v 0.362485 1.590622 9.859728
v -0.003216 0.641252 10.818760
v 0.640366 1.867292 9.227458
v 0.352583 2.044501 9.498782
v -0.026418 2.110483 9.612521
v -0.019036 2.555583 9.279810
v 0.349804 2.500746 9.170722
v 0.459408 -0.323200 9.397607
v 0.760003 -0.221234 9.279013
v 0.627125 -0.043050 9.848994
v 0.440517 -0.072009 9.750294
v 0.421104 -0.239210 10.058280
v 0.612583 -0.275359 9.279796
v 0.398841 -0.227203 9.598833
v 0.010932 -0.400066 10.274700
v -1.322121 -0.299414 9.066167
v -1.408903 -0.123755 8.798319
v -1.321430 -0.404281 8.873578
v -1.269890 0.131754 9.368080
v -1.077299 0.010622 9.844964
v -1.095016 0.289198 9.771726
v -1.115248 0.571536 9.144456
v -0.228031 -0.611369 9.647826
v -0.245358 -0.761411 9.512360
v -0.257403 -0.931221 9.443831
v -0.483145 -0.712106 9.345097
v -0.534284 -0.920088 9.315410
v -1.081471 0.425416 9.646636
v -1.176278 0.413809 9.246508
v -1.223278 0.303298 9.304119
v -0.270539 -0.263449 10.432490
v -0.573988 -0.072448 10.409510
v -0.448147 -0.221318 10.299140
v -0.889900 0.158687 10.210410
v -0.704213 0.204351 10.486700
v -0.216148 -0.497023 9.895885
v -0.443503 0.914457 10.489000
v -0.771234 0.553764 10.361830
v -0.430833 0.603887 10.700100
v -0.331784 -0.073153 10.632040
v -0.988589 -0.243606 9.526030
v -0.723435 -0.088835 9.707147
v -0.879349 -0.146419 9.861714
v -0.393472 0.224887 10.761630
v 0.001296 0.249167 10.874890
v -1.003522 -0.581630 9.019532
v -0.921401 -0.417361 9.189826
v -0.393583 -0.540178 9.442191
v -1.236468 -0.147871 9.444600
v -0.247777 -0.388667 10.177870
v -1.087089 -0.805597 8.827507
v -1.343923 0.162839 8.911300
v -1.389357 -0.060816 8.977597
v -1.354365 0.129858 8.995194
v -0.736850 1.053142 9.910493
v -0.945716 0.644017 9.793640
v -0.760684 0.796160 10.161100
v -0.918234 0.860644 9.561216
v -0.921101 0.468578 10.101390
v -0.736947 -0.660703 9.147777
v -0.661268 -0.443108 9.220927
v -0.626489 -0.127179 10.148420
v -0.393937 -0.248818 10.058700
v -0.426288 1.207353 10.216740
v -0.810905 -0.897182 9.082438
v -0.307146 -0.388785 9.762865
v -1.353583 -0.545312 8.620978
v -0.699431 1.398212 9.589905
v -0.916586 1.157782 9.268543
v -0.414809 1.581898 9.862632
v -0.685416 1.843136 9.238108
v -0.404577 2.031887 9.504251
v -0.386725 2.487959 9.173513
v -0.409497 -0.336381 9.394111
v -0.713940 -0.238521 9.275705
v -0.592230 -0.053835 9.848341
v -0.398621 -0.083467 9.750490
v -0.351182 -0.239925 9.595843
v -0.562959 -0.291134 9.277083
v -0.730289 -0.124904 9.451496
v 1.937304 -2.302358 8.394654
v 2.145785 -2.462066 8.092203
v 2.060111 -2.173719 8.429673
v 2.793084 -3.017479 7.872972
v 3.058540 -3.706421 7.516335
v 3.392991 -2.943045 7.516263
v 0.414052 -1.956839 9.394627
v 0.013462 -2.151357 9.314497
v 0.403670 -2.162850 9.272566
v 1.259447 -2.151223 8.969455
v 1.685546 -2.089912 8.740494
v 1.330617 -1.918471 9.028784
v 0.906886 -1.779142 9.281250
v 1.344010 -1.616215 8.981553
v 0.899813 -1.488556 9.226862
v 0.833488 -2.215732 9.102481
v 0.872101 -2.044232 9.215226
v 1.778614 -2.450538 8.249857
v 1.939570 -2.498822 8.088369
v 1.845514 -2.396246 8.313858
v 1.566628 -2.830418 8.607167
v 1.770655 -2.576649 8.225555
v 1.478781 -2.673226 8.611245
v 1.348703 -2.453264 8.465047
v 1.677082 -2.493980 8.171641
v 1.384237 -2.441962 8.496829
v -0.016330 -3.460748 9.208453
v 0.400047 -3.099618 9.393405
v -0.009869 -3.112264 9.432989
v 1.348459 -2.489390 8.503433
v 1.717474 -2.535235 8.207736
v 1.660340 -2.510088 8.168670
v 0.003631 -2.642527 9.317375
v 0.389266 -2.836664 9.378641
v 0.375019 -2.620406 9.283946
v 1.844850 -2.632906 8.221583
v 2.028296 -2.484162 8.092148
v 0.818697 -2.797159 9.224691
v 1.033084 -2.411043 8.730780
v 0.752047 -2.354111 8.952000
v 0.722795 -2.375320 8.910869
v 0.857790 -3.069181 9.222606
v 0.424963 -3.439037 9.188777
v 0.893864 -3.364965 9.090582
v 1.416438 -2.563856 8.577636
v 1.873332 -2.502324 8.072872
v 1.118263 -2.588609 8.906126
v 1.753413 -1.864597 8.732617
v 1.246126 -2.974696 8.948709
v 0.017796 -1.517204 9.404423
v 0.425671 -1.680872 9.449553
v 0.420744 -1.416085 9.397462
v 3.817924 -3.527773 6.779140
v 3.992436 -2.722566 6.901711
v 1.318865 -3.205890 8.855984
v 1.658968 -2.973589 8.540743
v -0.003874 -2.864667 9.414298
v 0.011282 -1.706940 9.478542
v 1.938611 -2.688675 8.192739
v 0.019605 -2.336804 9.099564
v 1.581468 -2.265394 8.677506
v 1.181010 -2.291323 8.870209
v 1.483113 -2.366406 8.599151
v 0.017097 -2.435925 9.093253
v 1.068642 -2.392134 8.763854
v 1.753341 -2.496857 8.010262
v 1.630046 -2.501578 8.138195
v 1.336308 -2.474917 8.476098
v 1.033402 -2.462011 8.801276
v 0.702163 -2.404162 8.938846
v 0.719375 -2.435766 8.999368
v 1.799129 -2.499030 8.035632
v 0.372232 -2.398541 9.010238
v 0.374768 -2.441715 9.100112
v 0.773323 -2.602038 9.154494
v 0.393567 -2.346535 9.070050
v 0.022394 -2.395327 9.015332
v 2.643761 -2.417348 8.082899
v 2.842590 -1.687263 8.199367
v 2.482650 -1.879245 8.344868
v 0.550319 -1.159598 9.346658
v 2.343608 -2.898259 8.035703
v 2.406432 -3.555147 8.007352
v 1.966239 -4.027750 8.315343
v 2.012376 -3.353766 8.264886
v 1.615699 -3.753485 8.564284
v 2.332934 -2.440516 8.106735
v 2.243354 -2.033217 8.416127
v 2.517494 -4.470770 7.823322
v 1.875654 -1.599220 8.656433
v 2.102569 -2.782107 8.125183
v 1.791375 -3.143036 8.427331
v 1.355344 -4.351883 8.769687
v 1.114854 -3.989297 8.836329
v 1.428355 -3.459041 8.723624
v 0.962526 -3.663498 8.941251
v 0.274431 -1.129872 9.425897
v 0.707993 -4.555502 9.180296
v -0.043150 -5.140110 9.312119
v 0.846970 -5.080300 9.188904
v 1.344046 -1.207060 8.851755
v 3.358906 -1.392584 7.993878
v 1.641253 -4.812059 8.652416
v 0.474148 -3.768922 9.040285
v 3.000042 -2.365492 7.946740
v 3.513387 -2.220207 7.641146
v 0.240167 -1.294579 9.407680
v 0.013213 -1.135909 9.421412
v 0.017870 -1.335587 9.387863
v 1.662207 -5.429411 8.456157
v 0.765783 -6.003419 8.475651
v 1.455394 -5.866212 8.077874
v 0.898521 -1.187205 9.141395
v 2.420256 -5.185230 7.651638
v -0.031156 -4.196115 9.175958
v 0.565761 -4.149509 9.062827
v -0.021829 -3.806860 9.081820
v 2.086835 -5.767983 7.325271
v 1.242044 -6.054924 7.709087
v 1.574615 -6.104908 7.086299
v 2.778213 -5.634774 6.327960
v 3.340402 -4.915054 6.554068
v -0.030295 -5.697725 9.079145
v 3.622360 -4.211684 6.681628
v 4.054341 -1.903504 7.156053
v 4.460160 -2.926735 5.857113
v 0.875262 -6.291534 7.087609
v 0.712196 -6.155707 7.867869
v 2.083324 -6.119073 6.137586
v 0.101137 -6.370792 7.059978
v 1.161632 -6.441140 6.241010
v 0.859900 -5.643233 8.954210
v -0.014026 -6.024479 8.611395
v 0.016481 -6.205115 7.955756
v 0.187798 -6.553105 6.296696
v 4.536933 -2.129911 6.110816
v 4.288988 -3.684377 5.672801
v 3.947958 -4.471833 5.467189
v 4.731390 -2.965203 4.658946
v 4.865014 -2.088147 4.908854
v 3.368562 -5.260216 5.167117
v 2.675504 -6.088268 4.827321
v 1.505758 -6.750928 5.366910
v 0.303712 -6.932988 5.500100
v 4.471820 -3.714776 4.363613
v 3.984074 -4.486268 3.916290
v 4.813680 -2.437780 1.888141
v 4.503032 -2.831339 0.738514
v 4.628298 -2.185200 0.922634
v 5.276562 -1.188905 3.109983
v 4.407684 -3.749860 0.438335
v 4.489407 -3.396905 2.377249
v 4.120728 -4.440681 1.944077
v 4.926969 -1.919628 1.492975
v 4.837073 -1.830590 0.911553
v 5.109494 -1.536112 3.948288
v 5.228732 -1.432118 2.330547
v 5.004036 -2.199703 2.538252
v 5.087748 -1.771026 2.049156
v 3.569644 -5.295469 3.386362
v 4.994660 -2.270325 3.726418
v 4.807119 -2.894070 3.265620
v 0.377044 -2.378279 8.993797
v 0.023284 -2.379545 9.021850
v 1.181485 -2.757746 8.957531
v -0.043355 -4.626152 9.304716
v 5.356176 -0.982743 2.470174
v 5.156817 -1.756953 2.924417
v 1.013369 -2.436443 8.754208
v -2.000019 -2.181109 8.264150
v -2.196060 -2.335084 7.953053
v -2.079803 -2.358083 7.957251
v -3.036848 -3.609496 7.374505
v -2.818510 -2.903386 7.714438
v -3.390550 -2.816901 7.344812
v -0.401088 -1.937245 9.385185
v -0.380582 -2.142911 9.264667
v -1.287784 -2.077027 8.899010
v -1.733036 -1.988702 8.615838
v -1.629198 -2.167858 8.571619
v -1.358962 -1.546648 8.894690
v -0.921954 -1.727589 9.239407
v -0.909106 -1.447342 9.179669
v -0.826871 -2.166802 9.075456
v -0.877706 -1.994460 9.183088
v -1.989794 -2.373440 7.961215
v -1.823512 -2.332829 8.136446
v -1.901991 -2.276964 8.194138
v -1.815846 -2.457285 8.093514
v -1.589152 -2.727439 8.504301
v -1.497218 -2.565867 8.513786
v -1.389843 -2.344151 8.421893
v -1.644718 -2.395359 8.043447
v -1.347008 -2.357703 8.392647
v -0.422983 -3.073443 9.385710
v -0.457472 -3.412213 9.185045
v -1.680364 -2.398295 8.062538
v -1.425792 -2.456302 8.486070
v -1.345987 -2.388239 8.423484
v -2.113882 -2.050525 8.285891
v -1.782811 -1.765090 8.603448
v -0.400311 -2.808458 9.370760
v -0.368127 -2.591813 9.275954
v -1.894319 -2.521710 8.075614
v -0.822799 -2.733929 9.196840
v -0.767599 -2.539152 9.125347
v -0.732704 -2.307684 8.930855
v -1.019884 -2.336591 8.686747
v -0.699268 -2.330735 8.891241
v -0.871524 -3.007753 9.196857
v -0.918627 -3.304194 9.063879
v -1.753862 -2.415318 8.087782
v -1.917511 -2.379358 7.954225
v -0.418234 -1.661173 9.433365
v -1.112852 -2.495761 8.847291
v -1.359306 -1.840484 8.942843
v -1.257068 -2.882044 8.892998
v -3.729161 -3.418782 6.600616
v -1.333530 -3.117960 8.798183
v 0.011160 -1.940675 9.442199
v -1.988128 -2.582007 8.038586
v -1.513312 -2.268945 8.510670
v -1.823016 -2.385802 7.928115
v -1.696603 -2.384975 8.070154
v -1.060804 -2.316310 8.719776
v -1.764724 -2.389521 7.908627
v -1.638108 -2.395225 8.040335
v -1.330633 -2.375293 8.399672
v -1.019930 -2.378669 8.751306
v -0.679720 -2.357688 8.916827
v -0.996985 -2.356144 8.709169
v -0.701568 -2.383780 8.974306
v -0.336054 -2.376658 9.005611
v -0.359380 -2.326347 9.063842
v -0.346777 -2.417454 9.093585
v -1.193983 -2.215997 8.813468
v -2.684327 -2.284670 7.923934
v -2.885362 -1.570758 8.085498
v -3.040731 -2.227617 7.784019
v -0.541043 -1.145457 9.322178
v -0.901580 -1.165387 9.098045
v -2.380410 -2.787521 7.888074
v -2.416198 -3.460737 7.892031
v -2.032518 -3.258246 8.164544
v -1.985020 -3.963843 8.252625
v -2.519389 -1.755404 8.199538
v -2.380511 -2.311794 7.961232
v -2.285462 -1.909719 8.264488
v -2.494672 -4.420814 7.744195
v -1.900426 -1.505912 8.532983
v -2.146323 -2.675405 7.972763
v -1.642734 -3.679361 8.513920
v -1.398146 -4.313808 8.753256
v -1.157710 -3.940329 8.821042
v -1.448171 -3.377112 8.670303
v -0.997900 -3.606864 8.920884
v -0.247212 -1.117990 9.406680
v -0.779275 -4.544354 9.192594
v -0.925104 -5.070221 9.189251
v -1.353963 -1.160648 8.780079
v -1.809139 -3.048076 8.324129
v -1.678520 -4.790875 8.632478
v -0.518438 -3.742522 9.046273
v -0.207036 -1.285994 9.387532
v -1.453393 -5.879594 8.070506
v -0.924366 -5.639865 8.941608
v -1.691563 -5.432322 8.445725
v -2.376440 -5.172845 7.606579
v -1.677909 -2.874893 8.434351
v -0.621159 -4.127924 9.075888
v -0.407262 -1.399888 9.374546
v -2.001941 -5.769230 7.295160
v -1.188553 -6.067014 7.697696
v -2.574798 -5.616659 6.244534
v -3.193512 -4.867021 6.429560
v -3.502278 -4.127942 6.523067
v -3.528165 -2.087479 7.492318
v -3.931493 -2.598932 6.722049
v -4.010036 -1.792779 7.018353
v -4.286006 -2.836986 5.659658
v -0.698785 -6.303311 7.072862
v -1.431681 -6.115664 7.062023
v -0.672138 -6.162151 7.859973
v -0.793953 -6.007679 8.466756
v -1.795388 -6.123576 6.079983
v -0.816905 -6.458525 6.209588
v -4.438017 -1.201112 6.457971
v -4.398264 -2.046048 5.943696
v -4.079162 -3.605254 5.476065
v -3.708001 -4.426440 5.301114
v -4.459886 -2.925237 4.465379
v -3.044573 -5.235642 5.039088
v -2.196000 -6.070677 4.725534
v -0.955676 -6.743191 5.303500
v -4.165998 -3.680719 4.183042
v -3.606751 -4.465742 3.768196
v -4.297159 -2.865852 0.773708
v -4.603135 -2.526492 1.817653
v -4.510941 -2.233333 0.958282
v -5.027790 -1.276487 2.991256
v -4.858381 -1.573694 3.796358
v -4.026894 -3.780314 0.459860
v -4.183440 -3.428962 2.285248
v -4.802027 -2.030128 1.452821
v -4.632097 -2.058839 4.732872
v -4.743050 -2.292243 2.406662
v -4.997626 -1.565685 2.230381
v -4.880805 -1.910530 1.952812
v -3.076695 -5.289662 3.275364
v -4.711059 -2.300699 3.552309
v -4.887819 -1.848545 2.780819
v -0.338307 -2.357946 8.989196
v -1.184774 -2.662531 8.900522
v -5.134676 -1.102387 2.398124
v -4.501281 -2.922323 3.102592
v -3.699857 -4.473721 1.892824
v 2.455157 2.691744 7.977360
v 1.936876 2.637515 7.908885
v 1.583198 2.550006 7.726618
v 1.471995 2.513888 7.638615
v 1.403883 2.571078 7.629925
v 3.046190 2.705252 7.800108
v 3.420219 2.678559 7.474730
v 3.428165 2.763643 7.470572
v -2.490842 2.645941 8.000636
v -1.974943 2.588389 7.931973
v -1.596452 2.501742 7.735128
v -3.068796 2.642756 7.827635
v -1.463078 2.464272 7.633363
v -3.436999 2.610019 7.509195
v 1.637028 -2.499612 8.140232
v 5.953395 2.304640 0.236150
v 5.942211 2.083612 0.586075
v 5.973153 2.126708 0.196971
v 5.556290 -0.436186 1.519527
v 5.590383 0.085015 1.849916
v 5.494847 -0.422033 1.963023
v 5.873469 0.467595 -1.399307
v 6.043046 -0.213038 -1.404118
v 5.766205 -0.262742 -1.183710
v 6.031113 2.207061 -0.272971
v 5.864978 1.812805 -0.565101
v 5.925949 2.051092 -0.144450
v 5.127088 -1.841506 0.798281
v 4.863055 -1.605567 0.326839
v 5.149232 -1.584116 0.319688
v 5.918430 2.023052 -0.629575
v 5.694965 0.428588 -0.952476
v 5.459110 -0.087482 -0.820671
v 5.647993 0.545073 -0.973213
v 5.619894 -0.647788 0.184339
v 5.832540 -0.917989 0.206303
v 5.748728 -0.701137 0.107914
v 5.039092 -1.185004 -0.177296
v 5.381102 -0.803651 -0.479278
v 5.244151 -1.220841 -0.126002
v 5.545285 -0.423794 -0.174680
v 5.426555 -0.472122 0.224213
v 5.477355 -1.897938 0.187879
v 5.563033 -1.414515 -0.482015
v 5.547854 -0.522753 0.566336
v 5.807519 1.257174 -0.887303
v 5.977043 1.966345 -0.854430
v 5.935695 1.305762 -1.298193
v 6.005127 0.089306 -0.732807
v 6.000096 0.608983 -1.216625
v 5.971342 0.686554 -0.893019
v 6.007799 1.795576 0.107144
v 5.875441 1.569517 0.196507
v 5.843079 1.578028 0.073173
v 5.985084 1.792218 -0.834422
v 5.899798 1.266914 -0.929785
v 5.937486 1.290394 -1.163508
v 5.833369 0.800292 -0.601376
v 5.644524 1.169158 -0.038472
v 5.567473 0.670234 -0.369310
v 5.849476 -1.418551 -0.566475
v 5.822459 -1.562315 0.211835
v 5.711069 -1.805793 0.214929
v 5.319347 -2.022405 1.189100
v 5.419812 -2.048269 0.812632
v 5.916585 -1.064203 -0.314357
v 5.840860 -1.182106 0.250742
v 6.157882 0.546344 -1.520004
v 6.168260 1.333053 -1.374272
v 5.882236 1.808848 -0.539530
v 6.032661 1.953932 -0.415298
v 5.638749 -0.929497 -0.845464
v 5.961008 -0.964325 -1.003913
v 6.097343 2.203694 0.198738
v 5.702010 -1.582692 0.776462
v 5.588372 -1.931187 0.773502
v 5.679198 0.210912 -0.606244
v 5.474226 0.253988 -0.479386
v 5.779776 1.336731 -0.636427
v 5.708785 1.365366 -0.163956
v 6.066451 -0.034206 -0.990905
v 6.158127 0.640059 -1.366331
v 6.139920 2.011895 -0.007674
v 6.042176 1.902975 -0.135708
v 5.956030 -1.267244 -0.463305
v 6.055901 -0.887010 -0.886167
v 6.143635 2.058647 -0.344674
v 6.162843 1.980961 -0.873742
v 6.165276 2.167974 -0.309981
v 5.666008 -0.251500 -0.468625
v 5.741800 -0.553611 -0.186274
v 5.670671 0.502131 1.152100
v 5.585945 0.772080 0.559685
v 5.677844 1.087813 0.842943
v 5.451366 0.594893 -0.183367
v 5.349560 0.252425 -0.181412
v 6.115082 1.865081 -0.857964
v 6.160600 2.127187 0.103891
v 6.073024 1.902923 0.227767
v 5.803935 1.612395 -0.177270
v 5.906907 1.557013 0.356896
v 5.974909 -0.423185 -0.491625
v 5.905649 -0.780201 -0.170372
v 5.906541 1.681060 -0.788109
v 5.813769 1.389370 -0.922283
v 5.377269 -1.808424 1.355285
v 5.716630 1.131241 0.417420
v 5.613559 1.014113 0.152133
v 5.724496 -0.806101 0.587180
v 5.756678 -1.162871 0.712155
v 6.149720 -0.183259 -1.228785
v 6.019111 -0.655296 -0.682360
v 6.137143 1.301991 -1.259917
v 5.669485 -0.011541 1.442904
v 5.603645 0.671223 1.577879
v 5.678397 1.327309 1.169185
v 5.330432 -0.246904 -0.105526
v 5.444172 -0.110678 -0.393197
v 5.329243 -0.050153 -0.290855
v 5.846064 1.754109 -0.320418
v 5.856119 1.757835 0.870508
v 6.067981 2.020277 0.511556
v 5.876333 1.531400 0.610854
v 5.919815 2.236931 0.624321
v 5.172384 -1.641108 1.640578
v 5.140683 -1.906544 1.363386
v 5.621201 -0.819058 1.096608
v 5.411403 -1.027843 1.447146
v 5.567188 -1.172696 1.110243
v 5.663354 -0.469338 1.086014
v 5.818962 2.030347 1.124597
v 5.366239 -0.868437 1.964399
v 5.242328 -1.268422 1.865311
v 5.443307 -0.820261 1.515817
v 6.103845 1.986661 0.315140
v 5.971761 2.306949 -0.142555
v 5.460367 -1.489084 1.306150
v 5.716202 -0.099925 1.007525
v 5.645365 0.333465 0.801195
v 5.560989 -0.186280 -0.798316
v 5.236131 -0.684836 -0.542596
v 5.590982 -0.152944 0.689445
v 5.412033 0.142054 0.500447
v 5.226782 -0.014335 -0.043851
v 5.261447 -0.251774 0.168379
v 5.394214 -0.309448 0.415075
v 5.420833 -0.170573 0.472468
v 5.226341 -0.054041 0.324847
v 5.257199 0.119511 0.153340
v 5.420232 0.441593 0.230286
v -5.954138 2.232453 0.480706
v -5.874608 2.300882 0.861959
v -5.926049 2.375936 0.488383
v -5.474757 0.005373 1.926021
v -5.443413 -0.541428 1.596961
v -5.343550 -0.527152 1.990666
v -6.186536 -0.118067 -1.109437
v -6.045653 0.570336 -1.055932
v -5.943014 -0.165443 -0.886068
v -6.061785 2.332460 0.057797
v -5.924776 1.929393 -0.241112
v -6.071009 2.087754 -0.493056
v -5.140948 -1.864658 0.865031
v -4.844318 -1.602164 0.433882
v -4.784806 -1.874397 0.955654
v -5.932861 2.112842 -0.346697
v -5.933957 2.157161 0.151485
v -5.958283 2.383881 0.120992
v -5.836399 0.524357 -0.656177
v -5.504363 -0.015923 -0.595316
v -5.698010 -0.102292 -0.542734
v -5.564690 -0.674753 0.376356
v -5.789950 -0.945829 0.361243
v -5.637796 -0.871769 0.725343
v -5.495147 -0.736697 -0.271141
v -5.044984 -1.152159 -0.026006
v -5.335384 -1.172238 0.042159
v -5.379618 -0.508908 0.421153
v -5.491775 -0.429392 0.073547
v -5.547750 -1.863527 0.324782
v -5.208039 -1.560646 0.442857
v -5.436323 -2.071979 0.899748
v -5.448960 -0.566591 0.711441
v -5.918727 1.361958 -0.556950
v -6.078897 1.413260 -0.930484
v -5.995874 0.728299 -0.584521
v -6.084380 0.032025 -0.678214
v -5.993403 0.104137 -0.456493
v -5.831052 1.594846 0.448079
v -5.979719 1.852821 0.390851
v -5.817063 1.605269 0.327914
v -6.039215 1.363218 -0.800609
v -5.963630 1.752031 -0.425666
v -6.035320 1.853044 -0.475074
v -5.818859 0.881332 -0.275040
v -5.641549 1.163998 0.229973
v -5.732672 1.403294 0.127861
v -5.842436 -1.563823 0.350287
v -5.948900 -1.359270 -0.364782
v -5.758941 -1.792904 0.353369
v -5.296493 -2.098663 1.240805
v -5.947896 -1.013345 -0.125117
v -5.873784 -0.749182 0.015231
v -6.301644 0.648860 -1.190653
v -6.293816 1.438271 -1.018363
v -5.931174 1.850414 -0.207240
v -6.069460 2.030297 -0.081465
v -5.796022 -0.841211 -0.603149
v -5.689331 -1.341525 -0.283309
v -6.076965 2.309949 0.487400
v -5.680399 -1.630375 0.885750
v -5.598944 -1.962395 0.874391
v -5.661748 0.221955 -0.300274
v -5.573028 0.709686 -0.054919
v -5.455714 0.250074 -0.181429
v -5.846138 1.340019 -0.317236
v -6.069205 0.688502 -0.872758
v -6.237401 -0.093628 -0.955973
v -6.253840 0.741891 -1.051771
v -6.225423 1.398934 -0.913650
v -6.131753 2.093407 0.291539
v -6.037785 1.968791 0.502926
v -5.962460 1.300063 -0.600802
v -6.077412 -0.888470 -0.762488
v -6.012144 -1.229886 -0.270879
v -6.128380 -0.823710 -0.655996
v -6.252852 2.091083 -0.518659
v -6.174102 2.148117 -0.016266
v -6.197845 2.273877 0.018798
v -5.593027 -0.219685 -0.174069
v -5.700035 -0.546309 0.049937
v -6.026883 -0.567839 -0.415877
v -5.590858 0.455366 1.309182
v -5.527445 0.775343 0.770969
v -5.563579 0.282989 0.983392
v -5.427775 0.562215 0.077376
v -5.303250 0.237477 0.091053
v -6.185056 1.958197 -0.508449
v -6.146120 2.222452 0.397397
v -6.063639 2.060596 0.584732
v -5.805771 1.625129 0.112740
v -5.850084 1.590721 0.612581
v -5.934298 -0.385108 -0.242309
v -5.701895 -0.732991 0.289811
v -5.702993 0.629539 -0.712885
v -5.858020 1.481782 -0.632518
v -5.331807 -1.917932 1.407430
v -5.656201 1.141721 0.645886
v -5.593167 1.029784 0.373010
v -5.821791 -1.201387 0.403868
v -5.507370 0.628361 1.710932
v -5.571690 -0.095973 1.548095
v -5.583341 1.332829 1.351587
v -5.596183 1.086739 1.039410
v -5.291848 -0.292610 0.162417
v -5.392607 -0.111375 -0.091517
v -6.038827 1.972468 0.170788
v -5.779146 1.796450 1.085722
v -6.014707 2.094170 0.764903
v -5.806193 1.561545 0.838392
v -5.893779 2.162019 0.835403
v -5.740360 2.069754 1.329414
v -5.062909 -1.788200 1.622132
v -5.322926 -1.151786 1.510246
v -5.539540 -0.919037 1.177721
v -5.511709 -1.266137 1.206295
v -5.553267 -0.565945 1.203531
v -5.336763 -0.940415 1.575610
v -5.199293 -1.000911 1.954309
v -5.081108 -2.014310 1.370484
v -5.091390 -1.422156 1.838404
v -5.704596 -1.215386 0.825223
v -5.865067 1.771788 -0.011278
v -5.406109 -1.599622 1.376426
v -5.614903 -0.170337 1.146071
v -5.263947 -0.630728 -0.354190
v -5.295653 -0.059998 0.003047
v -5.482651 -0.214910 0.857307
v -5.336442 0.087480 0.693247
v -5.198064 -0.038050 0.218036
v -5.223823 -0.287824 0.402404
v -5.318559 -0.341292 0.620744
v -5.326231 -0.214843 0.677588
v -5.173012 -0.106567 0.544268
v -5.211133 0.081346 0.400825
v -5.353064 0.404722 0.451775
v 4.720851 -1.819977 0.094279
v 5.201305 -0.634814 -0.920163
v 4.833256 -1.361907 -1.046262
v 5.143224 -0.572158 -1.483518
v 6.011954 2.335500 -0.801260
v 6.074845 2.767003 -0.268485
v 5.679666 0.777181 -1.261503
v 5.441277 0.269271 -1.706987
v 5.692520 1.160740 -1.731175
v 5.955578 2.863767 0.888515
v 5.806346 2.576110 1.540552
v 5.883393 1.637327 -1.164198
v 5.714335 5.048542 2.697575
v 5.733757 6.750763 1.940928
v 5.478481 6.565673 3.185033
v 5.058531 8.090070 2.028425
v 4.770314 7.867475 3.513383
v 1.980930 9.922174 3.773961
v 3.793551 9.303813 1.902164
v 2.058650 10.200200 1.712544
v -0.019592 10.260758 3.844309
v -0.015683 10.518360 1.615511
v 3.586153 9.064445 3.652994
v 5.739841 3.596031 2.116807
v 5.296439 7.811671 0.345720
v 4.053606 9.052391 -0.020415
v 5.955564 5.282575 1.617647
v 5.913364 6.505981 0.548829
v 6.118817 5.200984 0.559391
v 5.995083 5.779348 -0.775426
v 2.250842 9.941629 -0.498126
v 4.268546 8.209677 -2.048172
v 2.398962 9.128704 -2.736876
v -0.009936 10.296010 -0.692990
v -0.000855 9.439898 -3.026037
v 5.438147 6.975836 -1.331079
v 6.178265 4.611900 -0.512640
v 5.845750 4.725214 -1.963730
v 4.287910 6.784802 -3.773612
v 5.350483 5.729744 -2.755336
v 2.427876 7.558917 -4.600748
v 0.012042 7.814700 -4.910511
v 4.975848 4.299853 -3.643479
v 2.289493 5.658900 -5.600764
v 0.026240 5.852871 -5.903814
v 3.988286 5.059731 -4.740526
v 3.839814 -2.291520 -2.470078
v 4.572529 -1.376704 -1.781940
v 4.350698 -2.690163 -1.155196
v 3.624513 3.361143 -4.998982
v 5.530376 3.531101 -2.704580
v 4.578825 2.865112 -3.966237
v 2.048585 3.749733 -5.788723
v 0.039251 3.866726 -6.076879
v 4.908920 -0.368258 -2.167820
v 3.033521 0.458163 -4.689035
v 1.459583 -0.669799 -4.869103
v 1.656373 0.600803 -5.260089
v 1.852208 2.079834 -5.620726
v 4.152463 -1.118931 -2.689337
v 3.949318 0.235886 -3.827208
v 2.699607 -0.782639 -4.425204
v 0.048815 2.134953 -5.885334
v 4.485759 -0.026136 -2.924694
v 3.571124 -0.909021 -3.608577
v 5.159997 2.313092 -3.014956
v 5.836068 2.756428 -2.053359
v 5.540440 1.707720 -2.306921
v 2.399903 -1.937206 -4.321159
v 1.318707 -1.836678 -4.707325
v 0.149676 -1.798081 -4.787663
v 0.076833 -0.617811 -4.971227
v 3.243790 -2.073210 -3.526083
v 4.260895 1.496185 -3.964436
v 6.061966 3.734972 -1.466675
v 4.843120 1.105238 -3.061183
v 5.232940 0.651458 -2.338931
v 4.620551 -2.191092 -0.343754
v 4.944947 -1.260761 -0.512552
v 0.056930 0.634193 -5.456490
v 5.457777 0.050753 -1.167477
v 5.925493 2.076226 -1.542110
v 6.103085 2.901910 -1.087596
v 5.972695 3.908861 1.235257
v 6.133639 3.908776 0.424698
v 6.179795 3.549246 -0.377053
v 6.049760 2.938656 0.303373
v 3.326386 1.843210 -4.913633
v -4.642872 -1.815526 0.197684
v -4.886726 -1.226176 -0.366891
v -5.154507 -0.581400 -0.741613
v -4.735186 -1.329995 -0.914628
v -5.993934 2.402115 -0.554112
v -6.043181 2.816416 -0.042277
v -5.659310 0.852234 -1.024786
v -5.364887 0.317905 -1.527539
v -5.424738 0.117617 -0.959218
v -5.903234 2.892271 1.084033
v -5.867025 1.712534 -0.909382
v -5.720739 6.688990 1.920537
v -5.684206 4.989480 2.712114
v -5.469765 6.506752 3.161149
v -5.063257 8.037128 2.003783
v -4.780259 7.816267 3.490678
v -2.015445 9.902349 3.764709
v -3.812646 9.265884 1.885871
v -3.610988 9.027069 3.637239
v -2.087223 10.179820 1.704307
v -5.680062 3.567769 2.219476
v -5.727692 2.594346 1.712951
v -5.290489 7.756655 0.320684
v -5.892631 6.441411 0.534061
v -4.060829 9.011331 -0.037835
v -5.925759 5.224164 1.648547
v -6.085704 5.146404 0.603559
v -5.962398 5.715635 -0.779031
v -2.267194 9.919278 -0.507008
v -4.259358 8.166024 -2.066316
v -2.397298 9.104579 -2.746715
v -5.417273 6.918516 -1.355272
v -5.796478 4.669271 -1.945536
v -6.136985 4.571048 -0.440480
v -4.255064 6.740571 -3.791284
v -5.308660 5.672523 -2.776101
v -2.401466 7.533669 -4.610412
v -4.913869 4.246006 -3.659832
v -2.235616 5.635079 -5.609208
v -3.930583 5.017256 -4.756441
v -4.446901 -1.370619 -1.695442
v -3.534852 -2.324450 -2.463889
v -4.078172 -2.694572 -1.099880
v -3.546602 3.321935 -5.012219
v -4.499675 2.815087 -3.978173
v -5.464238 3.479780 -2.680859
v -1.970447 3.728375 -5.796070
v -5.057687 -0.527831 -1.324543
v -1.542725 0.583292 -5.265568
v -2.541996 -0.811311 -4.434602
v -2.921292 0.425754 -4.699528
v -1.755402 2.060194 -5.627064
v -4.810722 -0.360403 -2.064280
v -4.004621 -1.148764 -2.665586
v -3.839237 0.194204 -3.834639
v -3.412938 -0.946523 -3.617574
v -4.380625 -0.059174 -2.893507
v -5.769434 2.744716 -1.935881
v -5.080122 2.267565 -2.985811
v -5.462147 1.704128 -2.186726
v -1.304373 -0.684996 -4.873843
v -2.086869 -1.962630 -4.331000
v -1.014039 -1.849764 -4.712245
v -2.931372 -2.107280 -3.538333
v -4.166818 1.449788 -3.973737
v -6.009913 3.715877 -1.359208
v -4.751432 1.066172 -3.030332
v -5.144709 0.654887 -2.225922
v -4.477895 -2.179714 -0.248970
v -5.627501 1.209121 -1.532964
v -5.869991 2.116665 -1.340013
v -6.059174 2.930107 -0.899392
v -5.927839 3.887603 1.355398
v -6.091314 3.897280 0.558908
v -6.136742 3.554378 -0.218841
v -6.009567 2.974242 0.511703
v -3.230746 1.807627 -4.925282
v 4.135096 -5.413525 1.569719
v 2.674896 -6.738873 4.069495
v 1.644065 -7.249062 4.771232
v 0.371429 -7.397030 4.992209
v 3.551992 -6.863378 2.478240
v 2.785697 -8.014482 3.134420
v 3.604400 -7.584116 2.134857
v 1.720421 -7.780633 4.271121
v 0.458614 -8.408595 4.135847
v 1.751491 -8.316493 3.881268
v 2.834056 -8.647563 2.808586
v 3.692150 -8.297713 1.825768
v 2.739263 -7.394592 3.535574
v 0.474697 -9.049393 3.792183
v 1.777490 -8.947965 3.532091
v 4.222967 -5.176051 -1.523975
v 3.856990 -5.966512 -3.011762
v 3.680672 -4.784320 -2.730235
v 4.216271 -6.291036 1.228515
v 4.288791 -7.114564 0.891045
v 4.423481 -7.921723 0.581450
v 4.574214 -6.648061 -0.473996
v 4.725606 -7.343523 -2.230241
v 4.231730 -7.127490 -3.444790
v 3.447162 -6.979384 -4.413538
v 3.106714 -5.764039 -3.997072
v 3.655297 -3.551651 -2.537297
v 4.177709 -3.991157 -1.305134
v 3.006228 -3.282763 -3.584745
v 2.230419 -3.120670 -4.369575
v 1.289088 -3.024509 -4.773337
v 0.262949 -2.999972 -4.881970
v 2.213541 -4.377841 -4.466918
v 2.998987 -4.514336 -3.740624
v 1.289137 -4.309441 -4.861818
v 0.351491 -4.300751 -4.973383
v 1.341791 -5.583802 -5.030152
v 0.378226 -5.572772 -5.150883
v 2.288240 -5.648026 -4.647670
v 1.453826 -6.823164 -5.459106
v 0.379485 -6.805406 -5.583224
v 2.499548 -6.879993 -5.077249
v 4.396528 -4.713165 0.134677
v 4.464434 -5.720343 -0.167137
v 3.510329 -6.078766 2.904683
v 4.386039 -6.259856 -1.826625
v 4.804293 -7.608335 -0.814103
v 0.425804 -7.900664 4.509460
v -3.529501 -5.454976 1.529727
v -2.874510 -6.089581 2.818281
v -2.000746 -6.720746 3.967277
v -0.933365 -7.223482 4.698928
v -2.806526 -6.886017 2.411147
v -1.933645 -8.020919 3.062613
v -1.949137 -7.387856 3.445590
v -0.895645 -7.758801 4.211112
v -2.809169 -7.614336 2.084890
v -1.961430 -8.662804 2.752078
v -0.857016 -8.306046 3.837160
v -0.850872 -8.947342 3.498559
v -3.090126 -6.004737 -3.030039
v -3.511985 -5.219532 -1.543343
v -2.976411 -4.822410 -2.748070
v -3.493748 -6.335168 1.195667
v -3.524268 -7.159873 0.864090
v -2.884285 -8.331782 1.786737
v -3.810623 -6.695019 -0.496516
v -3.649473 -7.967053 0.557388
v -3.955044 -7.385951 -2.250577
v -3.620823 -6.303524 -1.847783
v -2.673171 -7.009266 -4.427081
v -2.338889 -5.794209 -4.010863
v -3.113562 -3.589664 -2.550014
v -3.625415 -4.026301 -1.305691
v -2.470166 -3.314903 -3.599438
v -1.694915 -3.143176 -4.381500
v -0.759084 -3.035944 -4.781056
v -2.295196 -4.544900 -3.754880
v -1.508552 -4.399104 -4.475817
v -0.587076 -4.320425 -4.864999
v -0.581480 -5.594636 -5.033908
v -1.521503 -5.669332 -4.656541
v -0.688457 -6.834574 -5.463641
v -1.726313 -6.901394 -5.086377
v -3.811581 -4.753910 0.129786
v -3.745413 -5.766738 -0.187625
v -4.034212 -7.654729 -0.835823
v -3.459037 -7.164751 -3.462192
vt 0.531798 0.505441
vt 0.521543 0.506552
vt 0.525496 0.500868
vt 0.530910 0.518032
vt 0.525659 0.511818
vt 0.531242 0.491524
vt 0.537846 0.495452
vt 0.545714 0.501282
vt 0.538387 0.512179
vt 0.522139 0.519430
vt 0.562814 0.495886
vt 0.555584 0.509578
vt 0.546917 0.522082
vt 0.535312 0.526547
vt 0.524698 0.523722
vt 0.527942 0.531168
vt 0.519521 0.528577
vt 0.522009 0.535309
vt 0.523221 0.551639
vt 0.518323 0.557459
vt 0.518426 0.548862
vt 0.520938 0.565745
vt 0.530238 0.567077
vt 0.527376 0.572307
vt 0.567912 0.556823
vt 0.563941 0.552939
vt 0.566208 0.549912
vt 0.558549 0.527981
vt 0.545896 0.533473
vt 0.552501 0.580562
vt 0.560913 0.569634
vt 0.565298 0.574845
vt 0.542903 0.550569
vt 0.550897 0.552652
vt 0.542690 0.551303
vt 0.531582 0.548005
vt 0.526967 0.547158
vt 0.531397 0.543640
vt 0.540094 0.565893
vt 0.532098 0.563580
vt 0.532852 0.562076
vt 0.562828 0.555534
vt 0.565198 0.557333
vt 0.563538 0.557938
vt 0.516361 0.569447
vt 0.512997 0.580847
vt 0.508852 0.570095
vt 0.525746 0.552482
vt 0.529151 0.551651
vt 0.526949 0.553186
vt 0.581585 0.540384
vt 0.593931 0.552535
vt 0.582572 0.555222
vt 0.528192 0.554498
vt 0.529851 0.556232
vt 0.529351 0.557035
vt 0.550417 0.562488
vt 0.557919 0.560738
vt 0.550470 0.564473
vt 0.527926 0.553636
vt 0.527425 0.553455
vt 0.550413 0.567196
vt 0.559188 0.566369
vt 0.549846 0.569801
vt 0.524815 0.580428
vt 0.524442 0.542408
vt 0.516244 0.538544
vt 0.528351 0.549924
vt 0.554588 0.536941
vt 0.566946 0.535886
vt 0.562083 0.542853
vt 0.512872 0.559102
vt 0.506651 0.559884
vt 0.536132 0.550151
vt 0.536978 0.546078
vt 0.576163 0.526146
vt 0.533314 0.560858
vt 0.540441 0.563172
vt 0.540250 0.564781
vt 0.537554 0.540944
vt 0.544725 0.545168
vt 0.558009 0.562039
vt 0.550443 0.565777
vt 0.653413 0.566435
vt 0.659075 0.544838
vt 0.664336 0.559628
vt 0.511820 0.550038
vt 0.561626 0.557508
vt 0.537151 0.534646
vt 0.545494 0.540302
vt 0.535850 0.551214
vt 0.531304 0.550880
vt 0.535606 0.551876
vt 0.529361 0.552492
vt 0.531013 0.552729
vt 0.529386 0.553156
vt 0.525309 0.562157
vt 0.553299 0.542440
vt 0.560277 0.546973
vt 0.539334 0.570435
vt 0.557929 0.555592
vt 0.557976 0.556433
vt 0.523177 0.556769
vt 0.527998 0.559136
vt 0.559313 0.550340
vt 0.539893 0.567345
vt 0.560703 0.557881
vt 0.560243 0.558063
vt 0.525942 0.555643
vt 0.527400 0.555007
vt 0.558647 0.564196
vt 0.561511 0.559304
vt 0.563046 0.560028
vt 0.531121 0.552077
vt 0.528686 0.557938
vt 0.533702 0.559866
vt 0.551594 0.550787
vt 0.552516 0.546725
vt 0.564408 0.561062
vt 0.500000 0.579778
vt 0.500000 0.570065
vt 0.543337 0.549372
vt 0.550233 0.574342
vt 0.539128 0.583303
vt 0.538475 0.575668
vt 0.500000 0.560228
vt 0.571525 0.565294
vt 0.566654 0.562520
vt 0.530106 0.538062
vt 0.551105 0.551862
vt 0.558507 0.553980
vt 0.571466 0.546033
vt 0.593049 0.534500
vt 0.585637 0.518546
vt 0.566519 0.517188
vt 0.574981 0.506164
vt 0.597145 0.509225
vt 0.583981 0.490150
vt 0.559217 0.588719
vt 0.646822 0.530045
vt 0.658746 0.518056
vt 0.657723 0.530954
vt 0.592183 0.591587
vt 0.590071 0.617492
vt 0.576419 0.606065
vt 0.605617 0.529787
vt 0.620388 0.551282
vt 0.606525 0.550987
vt 0.520699 0.625935
vt 0.500000 0.653718
vt 0.500000 0.625862
vt 0.589948 0.570626
vt 0.602981 0.572515
vt 0.573238 0.556339
vt 0.579949 0.568547
vt 0.618316 0.574913
vt 0.634813 0.551700
vt 0.637042 0.579119
vt 0.540310 0.623410
vt 0.527038 0.651646
vt 0.571229 0.632010
vt 0.559034 0.616679
vt 0.572801 0.580644
vt 0.566584 0.597094
vt 0.500000 0.591844
vt 0.528726 0.593498
vt 0.514980 0.592768
vt 0.543549 0.592774
vt 0.533831 0.605747
vt 0.500000 0.605412
vt 0.517518 0.605871
vt 0.550553 0.603457
vt 0.581383 0.585735
vt 0.618541 0.527577
vt 0.611792 0.497723
vt 0.647383 0.513377
vt 0.632880 0.529108
vt 0.631832 0.508243
vt 0.622343 0.606427
vt 0.550598 0.643754
vt 0.560700 0.559064
vt 0.560261 0.558940
vt 0.560800 0.558475
vt 0.560312 0.558486
vt 0.561833 0.558434
vt 0.606294 0.597889
vt 0.605954 0.630258
vt 0.648682 0.547921
vt 0.587132 0.648512
vt 0.536527 0.678682
vt 0.500000 0.684752
vt 0.565154 0.665564
vt 0.474504 0.500868
vt 0.474341 0.511818
vt 0.468202 0.505441
vt 0.469090 0.518032
vt 0.468758 0.491524
vt 0.462154 0.495452
vt 0.461613 0.512179
vt 0.477861 0.519430
vt 0.454286 0.501282
vt 0.437186 0.495886
vt 0.448618 0.487601
vt 0.444416 0.509578
vt 0.453083 0.522082
vt 0.464688 0.526547
vt 0.475302 0.523722
vt 0.480480 0.528577
vt 0.472058 0.531168
vt 0.481677 0.557459
vt 0.476779 0.551639
vt 0.481574 0.548862
vt 0.469762 0.567077
vt 0.479062 0.565745
vt 0.472624 0.572307
vt 0.432088 0.556823
vt 0.436059 0.552939
vt 0.434802 0.557333
vt 0.441451 0.527981
vt 0.454104 0.533473
vt 0.445412 0.536941
vt 0.447499 0.580562
vt 0.439087 0.569634
vt 0.449767 0.574342
vt 0.449103 0.552652
vt 0.457097 0.550569
vt 0.457310 0.551303
vt 0.468417 0.548005
vt 0.473033 0.547158
vt 0.471649 0.549924
vt 0.467902 0.563580
vt 0.459906 0.565893
vt 0.467148 0.562076
vt 0.437172 0.555534
vt 0.436462 0.557938
vt 0.487003 0.580847
vt 0.483639 0.569447
vt 0.491148 0.570095
vt 0.470849 0.551651
vt 0.474254 0.552482
vt 0.473051 0.553186
vt 0.406069 0.552535
vt 0.418415 0.540384
vt 0.417428 0.555222
vt 0.470149 0.556232
vt 0.471808 0.554498
vt 0.470649 0.557035
vt 0.442081 0.560738
vt 0.449583 0.562488
vt 0.449531 0.564473
vt 0.472074 0.553636
vt 0.471291 0.554380
vt 0.440812 0.566369
vt 0.449587 0.567196
vt 0.450154 0.569801
vt 0.475185 0.580428
vt 0.483757 0.538544
vt 0.475558 0.542408
vt 0.477991 0.535309
vt 0.433054 0.535886
vt 0.437917 0.542853
vt 0.487128 0.559102
vt 0.463868 0.550151
vt 0.463022 0.546078
vt 0.433481 0.517188
vt 0.459559 0.563172
vt 0.466686 0.560858
vt 0.459749 0.564781
vt 0.462446 0.540944
vt 0.455275 0.545168
vt 0.454506 0.540302
vt 0.441991 0.562039
vt 0.335665 0.559628
vt 0.351318 0.547921
vt 0.346587 0.566435
vt 0.488180 0.550038
vt 0.438374 0.557508
vt 0.438167 0.558434
vt 0.462849 0.534646
vt 0.468696 0.550880
vt 0.464150 0.551214
vt 0.470639 0.552492
vt 0.468987 0.552729
vt 0.468879 0.552077
vt 0.474691 0.562157
vt 0.472002 0.559136
vt 0.446701 0.542440
vt 0.460666 0.570435
vt 0.461526 0.575668
vt 0.442071 0.555592
vt 0.448895 0.551862
vt 0.476823 0.556769
vt 0.440688 0.550340
vt 0.460107 0.567345
vt 0.439297 0.557881
vt 0.442024 0.556433
vt 0.439757 0.558063
vt 0.474058 0.555643
vt 0.472600 0.555007
vt 0.472575 0.553455
vt 0.470614 0.553156
vt 0.436954 0.560028
vt 0.441353 0.564196
vt 0.471314 0.557938
vt 0.468603 0.543640
vt 0.466298 0.559866
vt 0.448406 0.550787
vt 0.441493 0.553980
vt 0.435592 0.561062
vt 0.449557 0.565777
vt 0.469894 0.538062
vt 0.447484 0.546725
vt 0.460872 0.583303
vt 0.493349 0.559884
vt 0.428475 0.565294
vt 0.433346 0.562520
vt 0.464394 0.551876
vt 0.456663 0.549372
vt 0.439723 0.546973
vt 0.433792 0.549912
vt 0.428534 0.546033
vt 0.423837 0.526146
vt 0.406951 0.534500
vt 0.414363 0.518546
vt 0.425019 0.506164
vt 0.402855 0.509225
vt 0.434702 0.574845
vt 0.440783 0.588719
vt 0.427200 0.580644
vt 0.341254 0.518056
vt 0.353178 0.530045
vt 0.342277 0.530954
vt 0.409929 0.617492
vt 0.407817 0.591587
vt 0.423580 0.606065
vt 0.379612 0.551282
vt 0.394383 0.529787
vt 0.393475 0.550987
vt 0.479301 0.625935
vt 0.410052 0.570626
vt 0.397019 0.572515
vt 0.426762 0.556339
vt 0.420051 0.568547
vt 0.381684 0.574913
vt 0.365187 0.551700
vt 0.472962 0.651646
vt 0.459691 0.623410
vt 0.428771 0.632010
vt 0.440966 0.616679
vt 0.433416 0.597094
vt 0.418617 0.585735
vt 0.471274 0.593498
vt 0.485020 0.592768
vt 0.456451 0.592774
vt 0.466169 0.605747
vt 0.482482 0.605871
vt 0.449447 0.603457
vt 0.381459 0.527577
vt 0.388208 0.497723
vt 0.352617 0.513377
vt 0.367120 0.529108
vt 0.377657 0.606427
vt 0.362958 0.579119
vt 0.449402 0.643754
vt 0.368168 0.508243
vt 0.439301 0.559064
vt 0.439739 0.558940
vt 0.441867 0.559648
vt 0.439200 0.558475
vt 0.439688 0.558486
vt 0.394046 0.630258
vt 0.393706 0.597889
vt 0.412868 0.648512
vt 0.463473 0.678682
vt 0.434846 0.665564
vt 0.438489 0.559304
vt 0.340925 0.544838
vt 0.522014 0.513497
vt 0.517596 0.511739
vt 0.519544 0.508947
vt 0.509917 0.517516
vt 0.515491 0.518118
vt 0.510938 0.520306
vt 0.517901 0.524080
vt 0.500000 0.504890
vt 0.503138 0.507572
vt 0.500000 0.508337
vt 0.507223 0.504952
vt 0.503756 0.502004
vt 0.507609 0.501926
vt 0.517248 0.522389
vt 0.512454 0.521902
vt 0.516459 0.520500
vt 0.501713 0.515817
vt 0.503776 0.517317
vt 0.501838 0.517677
vt 0.506765 0.519053
vt 0.504884 0.516092
vt 0.502285 0.510826
vt 0.500000 0.511418
vt 0.503097 0.524726
vt 0.505624 0.522052
vt 0.506764 0.524540
vt 0.504591 0.519443
vt 0.502041 0.519608
vt 0.511788 0.513620
vt 0.508487 0.513713
vt 0.509643 0.511805
vt 0.500000 0.517963
vt 0.503656 0.504750
vt 0.500000 0.501925
vt 0.515144 0.506527
vt 0.500000 0.528269
vt 0.500000 0.524498
vt 0.506171 0.507366
vt 0.513934 0.515018
vt 0.513322 0.509208
vt 0.502060 0.513704
vt 0.502482 0.522027
vt 0.516779 0.503026
vt 0.500000 0.516251
vt 0.508636 0.515712
vt 0.519574 0.514699
vt 0.521335 0.518383
vt 0.519706 0.517738
vt 0.510845 0.524195
vt 0.507946 0.527784
vt 0.512282 0.526916
vt 0.507728 0.521826
vt 0.511386 0.505393
vt 0.510537 0.508056
vt 0.503162 0.515678
vt 0.503632 0.528210
vt 0.512086 0.502024
vt 0.504036 0.510691
vt 0.500000 0.533932
vt 0.509237 0.532949
vt 0.514006 0.531558
vt 0.504339 0.533734
vt 0.500000 0.522038
vt 0.510504 0.540189
vt 0.505039 0.541055
vt 0.500000 0.541267
vt 0.500000 0.549969
vt 0.505797 0.549651
vt 0.507424 0.509334
vt 0.510368 0.510333
vt 0.506788 0.513883
vt 0.506222 0.512539
vt 0.503654 0.514037
vt 0.509199 0.509564
vt 0.506171 0.510756
vt 0.500000 0.514052
vt 0.482404 0.511739
vt 0.477986 0.513497
vt 0.480455 0.508947
vt 0.484509 0.518118
vt 0.490083 0.517516
vt 0.489062 0.520306
vt 0.482099 0.524080
vt 0.496862 0.507572
vt 0.496345 0.504750
vt 0.496244 0.502004
vt 0.492777 0.504952
vt 0.492391 0.501926
vt 0.487546 0.521902
vt 0.482752 0.522389
vt 0.483541 0.520500
vt 0.498287 0.515817
vt 0.496224 0.517317
vt 0.496838 0.515678
vt 0.493235 0.519053
vt 0.495409 0.519443
vt 0.497715 0.510826
vt 0.496903 0.524726
vt 0.494376 0.522052
vt 0.497518 0.522027
vt 0.498162 0.517677
vt 0.488212 0.513620
vt 0.491513 0.513713
vt 0.491363 0.515712
vt 0.497959 0.519608
vt 0.500000 0.519690
vt 0.484856 0.506527
vt 0.486678 0.509208
vt 0.493830 0.507366
vt 0.486066 0.515018
vt 0.497940 0.513704
vt 0.483221 0.503026
vt 0.478665 0.518383
vt 0.480426 0.514699
vt 0.480294 0.517738
vt 0.492054 0.527784
vt 0.489155 0.524195
vt 0.493236 0.524540
vt 0.487718 0.526916
vt 0.492272 0.521826
vt 0.488615 0.505393
vt 0.489463 0.508056
vt 0.495116 0.516092
vt 0.496345 0.514037
vt 0.496368 0.528210
vt 0.487914 0.502024
vt 0.495964 0.510691
vt 0.478457 0.506552
vt 0.490764 0.532949
vt 0.485994 0.531558
vt 0.495661 0.533734
vt 0.489496 0.540189
vt 0.494962 0.541055
vt 0.494203 0.549651
vt 0.492576 0.509334
vt 0.489632 0.510333
vt 0.493212 0.513883
vt 0.493778 0.512539
vt 0.493829 0.510756
vt 0.490801 0.509564
vt 0.490357 0.511805
vt 0.526232 0.471940
vt 0.530587 0.464192
vt 0.527847 0.474371
vt 0.541809 0.453491
vt 0.550014 0.439603
vt 0.554123 0.455320
vt 0.504634 0.487158
vt 0.500000 0.483939
vt 0.504363 0.483502
vt 0.515507 0.481191
vt 0.521616 0.479308
vt 0.516373 0.484627
vt 0.510687 0.488526
vt 0.517322 0.489309
vt 0.511296 0.492432
vt 0.509656 0.481347
vt 0.510175 0.484771
vt 0.524363 0.468440
vt 0.527502 0.463714
vt 0.525147 0.470043
vt 0.521093 0.451519
vt 0.525427 0.458318
vt 0.519704 0.453378
vt 0.518342 0.470821
vt 0.523627 0.466982
vt 0.518724 0.471988
vt 0.500000 0.438925
vt 0.504490 0.444366
vt 0.500000 0.444028
vt 0.517879 0.457029
vt 0.524560 0.459096
vt 0.523736 0.459909
vt 0.500000 0.449441
vt 0.504367 0.446990
vt 0.504202 0.450005
vt 0.526480 0.457479
vt 0.528886 0.463902
vt 0.509560 0.447983
vt 0.513056 0.474357
vt 0.508972 0.477941
vt 0.508696 0.476700
vt 0.510066 0.445314
vt 0.505387 0.439772
vt 0.511303 0.441562
vt 0.518722 0.455049
vt 0.526468 0.463592
vt 0.513646 0.452394
vt 0.523061 0.483064
vt 0.515553 0.447581
vt 0.500000 0.492923
vt 0.504953 0.491124
vt 0.505115 0.494630
vt 0.569436 0.444782
vt 0.570597 0.460996
vt 0.517219 0.444932
vt 0.522763 0.450026
vt 0.500000 0.446419
vt 0.500000 0.490279
vt 0.527671 0.456684
vt 0.500000 0.479729
vt 0.520534 0.476476
vt 0.514499 0.478197
vt 0.519519 0.474201
vt 0.500000 0.453203
vt 0.513429 0.475607
vt 0.524374 0.463377
vt 0.523019 0.461033
vt 0.517710 0.458195
vt 0.512799 0.455079
vt 0.508389 0.455258
vt 0.508616 0.454086
vt 0.525460 0.463480
vt 0.504180 0.454944
vt 0.504174 0.453502
vt 0.509083 0.450781
vt 0.504183 0.479412
vt 0.500000 0.454702
vt 0.537848 0.466198
vt 0.541824 0.482585
vt 0.535224 0.479597
vt 0.507173 0.498476
vt 0.534775 0.453588
vt 0.536940 0.441710
vt 0.529209 0.432567
vt 0.529841 0.444686
vt 0.523524 0.436601
vt 0.533259 0.464740
vt 0.530668 0.477247
vt 0.540189 0.425224
vt 0.526162 0.488110
vt 0.530410 0.455107
vt 0.525601 0.447607
vt 0.518503 0.426820
vt 0.515668 0.432089
vt 0.519995 0.440979
vt 0.513185 0.436839
vt 0.503458 0.499135
vt 0.508753 0.423865
vt 0.500000 0.417639
vt 0.510239 0.417901
vt 0.519085 0.496694
vt 0.551382 0.487601
vt 0.522392 0.420289
vt 0.506417 0.434760
vt 0.544322 0.467859
vt 0.555102 0.470689
vt 0.502923 0.496622
vt 0.500000 0.498993
vt 0.500000 0.495864
vt 0.522912 0.412144
vt 0.510811 0.404266
vt 0.521837 0.403851
vt 0.512409 0.497516
vt 0.539503 0.413272
vt 0.500000 0.428873
vt 0.507470 0.429688
vt 0.500000 0.434049
vt 0.536705 0.400854
vt 0.520513 0.396738
vt 0.529644 0.390109
vt 0.559405 0.397860
vt 0.565919 0.416105
vt 0.500000 0.411240
vt 0.568221 0.431172
vt 0.569114 0.477540
vt 0.593283 0.457915
vt 0.516143 0.383961
vt 0.511493 0.395728
vt 0.548016 0.380774
vt 0.500000 0.381137
vt 0.525360 0.369640
vt 0.510842 0.411514
vt 0.500000 0.404486
vt 0.500000 0.395467
vt 0.500000 0.366038
vt 0.590435 0.473574
vt 0.594340 0.441904
vt 0.593754 0.423008
vt 0.618676 0.456910
vt 0.615088 0.475674
vt 0.589836 0.399924
vt 0.580118 0.371917
vt 0.538205 0.353532
vt 0.500000 0.348995
vt 0.622367 0.438834
vt 0.626779 0.416126
vt 0.680804 0.473519
vt 0.709288 0.464266
vt 0.705085 0.482401
vt 0.650359 0.498789
vt 0.721065 0.432103
vt 0.668033 0.444830
vt 0.678015 0.410795
vt 0.690269 0.490106
vt 0.704954 0.493984
vt 0.634450 0.488777
vt 0.667129 0.497222
vt 0.665102 0.477207
vt 0.675596 0.490312
vt 0.631037 0.388707
vt 0.639219 0.472816
vt 0.648806 0.458289
vt 0.504083 0.477556
vt 0.500000 0.477786
vt 0.514498 0.449798
vt 0.500000 0.423021
vt 0.661716 0.506882
vt 0.655726 0.486457
vt 0.512572 0.456190
vt 0.473768 0.471940
vt 0.469413 0.464192
vt 0.471114 0.463902
vt 0.449986 0.439603
vt 0.458191 0.453491
vt 0.445877 0.455320
vt 0.495366 0.487158
vt 0.495637 0.483502
vt 0.484493 0.481191
vt 0.478384 0.479308
vt 0.479466 0.476476
vt 0.482677 0.489309
vt 0.489312 0.488526
vt 0.488704 0.492432
vt 0.490344 0.481347
vt 0.489825 0.484771
vt 0.472497 0.463714
vt 0.475637 0.468440
vt 0.474853 0.470043
vt 0.474574 0.458318
vt 0.478907 0.451519
vt 0.480296 0.453378
vt 0.481276 0.471988
vt 0.476892 0.465700
vt 0.481658 0.470821
vt 0.495510 0.444366
vt 0.494613 0.439772
vt 0.476264 0.459909
vt 0.481278 0.455049
vt 0.482121 0.457029
vt 0.472153 0.474371
vt 0.476939 0.483064
vt 0.495633 0.446990
vt 0.495798 0.450005
vt 0.473520 0.457479
vt 0.490440 0.447983
vt 0.490918 0.450781
vt 0.491028 0.477941
vt 0.486944 0.474357
vt 0.491304 0.476700
vt 0.489934 0.445314
vt 0.488697 0.441562
vt 0.475441 0.459096
vt 0.473532 0.463592
vt 0.495047 0.491124
vt 0.486355 0.452394
vt 0.483627 0.484627
vt 0.484447 0.447581
vt 0.430564 0.444782
vt 0.482781 0.444932
vt 0.500000 0.487441
vt 0.472329 0.456684
vt 0.480481 0.474201
vt 0.474540 0.463480
vt 0.476374 0.466982
vt 0.486571 0.475607
vt 0.475626 0.463377
vt 0.476981 0.461033
vt 0.482291 0.458195
vt 0.487201 0.455079
vt 0.491611 0.455258
vt 0.487428 0.456190
vt 0.491384 0.454086
vt 0.495820 0.454944
vt 0.495817 0.479412
vt 0.495826 0.453502
vt 0.485501 0.478197
vt 0.462152 0.466198
vt 0.458176 0.482585
vt 0.455678 0.467859
vt 0.492827 0.498476
vt 0.487591 0.497516
vt 0.465225 0.453588
vt 0.463060 0.441710
vt 0.470159 0.444686
vt 0.470791 0.432567
vt 0.464776 0.479597
vt 0.466741 0.464740
vt 0.469332 0.477247
vt 0.459811 0.425224
vt 0.473838 0.488110
vt 0.469590 0.455107
vt 0.476476 0.436601
vt 0.481497 0.426820
vt 0.484332 0.432089
vt 0.480005 0.440979
vt 0.486815 0.436839
vt 0.496542 0.499135
vt 0.491247 0.423865
vt 0.489762 0.417901
vt 0.480915 0.496694
vt 0.474399 0.447607
vt 0.477608 0.420289
vt 0.493584 0.434760
vt 0.497077 0.496622
vt 0.478163 0.403851
vt 0.489158 0.411514
vt 0.477088 0.412144
vt 0.460497 0.413272
vt 0.477237 0.450026
vt 0.492530 0.429688
vt 0.494885 0.494630
vt 0.463295 0.400854
vt 0.479486 0.396738
vt 0.440595 0.397860
vt 0.434081 0.416105
vt 0.431779 0.431172
vt 0.444899 0.470689
vt 0.429403 0.460996
vt 0.430886 0.477540
vt 0.406717 0.457915
vt 0.483857 0.383961
vt 0.470356 0.390109
vt 0.488507 0.395728
vt 0.489189 0.404266
vt 0.451984 0.380774
vt 0.474640 0.369640
vt 0.416019 0.490150
vt 0.409565 0.473574
vt 0.405660 0.441904
vt 0.406246 0.423008
vt 0.381323 0.456910
vt 0.410164 0.399924
vt 0.419882 0.371917
vt 0.461795 0.353532
vt 0.377633 0.438834
vt 0.373221 0.416126
vt 0.290712 0.464266
vt 0.319196 0.473519
vt 0.294915 0.482401
vt 0.349641 0.498789
vt 0.365550 0.488777
vt 0.278936 0.432103
vt 0.331967 0.444830
vt 0.309731 0.490106
vt 0.384912 0.475674
vt 0.334898 0.477207
vt 0.332871 0.497222
vt 0.324403 0.490312
vt 0.368963 0.388707
vt 0.360781 0.472816
vt 0.344274 0.486457
vt 0.495917 0.477556
vt 0.485502 0.449798
vt 0.338284 0.506882
vt 0.351194 0.458289
vt 0.321984 0.410795
vt 0.541483 0.556755
vt 0.534995 0.555433
vt 0.530396 0.554370
vt 0.529237 0.554101
vt 0.528709 0.554380
vt 0.550240 0.557873
vt 0.558434 0.558353
vt 0.558133 0.559648
vt 0.458517 0.556755
vt 0.465005 0.555433
vt 0.469604 0.554370
vt 0.449760 0.557873
vt 0.470763 0.554101
vt 0.441566 0.558353
vt 0.523108 0.465700
vt 0.687740 0.581434
vt 0.681960 0.574713
vt 0.689017 0.576713
vt 0.673674 0.524239
vt 0.665713 0.531538
vt 0.666913 0.521396
vt 0.711942 0.556655
vt 0.710471 0.547607
vt 0.715261 0.545901
vt 0.695429 0.573665
vt 0.703457 0.576631
vt 0.695030 0.579159
vt 0.702215 0.501831
vt 0.716637 0.501086
vt 0.710710 0.507879
vt 0.705759 0.581170
vt 0.719617 0.556635
vt 0.728509 0.544131
vt 0.725151 0.557993
vt 0.690823 0.531232
vt 0.694777 0.527223
vt 0.693395 0.530629
vt 0.724436 0.513803
vt 0.721179 0.528825
vt 0.717497 0.517310
vt 0.692271 0.535930
vt 0.688026 0.533840
vt 0.703314 0.512684
vt 0.710907 0.523341
vt 0.685502 0.530817
vt 0.712211 0.569585
vt 0.701532 0.570730
vt 0.707186 0.565039
vt 0.700322 0.545756
vt 0.703328 0.554542
vt 0.699496 0.553349
vt 0.687695 0.567047
vt 0.685181 0.563014
vt 0.686647 0.562899
vt 0.697917 0.565798
vt 0.698314 0.559862
vt 0.701140 0.561223
vt 0.695450 0.553109
vt 0.686638 0.556351
vt 0.690791 0.549794
vt 0.707100 0.526518
vt 0.699587 0.519066
vt 0.701022 0.515735
vt 0.693807 0.503042
vt 0.697415 0.506715
vt 0.702015 0.529379
vt 0.696415 0.523529
vt 0.708058 0.556616
vt 0.704954 0.563271
vt 0.694310 0.565381
vt 0.694319 0.568175
vt 0.714573 0.533097
vt 0.709451 0.535392
vt 0.689874 0.573804
vt 0.693816 0.513931
vt 0.696418 0.509711
vt 0.695269 0.545247
vt 0.691810 0.544334
vt 0.694529 0.559681
vt 0.688537 0.559334
vt 0.703980 0.546273
vt 0.705965 0.556557
vt 0.690912 0.570209
vt 0.691164 0.568171
vt 0.704969 0.527934
vt 0.707456 0.535824
vt 0.694743 0.569998
vt 0.700389 0.568642
vt 0.695223 0.571410
vt 0.695124 0.539325
vt 0.695179 0.534345
vt 0.673099 0.541788
vt 0.679433 0.548396
vt 0.675380 0.552905
vt 0.687936 0.547497
vt 0.688293 0.543018
vt 0.699284 0.567238
vt 0.690640 0.571987
vt 0.687215 0.569060
vt 0.689538 0.563001
vt 0.683022 0.563020
vt 0.700144 0.538300
vt 0.698423 0.531745
vt 0.696804 0.564303
vt 0.716409 0.572898
vt 0.689652 0.504266
vt 0.680945 0.555128
vt 0.683978 0.553516
vt 0.688809 0.525805
vt 0.690993 0.519996
vt 0.707879 0.546820
vt 0.703555 0.537220
vt 0.703408 0.562270
vt 0.672072 0.532178
vt 0.666670 0.543058
vt 0.670479 0.556155
vt 0.689273 0.537687
vt 0.691854 0.540121
vt 0.689998 0.540230
vt 0.691675 0.564735
vt 0.675551 0.565867
vt 0.684280 0.571487
vt 0.679357 0.562192
vt 0.680544 0.577715
vt 0.683339 0.499335
vt 0.691358 0.498716
vt 0.682691 0.521376
vt 0.679371 0.513928
vt 0.685596 0.515696
vt 0.679720 0.526948
vt 0.671242 0.570743
vt 0.669986 0.512298
vt 0.675022 0.504529
vt 0.676639 0.517068
vt 0.686902 0.570522
vt 0.694929 0.583636
vt 0.686509 0.508836
vt 0.677949 0.533270
vt 0.677943 0.540574
vt 0.722141 0.544396
vt 0.728401 0.528373
vt 0.681520 0.534560
vt 0.682339 0.539438
vt 0.687445 0.539659
vt 0.686762 0.536791
vt 0.685126 0.534803
vt 0.683762 0.535869
vt 0.684719 0.538137
vt 0.685451 0.540400
vt 0.683891 0.544275
vt 0.310983 0.576713
vt 0.319456 0.577715
vt 0.312260 0.581434
vt 0.334287 0.531538
vt 0.326326 0.524239
vt 0.333087 0.521396
vt 0.289529 0.547607
vt 0.288058 0.556655
vt 0.284739 0.545901
vt 0.304571 0.573665
vt 0.296543 0.576631
vt 0.298468 0.570730
vt 0.297785 0.501831
vt 0.283363 0.501086
vt 0.295046 0.493984
vt 0.294241 0.581170
vt 0.304970 0.579159
vt 0.305071 0.583636
vt 0.280383 0.556635
vt 0.271491 0.544131
vt 0.277859 0.544396
vt 0.309177 0.531232
vt 0.305223 0.527223
vt 0.311191 0.525805
vt 0.278821 0.528825
vt 0.275564 0.513803
vt 0.282504 0.517310
vt 0.311974 0.533840
vt 0.307728 0.535930
vt 0.296686 0.512684
vt 0.289290 0.507879
vt 0.302585 0.506715
vt 0.314498 0.530817
vt 0.287789 0.569585
vt 0.292814 0.565039
vt 0.300504 0.553349
vt 0.296020 0.546273
vt 0.299679 0.545756
vt 0.314819 0.563014
vt 0.312306 0.567047
vt 0.313353 0.562899
vt 0.298860 0.561223
vt 0.303196 0.564303
vt 0.302083 0.565798
vt 0.304550 0.553109
vt 0.313363 0.556351
vt 0.311463 0.559334
vt 0.300413 0.519066
vt 0.292900 0.526518
vt 0.298978 0.515735
vt 0.306193 0.503042
vt 0.297985 0.529379
vt 0.301577 0.531745
vt 0.291942 0.556616
vt 0.295046 0.563271
vt 0.305690 0.565381
vt 0.305681 0.568175
vt 0.285427 0.533097
vt 0.289093 0.523341
vt 0.310126 0.573804
vt 0.306184 0.513931
vt 0.303582 0.509711
vt 0.304732 0.545247
vt 0.309209 0.549794
vt 0.308190 0.544334
vt 0.305471 0.559681
vt 0.296672 0.554542
vt 0.292121 0.546820
vt 0.294035 0.556557
vt 0.296592 0.562270
vt 0.309088 0.570209
vt 0.312785 0.569060
vt 0.301686 0.559862
vt 0.290549 0.535392
vt 0.295031 0.527934
vt 0.292544 0.535824
vt 0.299611 0.568642
vt 0.305257 0.569998
vt 0.304777 0.571410
vt 0.304876 0.539325
vt 0.304821 0.534345
vt 0.296445 0.537220
vt 0.326901 0.541788
vt 0.320568 0.548396
vt 0.322057 0.540574
vt 0.312064 0.547497
vt 0.311707 0.543018
vt 0.300716 0.567238
vt 0.309360 0.571987
vt 0.313098 0.570522
vt 0.310462 0.563001
vt 0.316978 0.563020
vt 0.299856 0.538300
vt 0.306605 0.530629
vt 0.274848 0.557993
vt 0.283591 0.572898
vt 0.310348 0.504266
vt 0.319055 0.555128
vt 0.316022 0.553516
vt 0.303585 0.523529
vt 0.333330 0.543058
vt 0.327928 0.532178
vt 0.329522 0.556155
vt 0.324620 0.552905
vt 0.310728 0.537687
vt 0.308146 0.540121
vt 0.308836 0.568171
vt 0.324449 0.565867
vt 0.315720 0.571487
vt 0.320643 0.562192
vt 0.318040 0.574713
vt 0.328758 0.570743
vt 0.316661 0.499335
vt 0.320628 0.513928
vt 0.317309 0.521376
vt 0.314404 0.515696
vt 0.320280 0.526948
vt 0.323361 0.517068
vt 0.330014 0.512298
vt 0.308642 0.498716
vt 0.324978 0.504529
vt 0.309007 0.519996
vt 0.308325 0.564735
vt 0.313491 0.508836
vt 0.322051 0.533270
vt 0.271600 0.528373
vt 0.310002 0.540230
vt 0.318480 0.534560
vt 0.317661 0.539438
vt 0.312555 0.539659
vt 0.313238 0.536791
vt 0.314874 0.534803
vt 0.316238 0.535869
vt 0.315281 0.538137
vt 0.314549 0.540400
vt 0.316108 0.544275
vt 0.723424 0.494326
vt 0.738856 0.530304
vt 0.750214 0.510326
vt 0.754075 0.533793
vt 0.709099 0.588077
vt 0.696817 0.593135
vt 0.732656 0.563744
vt 0.751574 0.554990
vt 0.743824 0.573912
vt 0.674154 0.588950
vt 0.663211 0.579924
vt 0.722431 0.579294
vt 0.639063 0.617865
vt 0.646360 0.652232
vt 0.624568 0.642507
vt 0.634719 0.678917
vt 0.607978 0.665060
vt 0.557890 0.715952
vt 0.619675 0.711659
vt 0.597521 0.751903
vt 0.509282 0.744728
vt 0.560720 0.805401
vt 0.587436 0.689925
vt 0.651572 0.595590
vt 0.668248 0.686780
vt 0.661032 0.724840
vt 0.657433 0.627397
vt 0.673298 0.656805
vt 0.677313 0.632208
vt 0.701693 0.654065
vt 0.652361 0.774096
vt 0.708053 0.726462
vt 0.712809 0.778877
vt 0.635583 0.843820
vt 0.720940 0.851628
vt 0.705028 0.685862
vt 0.699474 0.629254
vt 0.730715 0.644703
vt 0.756325 0.714109
vt 0.742344 0.675025
vt 0.775225 0.764045
vt 0.804983 0.830593
vt 0.775241 0.655332
vt 0.829152 0.732953
vt 0.875431 0.787103
vt 0.798802 0.689544
vt 0.807383 0.480722
vt 0.774285 0.510071
vt 0.762455 0.467489
vt 0.831288 0.658673
vt 0.756813 0.628037
vt 0.801505 0.630147
vt 0.869170 0.692904
vt 0.923763 0.731291
vt 0.775516 0.540518
vt 0.870634 0.587943
vt 0.923079 0.558450
vt 0.913311 0.605285
vt 0.895987 0.650436
vt 0.807134 0.519406
vt 0.834300 0.569070
vt 0.881203 0.547569
vt 0.952526 0.674686
vt 0.802752 0.552544
vt 0.842856 0.533148
vt 0.777751 0.606706
vt 0.742293 0.606642
vt 0.758630 0.588192
vt 0.887157 0.505169
vt 0.929080 0.511818
vt 0.975843 0.518210
vt 0.974461 0.566035
vt 0.847488 0.494044
vt 0.820949 0.601215
vt 0.721905 0.620683
vt 0.793031 0.581436
vt 0.769877 0.566121
vt 0.736284 0.484446
vt 0.734547 0.511840
vt 0.968122 0.618946
vt 0.737819 0.547931
vt 0.731283 0.590400
vt 0.715111 0.602359
vt 0.666158 0.605793
vt 0.681651 0.610553
vt 0.698047 0.609248
vt 0.685352 0.593172
vt 0.854456 0.625110
vt 0.276576 0.494326
vt 0.265453 0.511840
vt 0.261144 0.530304
vt 0.249786 0.510326
vt 0.290901 0.588077
vt 0.303183 0.593135
vt 0.267344 0.563744
vt 0.248426 0.554990
vt 0.262181 0.547931
vt 0.325846 0.588950
vt 0.277569 0.579294
vt 0.353640 0.652232
vt 0.360938 0.617865
vt 0.375432 0.642507
vt 0.365281 0.678917
vt 0.392022 0.665060
vt 0.442111 0.715952
vt 0.380325 0.711659
vt 0.412564 0.689925
vt 0.490718 0.744728
vt 0.402479 0.751903
vt 0.348428 0.595590
vt 0.336789 0.579924
vt 0.331752 0.686780
vt 0.326702 0.656805
vt 0.338968 0.724840
vt 0.342567 0.627397
vt 0.322687 0.632208
vt 0.298306 0.654065
vt 0.347639 0.774096
vt 0.291947 0.726462
vt 0.364417 0.843820
vt 0.287191 0.778877
vt 0.294972 0.685862
vt 0.269285 0.644703
vt 0.300526 0.629254
vt 0.243675 0.714109
vt 0.257656 0.675025
vt 0.279060 0.851628
vt 0.224775 0.764045
vt 0.224759 0.655332
vt 0.170848 0.732953
vt 0.195017 0.830593
vt 0.201198 0.689544
vt 0.225715 0.510071
vt 0.192617 0.480722
vt 0.237545 0.467489
vt 0.168712 0.658673
vt 0.198495 0.630147
vt 0.243188 0.628037
vt 0.130830 0.692904
vt 0.076237 0.731291
vt 0.124569 0.787103
vt 0.245925 0.533793
vt 0.086689 0.605285
vt 0.118797 0.547569
vt 0.129366 0.587943
vt 0.104013 0.650436
vt 0.224484 0.540518
vt 0.192866 0.519406
vt 0.165700 0.569070
vt 0.047474 0.674686
vt 0.157144 0.533148
vt 0.197248 0.552544
vt 0.257707 0.606642
vt 0.222249 0.606706
vt 0.241370 0.588192
vt 0.076921 0.558450
vt 0.112843 0.505169
vt 0.025539 0.566035
vt 0.070920 0.511818
vt 0.152512 0.494044
vt 0.179051 0.601215
vt 0.278095 0.620683
vt 0.206969 0.581436
vt 0.230123 0.566121
vt 0.263716 0.484446
vt 0.256176 0.573912
vt 0.031878 0.618946
vt 0.268717 0.590400
vt 0.284889 0.602359
vt 0.333842 0.605793
vt 0.318349 0.610553
vt 0.301953 0.609248
vt 0.314648 0.593172
vt 0.145544 0.625110
vt 0.439281 0.805401
vt 0.686518 0.378956
vt 0.590134 0.347003
vt 0.544146 0.335472
vt 0.500000 0.332502
vt 0.644476 0.337391
vt 0.604060 0.302662
vt 0.650564 0.315583
vt 0.548759 0.315007
vt 0.500000 0.289612
vt 0.552220 0.293454
vt 0.609864 0.279883
vt 0.657398 0.293270
vt 0.597862 0.324362
vt 0.500000 0.263915
vt 0.555918 0.267624
vt 0.781688 0.389048
vt 0.825033 0.362527
vt 0.821344 0.403694
vt 0.692761 0.351330
vt 0.698770 0.328593
vt 0.705253 0.305273
vt 0.744253 0.342031
vt 0.791635 0.319897
vt 0.829498 0.323904
vt 0.866452 0.326724
vt 0.864148 0.369086
vt 0.816372 0.441175
vt 0.775586 0.425442
vt 0.855337 0.454337
vt 0.894013 0.463443
vt 0.934079 0.468644
vt 0.976320 0.472284
vt 0.897924 0.420042
vt 0.859671 0.414402
vt 0.937777 0.422612
vt 0.976736 0.422677
vt 0.938515 0.373152
vt 0.975924 0.372450
vt 0.900584 0.372473
vt 0.938319 0.327315
vt 0.974595 0.325496
vt 0.902438 0.328098
vt 0.732226 0.402482
vt 0.739441 0.369833
vt 0.637804 0.361867
vt 0.786124 0.353586
vt 0.750051 0.314027
vt 0.500000 0.310984
vt 0.313482 0.378956
vt 0.362196 0.361867
vt 0.409866 0.347003
vt 0.455855 0.335472
vt 0.355524 0.337391
vt 0.395940 0.302662
vt 0.402138 0.324362
vt 0.451241 0.315007
vt 0.349436 0.315583
vt 0.390136 0.279883
vt 0.447780 0.293454
vt 0.444082 0.267624
vt 0.174967 0.362527
vt 0.218312 0.389048
vt 0.178656 0.403694
vt 0.307239 0.351330
vt 0.301230 0.328592
vt 0.342602 0.293270
vt 0.255747 0.342031
vt 0.294747 0.305273
vt 0.208365 0.319897
vt 0.213876 0.353586
vt 0.133549 0.326724
vt 0.135852 0.369086
vt 0.183628 0.441175
vt 0.224414 0.425442
vt 0.144663 0.454337
vt 0.105987 0.463443
vt 0.024157 0.518210
vt 0.065921 0.468644
vt 0.140329 0.414402
vt 0.102076 0.420042
vt 0.023680 0.472284
vt 0.062223 0.422612
vt 0.061485 0.373152
vt 0.023264 0.422677
vt 0.099416 0.372473
vt 0.061681 0.327315
vt 0.025405 0.325496
vt 0.024076 0.372450
vt 0.097562 0.328098
vt 0.267774 0.402482
vt 0.260560 0.369833
vt 0.249949 0.314027
vt 0.170502 0.323904
vn 0.2235 0.0248 0.9744
vn 0.6410 -0.1531 0.7521
vn 0.3694 0.1484 0.9173
vn 0.3460 0.0840 0.9345
vn 0.5165 -0.0499 0.8548
vn 0.3624 0.0409 0.9311
vn 0.3102 -0.0288 0.9502
vn 0.3875 -0.0437 0.9208
vn 0.2535 0.0855 0.9636
vn 0.8381 0.1681 0.5189
vn 0.7097 -0.1367 0.6911
vn 0.5278 0.0282 0.8489
vn 0.3175 0.2182 0.9228
vn 0.3250 0.2921 0.8995
vn 0.6416 0.1696 0.7480
vn 0.5447 0.3487 0.7627
vn 0.8186 0.2330 0.5249
vn 0.7503 0.3811 0.5402
vn 0.7925 0.2355 0.5626
vn 0.8522 -0.2362 0.4668
vn 0.8817 0.2764 0.3825
vn 0.5299 -0.5845 0.6145
vn 0.1482 -0.6541 0.7418
vn 0.2646 -0.6270 0.7327
vn 0.6406 -0.1072 0.7604
vn 0.7248 0.1036 0.6811
vn 0.6711 0.1640 0.7230
vn 0.4515 0.2212 0.8644
vn 0.2354 0.2670 0.9345
vn 0.5136 -0.1391 0.8467
vn 0.4925 -0.4484 0.7459
vn 0.7126 -0.2449 0.6574
vn 0.0577 0.3237 0.9444
vn 0.3108 0.3916 0.8661
vn 0.0659 0.2864 0.9558
vn 0.0003 0.1794 0.9838
vn 0.4963 0.4219 0.7588
vn 0.2340 0.3750 0.8970
vn 0.0165 -0.4089 0.9124
vn 0.0021 -0.5192 0.8546
vn -0.0577 -0.4759 0.8776
vn 0.7557 0.1427 0.6392
vn 0.6514 -0.0688 0.7556
vn 0.6523 -0.0379 0.7570
vn 0.4695 -0.4131 0.7804
vn 0.2128 -0.1589 0.9641
vn 0.3375 -0.1708 0.9257
vn 0.5769 0.2731 0.7698
vn 0.0503 0.4584 0.8873
vn 0.5224 0.3337 0.7847
vn 0.7619 0.2308 0.6052
vn 0.8819 0.1308 0.4529
vn 0.7776 0.0562 0.6262
vn 0.5681 -0.3411 0.7490
vn -0.1134 -0.3369 0.9347
vn 0.1644 -0.5386 0.8263
vn 0.2436 -0.5449 0.8023
vn 0.1618 -0.7294 0.6647
vn 0.1690 -0.6647 0.7277
vn 0.5332 0.4047 0.7429
vn 0.6392 0.3550 0.6822
vn 0.3163 -0.3858 0.8667
vn 0.4472 -0.5038 0.7391
vn 0.2810 -0.3938 0.8752
vn 0.2749 -0.3512 0.8950
vn 0.6861 0.4768 0.5495
vn 0.8402 0.3512 0.4133
vn 0.1988 0.3093 0.9300
vn 0.3581 0.2401 0.9023
vn 0.5940 0.2691 0.7581
vn 0.5495 0.2247 0.8047
vn 0.7609 -0.1159 0.6384
vn 0.5063 0.1164 0.8545
vn -0.1101 0.0483 0.9927
vn -0.0154 0.0273 0.9995
vn 0.7545 0.1158 0.6460
vn -0.0397 -0.4961 0.8674
vn 0.0183 -0.3819 0.9240
vn 0.0098 -0.6205 0.7841
vn 0.1218 0.2179 0.9683
vn 0.1826 -0.0939 0.9787
vn 0.3342 -0.6297 0.7013
vn 0.3080 -0.4139 0.8566
vn 0.9973 -0.0301 0.0671
vn 0.9976 -0.0683 -0.0090
vn 0.9920 -0.1092 0.0638
vn 0.8470 0.2421 0.4732
vn 0.6819 0.3002 0.6670
vn 0.2399 0.3629 0.9004
vn 0.2051 0.1170 0.9717
vn -0.1208 0.3008 0.9460
vn -0.1211 0.2599 0.9580
vn -0.1728 0.2189 0.9603
vn 0.0755 0.7535 0.6531
vn -0.2975 0.4871 0.8211
vn -0.0526 0.7193 0.6927
vn 0.4271 -0.6243 0.6541
vn 0.3885 0.0816 0.9178
vn 0.6103 0.0739 0.7887
vn 0.1263 -0.4465 0.8858
vn 0.4763 0.4893 0.7305
vn 0.5107 0.4565 0.7286
vn 0.7349 -0.3300 0.5925
vn 0.2383 -0.5289 0.8145
vn 0.6759 0.0029 0.7370
vn 0.0533 -0.3499 0.9353
vn 0.5467 0.4395 0.7127
vn 0.5742 0.3460 0.7421
vn 0.5634 -0.2582 0.7848
vn 0.5151 -0.3194 0.7954
vn 0.4490 -0.5160 0.7295
vn 0.4274 -0.4034 0.8091
vn 0.5193 -0.3872 0.7619
vn -0.1444 0.5632 0.8136
vn 0.1503 -0.4550 0.8777
vn -0.1857 -0.1802 0.9659
vn 0.4403 0.0077 0.8978
vn 0.4374 -0.1050 0.8931
vn 0.5256 -0.4073 0.7469
vn 0.0292 -0.0574 0.9979
vn 0.0155 -0.0493 0.9987
vn 0.1131 -0.0456 0.9925
vn 0.3333 -0.3631 0.8701
vn 0.3277 -0.2265 0.9172
vn 0.2059 -0.4632 0.8620
vn 0.0000 0.2295 0.9733
vn 0.6850 -0.3626 0.6319
vn 0.5287 -0.4377 0.7273
vn 0.4361 0.4650 0.7704
vn 0.3054 0.3990 0.8646
vn 0.6666 0.1551 0.7291
vn 0.6631 0.2496 0.7057
vn 0.9044 0.0761 0.4198
vn 0.8849 -0.0847 0.4580
vn 0.6685 0.0336 0.7429
vn 0.8184 -0.1232 0.5613
vn 0.9388 -0.1930 0.2852
vn 0.9002 -0.1858 0.3939
vn 0.7317 0.1506 0.6648
vn 0.9890 -0.1327 0.0656
vn 0.9818 -0.1846 0.0446
vn 0.9930 -0.1127 0.0354
vn 0.9454 0.0765 0.3167
vn 0.9082 0.2008 0.3672
vn 0.8825 0.1939 0.4285
vn 0.9659 -0.0735 0.2482
vn 0.9842 0.0378 0.1729
vn 0.9520 0.0972 0.2902
vn 0.2926 0.4652 0.8354
vn -0.0055 0.7407 0.6719
vn -0.0012 0.4613 0.8872
vn 0.9275 0.0156 0.3735
vn 0.9530 0.0789 0.2924
vn 0.6858 -0.0698 0.7245
vn 0.8595 -0.1561 0.4866
vn 0.9767 0.0663 0.2039
vn 0.9947 -0.0046 0.1030
vn 0.9902 0.0269 0.1372
vn 0.5564 0.4298 0.7111
vn 0.3687 0.7030 0.6082
vn 0.7972 0.4125 0.4409
vn 0.7516 0.3334 0.5692
vn 0.8990 0.0071 0.4379
vn 0.8337 0.2273 0.5032
vn 0.0251 0.1043 0.9942
vn 0.3286 0.0506 0.9431
vn 0.1690 0.0669 0.9833
vn 0.5156 0.1246 0.8477
vn 0.4472 0.2845 0.8480
vn 0.0113 0.2585 0.9659
vn 0.2120 0.2738 0.9381
vn 0.6559 0.2776 0.7019
vn 0.9399 0.0904 0.3293
vn 0.9783 -0.1393 0.1534
vn 0.9630 -0.1821 0.1986
vn 0.9773 -0.1846 0.1044
vn 0.9830 -0.1404 0.1181
vn 0.9718 -0.1862 0.1448
vn 0.9738 0.0309 0.2252
vn 0.6285 0.5842 0.5135
vn 0.3640 -0.4294 0.8265
vn 0.4325 -0.3678 0.8232
vn 0.5041 0.0812 0.8598
vn 0.5841 0.0433 0.8105
vn 0.5767 0.0153 0.8168
vn 0.9567 0.0586 0.2853
vn 0.9220 0.2255 0.3148
vn 0.9978 -0.0646 0.0151
vn 0.7984 0.4804 0.3631
vn 0.3736 0.8411 0.3912
vn -0.0059 0.9137 0.4063
vn 0.6244 0.6842 0.3767
vn -0.3651 0.0869 0.9269
vn -0.4805 -0.1229 0.8683
vn -0.1803 -0.0606 0.9817
vn -0.3241 0.0399 0.9452
vn -0.3389 -0.0497 0.9395
vn -0.2823 -0.1388 0.9492
vn -0.2586 0.0497 0.9647
vn -0.8288 0.1369 0.5425
vn -0.4122 -0.0989 0.9057
vn -0.7397 -0.1866 0.6465
vn -0.5724 -0.2229 0.7891
vn -0.5525 0.0130 0.8334
vn -0.3559 0.2206 0.9081
vn -0.3311 0.2958 0.8960
vn -0.6241 0.1504 0.7667
vn -0.8190 0.2138 0.5324
vn -0.5339 0.3454 0.7718
vn -0.8409 -0.2555 0.4771
vn -0.7947 0.2622 0.5474
vn -0.8777 0.2892 0.3822
vn -0.1254 -0.6634 0.7377
vn -0.4903 -0.6194 0.6131
vn -0.2390 -0.6496 0.7217
vn -0.6597 -0.1466 0.7371
vn -0.7331 0.0884 0.6744
vn -0.6533 -0.1229 0.7471
vn -0.4855 0.2071 0.8494
vn -0.2682 0.2744 0.9235
vn -0.3866 0.2190 0.8959
vn -0.5503 -0.1276 0.8251
vn -0.5296 -0.4261 0.7335
vn -0.3559 -0.3643 0.8606
vn -0.3132 0.3793 0.8706
vn -0.0738 0.3382 0.9382
vn -0.0851 0.2782 0.9567
vn 0.0119 0.2085 0.9779
vn -0.4937 0.4502 0.7440
vn -0.1871 0.3771 0.9071
vn 0.0286 -0.4827 0.8753
vn -0.0205 -0.4164 0.9090
vn 0.0842 -0.4516 0.8882
vn -0.7648 0.1126 0.6344
vn -0.6464 -0.1133 0.7545
vn -0.1588 -0.1638 0.9736
vn -0.4217 -0.4572 0.7830
vn -0.2953 -0.2079 0.9325
vn -0.0048 0.5357 0.8444
vn -0.6140 0.3335 0.7154
vn -0.5970 0.4128 0.6879
vn -0.9029 0.1386 0.4070
vn -0.7938 0.2099 0.5708
vn -0.8143 0.0577 0.5775
vn 0.1216 -0.4229 0.8980
vn -0.6045 -0.4089 0.6837
vn -0.1408 -0.6083 0.7811
vn -0.1133 -0.7592 0.6409
vn -0.2177 -0.5648 0.7960
vn -0.1460 -0.6792 0.7193
vn -0.5396 0.4684 0.6996
vn -0.1693 -0.1998 0.9651
vn -0.4688 -0.4957 0.7311
vn -0.3150 -0.4065 0.8576
vn -0.2892 -0.4039 0.8679
vn -0.2516 -0.3479 0.9031
vn -0.8443 0.3464 0.4089
vn -0.6831 0.4817 0.5489
vn -0.7495 0.3689 0.5498
vn -0.6287 0.2464 0.7376
vn -0.5775 0.2073 0.7896
vn -0.7551 -0.1513 0.6379
vn 0.1126 0.0836 0.9901
vn 0.0114 0.0338 0.9994
vn -0.6986 0.0332 0.7147
vn -0.0452 -0.4495 0.8921
vn 0.0195 -0.5622 0.8268
vn -0.0243 -0.6597 0.7512
vn -0.1324 0.2384 0.9621
vn -0.1932 -0.0844 0.9775
vn -0.2213 0.1190 0.9679
vn -0.3152 -0.6550 0.6867
vn -0.9876 -0.1139 0.1079
vn -0.9954 -0.0821 0.0488
vn -0.9940 -0.0430 0.1007
vn -0.8534 0.2467 0.4592
vn -0.7076 0.2330 0.6671
vn -0.5837 -0.0971 0.8061
vn -0.2535 0.3881 0.8860
vn 0.1548 0.3044 0.9399
vn 0.1218 0.3435 0.9312
vn 0.0035 0.7870 0.6170
vn 0.3309 0.4725 0.8168
vn 0.1812 0.5799 0.7943
vn -0.3867 -0.6434 0.6607
vn -0.1755 -0.5366 0.8254
vn -0.4077 0.0778 0.9098
vn -0.1200 -0.4756 0.8714
vn -0.2050 -0.4880 0.8484
vn -0.4890 0.4624 0.7396
vn -0.3139 0.3988 0.8616
vn -0.7237 -0.3464 0.5970
vn -0.6846 -0.0082 0.7289
vn -0.0502 -0.3586 0.9321
vn -0.5847 0.3492 0.7322
vn -0.5215 0.4075 0.7497
vn -0.5987 0.2417 0.7636
vn -0.5764 -0.3036 0.7587
vn -0.5439 -0.4001 0.7376
vn -0.7028 0.4311 0.5659
vn 0.1425 0.7247 0.6741
vn -0.4936 -0.4690 0.7324
vn -0.4534 -0.5316 0.7154
vn -0.0905 -0.4863 0.8691
vn -0.2422 0.3941 0.8866
vn 0.1545 -0.2831 0.9466
vn -0.4500 0.0103 0.8930
vn -0.6779 0.1284 0.7238
vn -0.5019 -0.4705 0.7258
vn -0.2997 -0.4417 0.8456
vn -0.4396 0.4766 0.7613
vn -0.4539 -0.0951 0.8860
vn -0.3531 -0.2182 0.9098
vn -0.5078 0.0927 0.8565
vn -0.7263 -0.3554 0.5884
vn -0.5459 -0.4640 0.6976
vn 0.1814 0.2279 0.9566
vn -0.1235 -0.0199 0.9921
vn -0.6252 0.0713 0.7772
vn -0.6922 0.1480 0.7064
vn -0.6998 0.2268 0.6774
vn -0.7838 0.0984 0.6132
vn -0.9233 0.0555 0.3801
vn -0.9034 -0.1163 0.4127
vn -0.8503 -0.1603 0.5013
vn -0.9429 -0.2327 0.2382
vn -0.7498 -0.2147 0.6258
vn -0.7611 0.1593 0.6288
vn -0.9262 0.0340 0.3755
vn -0.9655 -0.2382 0.1056
vn -0.9824 -0.1634 0.0905
vn -0.9874 -0.1335 0.0845
vn -0.9149 0.1612 0.3700
vn -0.9503 0.0464 0.3077
vn -0.8965 0.1549 0.4151
vn -0.9861 0.0309 0.1633
vn -0.9723 -0.0975 0.2122
vn -0.9599 0.0996 0.2622
vn -0.2997 0.4748 0.8275
vn -0.9470 0.0364 0.3191
vn -0.9568 0.0845 0.2783
vn -0.7221 -0.0895 0.6860
vn -0.8966 -0.1352 0.4218
vn -0.9734 0.0498 0.2234
vn -0.9928 -0.0197 0.1180
vn -0.3796 0.6993 0.6057
vn -0.5658 0.4371 0.6992
vn -0.8077 0.3958 0.4370
vn -0.7675 0.3220 0.5543
vn -0.8573 0.2142 0.4681
vn -0.9564 0.0911 0.2773
vn -0.3323 0.0864 0.9392
vn -0.1376 0.0942 0.9860
vn -0.5458 0.1454 0.8252
vn -0.4568 0.3158 0.8316
vn -0.2043 0.3026 0.9310
vn -0.6781 0.2847 0.6776
vn -0.9765 -0.1700 0.1322
vn -0.9617 -0.2237 0.1586
vn -0.9621 -0.2407 0.1283
vn -0.9775 -0.1727 0.1209
vn -0.9679 0.0005 0.2514
vn -0.9853 -0.0047 0.1706
vn -0.6379 0.5774 0.5096
vn -0.9621 -0.2352 0.1382
vn -0.3424 -0.5136 0.7867
vn -0.4115 -0.4451 0.7953
vn -0.4163 -0.4860 0.7685
vn -0.5183 -0.0483 0.8538
vn -0.5862 -0.0870 0.8055
vn -0.9265 0.2022 0.3174
vn -0.9509 0.0177 0.3089
vn -0.8062 0.4686 0.3612
vn -0.3848 0.8366 0.3900
vn -0.6339 0.6766 0.3747
vn -0.4063 -0.5045 0.7619
vn -0.9953 -0.0909 0.0324
vn 0.9347 0.0398 0.3531
vn 0.7964 -0.4806 0.3671
vn 0.7987 -0.4389 0.4116
vn 0.8166 -0.3186 0.4814
vn 0.9452 0.1847 0.2691
vn 0.9167 0.2207 0.3332
vn 0.8980 0.3140 0.3082
vn -0.0082 -0.6128 0.7902
vn 0.5788 -0.6143 0.5363
vn 0.0111 -0.8592 0.5114
vn 0.6058 -0.0705 0.7925
vn 0.3099 -0.2086 0.9276
vn 0.5363 0.0031 0.8440
vn 0.8909 0.4302 0.1456
vn 0.8915 0.3920 0.2271
vn 0.8971 0.4063 0.1735
vn 0.3561 -0.7894 0.5000
vn 0.6346 -0.6047 0.4812
vn 0.4146 -0.5758 0.7047
vn 0.8257 -0.2441 0.5086
vn 0.5382 -0.8284 0.1554
vn 0.5701 -0.7674 0.2935
vn 0.0167 -0.9269 0.3748
vn 0.4972 0.5655 0.6580
vn 0.7978 0.2751 0.5365
vn 0.7971 0.4608 0.3902
vn 0.7405 -0.1774 0.6482
vn 0.4688 -0.1530 0.8699
vn 0.0583 -0.9105 0.4093
vn -0.1800 -0.9722 0.1498
vn -0.0780 -0.9324 0.3530
vn 0.0045 -0.5559 0.8312
vn 0.4571 -0.3885 0.8001
vn -0.0300 -0.3416 0.9394
vn 0.5369 -0.4229 0.7300
vn -0.0091 0.6797 0.7335
vn -0.0107 0.6110 0.7916
vn 0.7730 -0.1434 0.6180
vn 0.7887 -0.4470 0.4220
vn 0.2114 -0.6299 0.7473
vn 0.4710 -0.8358 0.2822
vn 0.4898 0.3081 0.8156
vn 0.6319 -0.0140 0.7749
vn 0.0112 -0.7961 0.6050
vn 0.1953 -0.9325 0.3038
vn 0.9900 0.0337 0.1368
vn 0.9518 0.3039 0.0403
vn 0.9496 0.3074 0.0617
vn 0.8863 0.3930 0.2448
vn 0.8118 0.4607 0.3588
vn 0.8974 0.3625 0.2514
vn 0.8964 0.2498 0.3662
vn 0.5184 -0.1364 0.8442
vn 0.3769 -0.1541 0.9133
vn 0.5708 -0.7796 0.2578
vn 0.5146 0.6142 0.5983
vn 0.6154 0.0565 0.7862
vn 0.9141 -0.3707 0.1640
vn -0.0068 0.6541 0.7564
vn 0.8198 0.4046 0.4052
vn 0.8738 0.3025 0.3808
vn 0.5544 0.5633 0.6126
vn -0.0091 0.3481 0.9374
vn 0.8132 0.3608 0.4567
vn 0.5668 0.5035 0.6521
vn -0.0045 0.6107 0.7918
vn -0.0020 0.5167 0.8562
vn 0.5790 0.4112 0.7040
vn 0.7540 -0.3059 0.5813
vn -0.0603 -0.6837 0.7273
vn 0.0457 -0.9924 -0.1144
vn 0.5669 -0.8060 0.1702
vn 0.7006 -0.7108 -0.0619
vn 0.4853 -0.4545 0.7469
vn 0.7947 -0.4913 0.3564
vn 0.0144 -0.9032 0.4289
vn -0.7950 -0.4882 0.3599
vn -0.9168 0.0060 0.3993
vn -0.7936 -0.4507 0.4087
vn -0.9479 0.1512 0.2805
vn -0.8103 -0.3448 0.4738
vn -0.9211 0.1901 0.3397
vn -0.9011 0.3032 0.3099
vn -0.5785 -0.6239 0.5254
vn -0.4723 -0.4024 0.7842
vn -0.3361 -0.2343 0.9122
vn -0.6010 -0.0689 0.7963
vn -0.5345 -0.0019 0.8452
vn -0.9002 0.3656 0.2366
vn -0.8941 0.4206 0.1539
vn -0.9030 0.3864 0.1879
vn -0.3388 -0.7986 0.4974
vn -0.6310 -0.6162 0.4714
vn -0.5619 -0.7912 0.2412
vn -0.8222 -0.2644 0.5041
vn -0.7408 -0.1898 0.6443
vn -0.5614 -0.7781 0.2817
vn -0.5144 0.5411 0.6652
vn -0.8042 0.2477 0.5403
vn -0.5031 0.2915 0.8136
vn -0.4059 -0.5821 0.7045
vn -0.0778 -0.9092 0.4090
vn 0.1716 -0.9719 0.1609
vn -0.1953 -0.9324 0.3041
vn -0.4730 -0.1616 0.8661
vn -0.0042 -0.1144 0.9934
vn -0.5567 -0.4314 0.7099
vn -0.2375 -0.6346 0.7355
vn -0.7773 -0.1280 0.6160
vn -0.7840 -0.4631 0.4135
vn -0.4561 -0.8468 0.2737
vn -0.6398 -0.0248 0.7681
vn -0.9560 0.2853 0.0680
vn -0.9873 0.0087 0.1589
vn -0.9547 0.2837 0.0895
vn -0.8277 0.4262 0.3651
vn -0.8977 0.3609 0.2528
vn -0.8110 0.4240 0.4031
vn -0.9098 0.3316 0.2495
vn -0.9007 0.2216 0.3736
vn -0.5270 -0.1419 0.8379
vn -0.3880 -0.1515 0.9091
vn -0.5249 -0.8402 0.1358
vn -0.6946 -0.7139 -0.0894
vn -0.5307 0.5915 0.6071
vn -0.6219 0.0537 0.7812
vn -0.9232 -0.3593 0.1363
vn -0.6366 -0.1836 0.7490
vn -0.8341 0.3845 0.3956
vn -0.8849 0.2782 0.3735
vn -0.5672 0.5513 0.6118
vn -0.8237 0.3608 0.4375
vn -0.5795 0.5046 0.6400
vn -0.5910 0.4154 0.6915
vn -0.7620 -0.2945 0.5767
vn 0.0399 -0.6823 0.7300
vn -0.0479 -0.9926 -0.1114
vn -0.5718 -0.8058 0.1539
vn -0.8064 -0.4849 0.3385
vn -0.4827 -0.4520 0.7501
vn 0.0629 -0.9310 0.3594
vn 0.4056 -0.6801 0.6107
vn 0.0862 -0.3485 0.9333
vn 0.4332 -0.5107 0.7426
vn 0.4582 -0.1921 0.8678
vn 0.6631 -0.2265 0.7134
vn 0.6538 -0.2502 0.7141
vn 0.1836 -0.3509 0.9182
vn -0.0239 -0.6388 0.7690
vn 0.1382 -0.6285 0.7654
vn 0.4173 -0.5108 0.7517
vn 0.5557 -0.3452 0.7563
vn 0.5317 -0.1284 0.8371
vn 0.4266 -0.0415 0.9035
vn 0.5446 0.1697 0.8214
vn 0.4729 0.1855 0.8614
vn 0.2573 -0.6724 0.6940
vn 0.3420 -0.4188 0.8412
vn 0.2052 -0.8953 0.3954
vn 0.0090 -0.0929 0.9956
vn 0.2968 -0.8116 0.5031
vn 0.6988 0.2254 0.6789
vn 0.4335 0.6516 0.6225
vn 0.6618 0.4235 0.6186
vn 0.4978 -0.6506 0.5735
vn 0.0917 -0.9765 0.1948
vn 0.1646 -0.9272 0.3364
vn -0.0224 -0.4362 0.8996
vn 0.2251 -0.2260 0.9478
vn -0.0166 -0.2523 0.9675
vn 0.4156 0.8405 0.3477
vn 0.3351 0.8506 0.4051
vn 0.2059 0.9618 0.1806
vn 0.0128 0.5658 0.8244
vn 0.2009 0.2308 0.9520
vn 0.1391 0.5650 0.8133
vn 0.4660 0.4534 0.7598
vn 0.0928 -0.2232 0.9703
vn 0.4481 0.2252 0.8652
vn 0.5025 -0.4745 0.7227
vn 0.1711 -0.8474 0.5026
vn 0.3861 -0.3790 0.8410
vn 0.4704 -0.1490 0.8698
vn 0.1816 -0.4229 0.8878
vn 0.4191 -0.3184 0.8503
vn 0.5569 0.6639 0.4990
vn -0.0968 -0.0406 0.9945
vn 0.5337 0.5760 0.6192
vn 0.5689 -0.0738 0.8191
vn 0.6555 0.0164 0.7550
vn -0.0222 0.2022 0.9791
vn 0.1912 0.0258 0.9812
vn 0.1963 0.0813 0.9772
vn 0.8061 -0.2803 0.5212
vn 0.8212 -0.2334 0.5208
vn 0.6311 -0.1280 0.7651
vn 0.7066 0.0878 0.7022
vn -0.0013 0.2256 0.9742
vn -0.0142 0.0864 0.9962
vn 0.4677 0.2527 0.8470
vn -0.0326 -0.8182 0.5740
vn 0.4233 -0.6508 0.6303
vn 0.3002 -0.7419 0.5995
vn 0.2995 -0.8173 0.4922
vn 0.0204 0.8158 0.5779
vn 0.1991 -0.8732 0.4449
vn -0.0122 -0.0445 0.9989
vn 0.6970 0.0967 0.7105
vn 0.6232 0.5205 0.5837
vn 0.4057 0.8060 0.4311
vn 0.2597 0.7582 0.5981
vn 0.2669 0.8016 0.5350
vn -0.2729 -0.0749 0.9591
vn 0.0921 0.7784 0.6210
vn 0.0850 0.8085 0.5823
vn 0.3641 0.5475 0.7534
vn 0.0928 -0.8391 0.5360
vn 0.0017 0.3546 0.9350
vn 0.2826 -0.2675 0.9212
vn 0.4573 -0.1570 0.8754
vn 0.4128 -0.2072 0.8870
vn 0.4118 0.0849 0.9073
vn 0.3519 -0.0602 0.9341
vn 0.5670 -0.0602 0.8215
vn 0.6281 0.0143 0.7780
vn 0.5901 0.0393 0.8064
vn 0.5839 -0.0053 0.8118
vn 0.1426 -0.3375 0.9305
vn 0.4660 -0.3132 0.8275
vn 0.7142 -0.1788 0.6768
vn 0.5054 0.0836 0.8588
vn 0.4045 0.0792 0.9111
vn 0.6593 0.0543 0.7499
vn 0.5277 0.1216 0.8407
vn 0.4532 0.0483 0.8901
vn 0.5946 -0.0983 0.7980
vn 0.4081 -0.1814 0.8947
vn 0.1574 -0.1059 0.9818
vn 0.2982 0.1898 0.9354
vn -0.0019 -0.1912 0.9815
vn 0.3753 -0.1325 0.9174
vn 0.5162 0.2604 0.8159
vn 0.5527 -0.1714 0.8156
vn 0.6459 -0.0573 0.7612
vn 0.1810 -0.1234 0.9757
vn 0.4866 -0.2213 0.8452
vn 0.6570 -0.2124 0.7234
vn -0.0183 -0.0779 0.9968
vn -0.0448 -0.2196 0.9746
vn -0.0470 -0.0212 0.9987
vn 0.6532 -0.4549 0.6053
vn 0.2638 -0.8740 0.4080
vn 0.4819 -0.7887 0.3817
vn 0.5438 0.2452 0.8026
vn 0.7354 -0.4326 0.5216
vn 0.0037 0.2507 0.9681
vn 0.2226 0.2051 0.9531
vn -0.0197 -0.0585 0.9981
vn 0.5817 -0.7374 0.3433
vn 0.3210 -0.9124 0.2539
vn 0.3707 -0.8954 0.2466
vn 0.6559 -0.7106 0.2547
vn 0.7781 -0.5067 0.3712
vn -0.0036 -0.6201 0.7845
vn 0.8040 -0.3472 0.4827
vn 0.8037 -0.2062 0.5582
vn 0.9195 -0.2319 0.3174
vn 0.1802 -0.9588 0.2195
vn 0.1838 -0.9579 0.2205
vn 0.4796 -0.8391 0.2566
vn 0.0054 -0.9779 0.2090
vn 0.2438 -0.9150 0.3214
vn 0.3616 -0.5832 0.7274
vn 0.0021 -0.8976 0.4409
vn 0.0016 -0.9757 0.2192
vn 0.0037 -0.9462 0.3235
vn 0.9237 -0.1832 0.3365
vn 0.8999 -0.3477 0.2634
vn 0.8460 -0.5087 0.1596
vn 0.9539 -0.2713 0.1282
vn 0.9672 -0.1684 0.1900
vn 0.7801 -0.6151 0.1150
vn 0.7244 -0.6261 0.2885
vn 0.3922 -0.7707 0.5022
vn -0.0125 -0.8441 0.5360
vn 0.9022 -0.4307 0.0236
vn 0.8734 -0.4862 0.0276
vn 0.9290 -0.3353 -0.1568
vn 0.9871 -0.1553 -0.0391
vn 0.9425 -0.3045 -0.1376
vn 0.9769 -0.1987 0.0790
vn 0.9946 -0.1032 -0.0129
vn 0.9349 -0.3528 -0.0381
vn 0.9664 -0.2238 0.1264
vn 0.7445 -0.6661 -0.0451
vn 0.4860 -0.8455 -0.2214
vn 0.9775 -0.1676 0.1284
vn 0.9621 -0.2686 -0.0462
vn 0.9434 -0.3217 -0.0808
vn 0.9355 -0.3439 -0.0808
vn 0.8939 -0.3963 0.2097
vn 0.9699 -0.2350 0.0631
vn 0.9316 -0.3619 -0.0352
vn 0.1654 -0.2728 0.9477
vn -0.0296 -0.6596 0.7510
vn 0.6301 0.2783 0.7250
vn 0.0080 0.1466 0.9892
vn 0.9734 -0.2291 0.0091
vn 0.9687 -0.2479 0.0145
vn 0.4887 0.6445 0.5880
vn -0.4723 -0.6483 0.5972
vn -0.1200 -0.3758 0.9189
vn -0.1542 -0.2912 0.9442
vn -0.7097 -0.2211 0.6689
vn -0.4936 -0.1818 0.8505
vn -0.6896 -0.2638 0.6744
vn -0.2297 -0.3433 0.9107
vn -0.1920 -0.6270 0.7550
vn -0.4909 -0.4945 0.7172
vn -0.6127 -0.2940 0.7336
vn -0.4756 -0.6320 0.6119
vn -0.5807 0.1757 0.7949
vn -0.4735 -0.0186 0.8806
vn -0.5038 0.2031 0.8396
vn -0.3258 -0.6731 0.6639
vn -0.4037 -0.4067 0.8195
vn -0.1213 -0.1781 0.9765
vn -0.2461 -0.9009 0.3575
vn -0.3483 -0.8060 0.4786
vn -0.4810 0.5813 0.6563
vn -0.7227 0.2216 0.6547
vn -0.6649 0.4315 0.6096
vn -0.2197 -0.9235 0.3145
vn -0.0512 -0.9957 0.0766
vn -0.4559 -0.7509 0.4778
vn -0.2660 -0.2102 0.9408
vn -0.2261 -0.4016 0.8875
vn -0.1040 0.9841 0.1438
vn -0.5353 0.6936 0.4821
vn -0.3848 0.8655 0.3208
vn -0.4867 -0.4763 0.7323
vn -0.6036 -0.0617 0.7949
vn -0.2134 0.2422 0.9465
vn -0.1206 0.5752 0.8091
vn -0.5224 0.3611 0.7725
vn -0.4634 0.2548 0.8487
vn -0.3540 0.5739 0.7385
vn -0.2556 -0.8420 0.4751
vn -0.5367 -0.5380 0.6501
vn -0.4467 -0.3804 0.8098
vn -0.5140 -0.1211 0.8492
vn -0.4800 -0.2743 0.8333
vn -0.2888 0.8680 0.4039
vn 0.0532 -0.0634 0.9966
vn -0.2262 0.0463 0.9730
vn -0.5190 0.6078 0.6011
vn -0.5900 -0.0945 0.8018
vn -0.6907 0.0456 0.7217
vn -0.8411 -0.2953 0.4532
vn -0.6716 -0.0844 0.7361
vn -0.0181 -0.3356 0.9418
vn -0.4889 0.2118 0.8462
vn -0.3341 -0.8213 0.4625
vn -0.0583 0.0412 0.9974
vn -0.1850 -0.9596 0.2121
vn -0.2625 -0.8756 0.4055
vn -0.0950 0.0198 0.9953
vn -0.4069 0.0036 0.9134
vn -0.6727 0.3941 0.6262
vn -0.3593 0.8307 0.4252
vn -0.2089 0.7847 0.5836
vn -0.4696 0.6448 0.6031
vn -0.2168 0.8309 0.5125
vn -0.0458 0.8006 0.5974
vn -0.1486 -0.8401 0.5216
vn -0.0384 0.8185 0.5732
vn -0.3669 -0.7499 0.5505
vn -0.3047 -0.2828 0.9095
vn -0.4197 -0.2335 0.8771
vn -0.4912 -0.2750 0.8265
vn -0.4233 0.0749 0.9029
vn -0.5631 0.2483 0.7882
vn -0.3769 -0.0392 0.9254
vn -0.6116 -0.0352 0.7904
vn -0.6213 0.0776 0.7797
vn -0.6736 0.0371 0.7382
vn -0.3919 -0.2634 0.8815
vn -0.1758 -0.3411 0.9234
vn -0.4796 -0.3192 0.8174
vn -0.7649 -0.1604 0.6239
vn -0.5125 0.0418 0.8576
vn -0.4098 0.0872 0.9080
vn -0.6228 0.0364 0.7815
vn -0.5662 0.1379 0.8127
vn -0.4909 0.0824 0.8673
vn -0.6332 -0.0420 0.7728
vn -0.4593 -0.1298 0.8788
vn -0.1924 -0.1239 0.9735
vn -0.3146 0.1856 0.9309
vn -0.3966 -0.1418 0.9070
vn -0.5310 0.2361 0.8138
vn -0.6789 0.0947 0.7281
vn -0.6864 -0.0409 0.7261
vn -0.1841 -0.1095 0.9768
vn -0.0362 -0.0700 0.9969
vn -0.5009 -0.8002 0.3298
vn -0.3683 -0.5842 0.7232
vn -0.6929 -0.4418 0.5699
vn -0.7823 -0.4243 0.4561
vn -0.7302 0.1025 0.6755
vn -0.2138 0.2292 0.9496
vn -0.2219 0.0994 0.9700
vn -0.6079 -0.7471 0.2689
vn -0.3194 -0.9237 0.2116
vn -0.6678 -0.7256 0.1658
vn -0.8079 -0.5086 0.2978
vn -0.8402 -0.3485 0.4154
vn -0.6885 -0.2629 0.6759
vn -0.8524 -0.2573 0.4552
vn -0.8328 -0.2409 0.4985
vn -0.9342 -0.2576 0.2469
vn -0.1699 -0.9669 0.1903
vn -0.3740 -0.9088 0.1852
vn -0.1742 -0.9639 0.2015
vn -0.2506 -0.8849 0.3926
vn -0.4743 -0.8654 0.1616
vn -0.2405 -0.9346 0.2621
vn -0.9154 -0.2210 0.3365
vn -0.9390 -0.2133 0.2697
vn -0.9120 -0.3587 0.1990
vn -0.8476 -0.5220 0.0955
vn -0.9499 -0.2988 0.0920
vn -0.7568 -0.6526 0.0380
vn -0.6845 -0.7043 0.1882
vn -0.3959 -0.8249 0.4035
vn -0.8888 -0.4581 -0.0107
vn -0.8461 -0.5329 -0.0070
vn -0.9541 -0.2937 -0.0590
vn -0.9044 -0.4148 -0.0996
vn -0.8942 -0.4189 -0.1580
vn -0.9638 -0.2468 0.1009
vn -0.9701 -0.2125 0.1169
vn -0.9624 -0.2654 -0.0578
vn -0.9052 -0.4244 -0.0239
vn -0.6634 -0.7465 -0.0509
vn -0.9682 -0.2038 0.1452
vn -0.9314 -0.3636 -0.0179
vn -0.9475 -0.3130 0.0647
vn -0.9113 -0.4075 0.0588
vn -0.8571 -0.4881 0.1646
vn -0.9604 -0.2715 0.0629
vn -0.9586 -0.2802 0.0500
vn -0.1908 -0.2406 0.9517
vn -0.6427 0.3207 0.6958
vn -0.9583 -0.2719 0.0884
vn -0.9147 -0.4036 -0.0194
vn -0.9353 -0.3410 0.0945
vn 0.0654 -0.0008 0.9979
vn -0.2876 0.0490 0.9565
vn -0.5074 0.1376 0.8506
vn -0.3364 0.1695 0.9263
vn 0.1627 -0.1382 0.9770
vn 0.4778 0.0095 0.8784
vn 0.6830 0.0930 0.7245
vn 0.4648 -0.4080 0.7858
vn -0.0731 -0.0535 0.9959
vn 0.2846 0.0049 0.9586
vn 0.5024 0.0898 0.8600
vn -0.4687 -0.0608 0.8813
vn 0.3642 0.0864 0.9273
vn -0.6829 -0.0064 0.7305
vn 0.1355 -0.9768 0.1661
vn 0.9970 -0.0408 0.0665
vn 0.8806 0.3136 0.3553
vn 0.5176 0.8416 0.1543
vn 0.9541 -0.2090 0.2146
vn 0.9907 -0.0852 0.1062
vn 0.9745 -0.2078 0.0850
vn -0.7156 0.0386 -0.6975
vn 0.1818 -0.3389 -0.9231
vn -0.7560 -0.1466 -0.6379
vn -0.3433 0.9327 -0.1104
vn 0.3700 0.7501 -0.5482
vn 0.4239 0.8961 -0.1314
vn -0.3873 -0.8869 -0.2517
vn 0.5779 -0.7371 -0.3503
vn -0.3629 -0.7487 -0.5547
vn 0.9727 -0.2251 0.0565
vn -0.5943 -0.0436 -0.8030
vn 0.5674 -0.4216 -0.7073
vn 0.7882 -0.1835 -0.5874
vn 0.7085 0.6757 0.2037
vn 0.9407 0.2582 0.2198
vn 0.6848 0.5882 0.4303
vn 0.5604 -0.6810 -0.4714
vn -0.5072 -0.3895 -0.7688
vn -0.4110 -0.6176 -0.6705
vn 0.5992 0.6660 0.4443
vn 0.7716 0.6362 -0.0035
vn -0.1772 -0.8815 -0.4377
vn -0.5103 -0.6050 -0.6111
vn 0.8927 0.3760 -0.2484
vn -0.0394 0.0837 -0.9957
vn -0.5720 0.6609 -0.4858
vn -0.6855 0.3061 -0.6606
vn 0.8054 0.2013 0.5575
vn 0.8704 0.1245 0.4764
vn 0.9532 0.0521 0.2977
vn 0.8397 -0.5358 -0.0883
vn 0.8761 -0.4389 -0.1998
vn 0.8755 -0.4258 -0.2286
vn 0.6531 -0.5806 0.4861
vn 0.9638 -0.0101 0.2663
vn 0.7874 -0.1896 0.5866
vn 0.8832 -0.1100 0.4560
vn 0.9458 -0.3194 0.0588
vn 0.7777 -0.3350 0.5320
vn 0.3735 -0.7582 -0.5344
vn 0.9589 -0.2642 0.1036
vn 0.6910 -0.7061 -0.1546
vn 0.1084 -0.9453 0.3076
vn 0.0392 -0.9978 -0.0538
vn 0.9837 0.0099 0.1794
vn 0.9849 0.0115 0.1725
vn 0.5157 0.0252 -0.8564
vn 0.6113 0.3494 -0.7101
vn 0.8283 -0.5403 0.1483
vn 0.6670 -0.7425 0.0613
vn -0.6619 -0.3244 -0.6758
vn 0.2560 -0.5818 -0.7720
vn 0.2675 0.9178 0.2933
vn 0.9390 -0.1842 0.2905
vn 0.7897 -0.5987 0.1343
vn 0.5526 0.0645 0.8309
vn 0.7178 -0.1443 0.6812
vn 0.9683 -0.0620 0.2421
vn 0.9673 -0.2486 0.0512
vn 0.9631 0.0831 0.2559
vn 0.9416 0.0236 0.3360
vn 0.9273 -0.3740 -0.0129
vn 0.7789 -0.6098 -0.1462
vn 0.9625 -0.2713 0.0010
vn 0.9581 -0.2626 -0.1146
vn 0.9020 -0.4313 0.0191
vn 0.7116 0.5299 -0.4614
vn 0.7928 0.5946 -0.1339
vn 0.4609 0.4749 0.7497
vn 0.5910 0.6382 0.4935
vn 0.9993 0.0316 0.0183
vn 0.9661 -0.1987 -0.1650
vn 0.9794 -0.1998 0.0288
vn 0.9318 -0.3122 0.1852
vn 0.9319 -0.2816 0.2285
vn 0.7706 -0.5079 0.3849
vn 0.9659 0.2430 0.0891
vn 0.9090 -0.4162 0.0233
vn 0.9061 -0.4131 -0.0911
vn 0.9161 -0.3988 -0.0423
vn 0.8166 0.2851 0.5019
vn 0.9311 0.2064 0.3008
vn 0.8590 -0.2832 0.4264
vn 0.9877 -0.1557 -0.0169
vn 0.6830 -0.4305 0.5901
vn 0.9228 -0.3801 -0.0635
vn 0.9286 -0.3482 -0.1283
vn 0.9496 0.3056 0.0703
vn 0.9647 0.0113 0.2630
vn 0.9856 -0.1262 -0.1124
vn 0.9779 -0.0123 0.2088
vn 0.8195 -0.1716 0.5468
vn 0.9835 -0.0637 0.1693
vn 0.9975 -0.0185 0.0676
vn 0.9828 -0.1365 0.1243
vn 0.7923 0.5050 0.3425
vn 0.6317 0.3490 0.6923
vn 0.8551 0.1493 0.4965
vn 0.8864 -0.4567 -0.0750
vn 0.9464 -0.1368 0.2927
vn 0.8802 0.3060 0.3628
vn 0.9354 -0.3168 0.1567
vn 0.9884 -0.0376 0.1469
vn 0.8035 -0.4876 0.3416
vn 0.1064 -0.9302 0.3514
vn 0.9450 -0.1099 0.3081
vn 0.9335 -0.1511 0.3253
vn 0.9047 -0.0741 0.4195
vn 0.9957 -0.0712 0.0585
vn 0.9779 -0.1106 0.1775
vn 0.9627 -0.2643 0.0584
vn 0.9531 -0.2712 0.1345
vn 0.9400 -0.2420 0.2404
vn 0.9717 -0.1799 0.1532
vn 0.9851 -0.1717 0.0136
vn 0.8860 -0.1241 0.4468
vn 0.9907 -0.0625 -0.1205
vn 0.9597 -0.0039 -0.2809
vn -0.5814 -0.1858 -0.7921
vn 0.5501 -0.5685 -0.6117
vn 0.8910 0.0030 -0.4540
vn 0.8339 -0.1779 -0.5224
vn 0.9796 -0.0166 0.2002
vn 0.9032 0.4283 -0.0264
vn 0.8273 0.3139 -0.4658
vn 0.7385 0.1124 -0.6649
vn 0.9218 -0.0072 -0.3876
vn 0.9316 -0.3512 -0.0934
vn 0.9322 -0.3137 -0.1804
vn -0.4831 0.8446 0.2306
vn -0.9797 -0.0229 0.1993
vn -0.9938 0.0099 0.1110
vn -0.9785 -0.1042 0.1778
vn -0.9372 -0.2358 0.2569
vn -0.9548 -0.2403 0.1751
vn -0.2415 -0.2971 -0.9238
vn 0.7193 0.0560 -0.6925
vn 0.7477 -0.0957 -0.6571
vn 0.2616 0.9577 -0.1202
vn -0.2735 0.6226 -0.7332
vn 0.5269 0.6591 -0.5366
vn 0.3225 -0.8523 -0.4119
vn -0.5341 -0.7352 -0.4173
vn -0.4394 -0.8419 -0.3133
vn -0.9921 -0.1255 0.0037
vn -0.3992 0.8865 -0.2342
vn -0.9919 -0.1212 0.0384
vn 0.4248 -0.0293 -0.9048
vn -0.5811 -0.3911 -0.7137
vn 0.4274 -0.1806 -0.8859
vn -0.7072 0.6370 0.3068
vn -0.8898 0.3098 0.3352
vn -0.9228 0.3528 0.1551
vn 0.3863 -0.3691 -0.8453
vn -0.5338 -0.6603 -0.5282
vn 0.3289 -0.5748 -0.7493
vn -0.7714 0.6294 0.0942
vn -0.5626 0.6254 0.5407
vn 0.1603 -0.8340 -0.5280
vn 0.2973 -0.6934 -0.6564
vn -0.0605 -0.9846 -0.1643
vn -0.8987 0.4041 -0.1704
vn 0.1607 0.1958 -0.9674
vn 0.6833 0.2907 -0.6697
vn -0.9064 0.0134 0.4222
vn -0.9194 0.0963 0.3813
vn -0.7623 0.1388 0.6321
vn -0.9090 -0.4029 -0.1065
vn -0.8633 -0.5046 -0.0085
vn -0.9125 -0.3927 -0.1142
vn -0.7748 -0.2007 0.5996
vn -0.8912 -0.2873 0.3510
vn -0.6912 -0.5429 0.4770
vn -0.8637 -0.1486 0.4816
vn -0.9420 -0.2996 0.1514
vn -0.9555 -0.2599 0.1397
vn -0.9655 -0.1852 0.1833
vn -0.4094 -0.7162 -0.5651
vn -0.7096 -0.6853 -0.1637
vn -0.1208 -0.9688 0.2164
vn -0.9502 0.0851 0.2997
vn -0.8657 0.2627 0.4261
vn -0.6059 0.0833 -0.7912
vn -0.6889 0.3412 -0.6395
vn -0.8576 -0.4762 0.1944
vn -0.7311 -0.6722 0.1169
vn 0.6459 -0.2595 -0.7179
vn 0.5005 -0.5363 -0.6796
vn -0.2587 0.8929 0.3686
vn -0.9238 -0.1296 0.3603
vn -0.7988 -0.5806 0.1577
vn -0.5542 0.0121 0.8323
vn -0.7881 -0.3548 0.5029
vn -0.6785 -0.1593 0.7171
vn -0.9467 -0.1080 0.3035
vn -0.8693 0.0421 0.4925
vn -0.9944 -0.0661 0.0822
vn -0.8478 -0.0259 0.5298
vn -0.7405 -0.2358 0.6293
vn -0.9214 -0.3797 0.0833
vn -0.9056 -0.4094 0.1110
vn -0.9301 -0.0356 0.3656
vn -0.3043 -0.5279 -0.7929
vn -0.9756 -0.1949 0.1013
vn -0.9842 -0.1746 0.0306
vn -0.7606 0.4828 -0.4340
vn -0.8994 -0.4210 0.1176
vn -0.8358 0.5466 -0.0522
vn -0.4727 0.4017 0.7843
vn -0.5652 0.5820 0.5847
vn -0.9296 0.0652 0.3627
vn -0.9981 0.0344 0.0510
vn -0.9719 -0.2001 -0.1242
vn -0.9588 -0.0324 -0.2823
vn -0.8895 -0.3686 0.2701
vn -0.9188 -0.2769 0.2814
vn -0.7434 -0.5010 0.4431
vn -0.9604 0.1853 0.2080
vn -0.9484 -0.2089 0.2386
vn -0.9317 -0.3615 0.0339
vn -0.9239 -0.3812 0.0336
vn -0.7475 0.2796 0.6026
vn -0.6768 0.5234 0.5177
vn -0.7311 -0.1748 -0.6594
vn -0.9612 -0.0418 -0.2728
vn -0.6035 -0.4303 0.6713
vn -0.9355 -0.3530 0.0149
vn -0.9402 -0.3402 0.0138
vn -0.9565 0.0982 0.2748
vn -0.9940 -0.0233 0.1068
vn -0.9740 -0.0926 0.2067
vn -0.9738 -0.1686 0.1529
vn -0.9782 -0.1867 0.0912
vn -0.7918 0.4669 0.3939
vn -0.6384 0.2783 0.7176
vn -0.8176 -0.5724 -0.0619
vn -0.9348 -0.1688 0.3125
vn -0.8578 0.2374 0.4559
vn -0.9276 -0.3101 0.2084
vn -0.8854 0.2463 0.3942
vn -0.9665 -0.1089 0.2324
vn -0.6677 -0.5330 0.5197
vn -0.8852 -0.1174 0.4502
vn -0.9294 -0.0226 0.3684
vn -0.8777 -0.0156 0.4790
vn -0.9925 -0.0708 0.0994
vn -0.9234 -0.1985 0.3285
vn -0.9437 -0.2724 0.1875
vn -0.0170 -0.9612 0.2752
vn -0.9038 -0.2894 0.3154
vn -0.9433 0.0946 0.3181
vn -0.9141 -0.4035 0.0402
vn -0.8221 -0.1184 0.5568
vn -0.9863 -0.0832 -0.1423
vn -0.5393 -0.5389 -0.6471
vn -0.8475 0.1029 0.5207
vn -0.8785 0.0074 -0.4776
vn -0.8343 -0.1879 -0.5183
vn -0.9715 -0.0099 0.2370
vn -0.9083 0.4176 0.0240
vn -0.8368 0.3579 -0.4144
vn -0.7429 0.1439 -0.6537
vn -0.9417 0.0193 -0.3359
vn -0.9454 -0.3134 -0.0890
vn -0.9359 -0.3180 -0.1514
vn 0.9364 -0.3484 -0.0420
vn 0.9053 -0.4036 -0.1323
vn 0.9067 -0.3770 -0.1889
vn 0.8749 -0.4065 -0.2632
vn 0.9818 -0.1893 0.0119
vn 0.9873 -0.1512 0.0483
vn 0.9645 -0.2377 -0.1154
vn 0.8966 -0.3162 -0.3100
vn 0.9303 -0.2167 -0.2960
vn 0.9823 -0.0959 0.1607
vn 0.9853 -0.0736 0.1541
vn 0.9800 -0.1961 -0.0328
vn 0.9784 0.0128 0.2064
vn 0.9484 0.2788 0.1509
vn 0.9366 0.2458 0.2496
vn 0.8027 0.5821 0.1298
vn 0.7973 0.5359 0.2779
vn 0.3343 0.9115 0.2394
vn 0.5924 0.8021 0.0750
vn 0.3136 0.9493 0.0230
vn -0.0054 0.9751 0.2215
vn -0.0049 1.0000 0.0047
vn 0.6058 0.7520 0.2599
vn 0.9820 -0.0390 0.1848
vn 0.8314 0.5503 -0.0772
vn 0.6106 0.7796 -0.1394
vn 0.9837 0.0420 0.1749
vn 0.9592 0.2828 -0.0019
vn 0.9939 0.0788 0.0770
vn 0.9621 0.2186 -0.1633
vn 0.3354 0.9210 -0.1983
vn 0.6565 0.6621 -0.3614
vn 0.3586 0.8134 -0.4581
vn -0.0044 0.9750 -0.2222
vn -0.0034 0.8617 -0.5075
vn 0.8623 0.4312 -0.2656
vn 0.9952 0.0634 -0.0746
vn 0.9371 0.0988 -0.3347
vn 0.6779 0.4340 -0.5934
vn 0.8669 0.2322 -0.4412
vn 0.3565 0.5793 -0.7330
vn -0.0017 0.6179 -0.7863
vn 0.8185 0.0249 -0.5740
vn 0.3361 0.2462 -0.9091
vn 0.0003 0.2800 -0.9600
vn 0.6442 0.1384 -0.7522
vn 0.8610 -0.2180 -0.4595
vn 0.8441 -0.3719 -0.3862
vn 0.9428 -0.2062 -0.2620
vn 0.5879 -0.0759 -0.8053
vn 0.8788 -0.0308 -0.4763
vn 0.7656 -0.1200 -0.6320
vn 0.3019 -0.0297 -0.9529
vn 0.0019 -0.0095 -1.0000
vn 0.7967 -0.3721 -0.4762
vn 0.5024 -0.2710 -0.8210
vn 0.2069 -0.2422 -0.9479
vn 0.2423 -0.2819 -0.9283
vn 0.2770 -0.1925 -0.9414
vn 0.7934 -0.3308 -0.5110
vn 0.7107 -0.2957 -0.6383
vn 0.4953 -0.2561 -0.8301
vn 0.0028 -0.1914 -0.9815
vn 0.7671 -0.3263 -0.5523
vn 0.7203 -0.2951 -0.6278
vn 0.8219 -0.1409 -0.5520
vn 0.9183 -0.0757 -0.3885
vn 0.8629 -0.1682 -0.4766
vn 0.5280 -0.1208 -0.8406
vn 0.2100 -0.0523 -0.9763
vn -0.0013 -0.0450 -0.9990
vn 0.0031 -0.2627 -0.9649
vn 0.7624 -0.1906 -0.6183
vn 0.7310 -0.2056 -0.6506
vn 0.9700 0.0130 -0.2428
vn 0.7887 -0.2340 -0.5686
vn 0.8173 -0.2730 -0.5074
vn 0.9637 -0.2579 -0.0693
vn 0.9078 -0.4053 -0.1076
vn 0.0031 -0.2996 -0.9541
vn 0.9309 -0.3347 -0.1462
vn 0.9648 -0.1474 -0.2180
vn 0.9894 -0.0913 -0.1126
vn 0.9787 -0.0512 0.1988
vn 0.9917 -0.0380 0.1231
vn 0.9987 -0.0509 0.0024
vn 0.9873 -0.1180 0.1059
vn 0.5457 -0.1970 -0.8145
vn -0.8850 -0.4535 -0.1049
vn -0.8655 -0.4629 -0.1913
vn -0.8695 -0.4363 -0.2314
vn -0.8831 -0.4172 -0.2144
vn -0.9879 -0.1546 -0.0151
vn -0.9901 -0.1299 0.0522
vn -0.9442 -0.2304 -0.2352
vn -0.8946 -0.3190 -0.3128
vn -0.8990 -0.3523 -0.2602
vn -0.9761 -0.0970 0.1943
vn -0.9795 -0.1625 -0.1192
vn -0.9514 0.2704 0.1474
vn -0.9755 0.0049 0.2200
vn -0.9402 0.2339 0.2477
vn -0.8102 0.5724 0.1262
vn -0.8050 0.5260 0.2745
vn -0.3451 0.9078 0.2384
vn -0.6019 0.7953 0.0725
vn -0.6155 0.7448 0.2578
vn -0.3237 0.9459 0.0217
vn -0.9756 -0.0669 0.2090
vn -0.9772 -0.0922 0.1911
vn -0.8376 0.5404 -0.0801
vn -0.9618 0.2737 -0.0055
vn -0.6186 0.7728 -0.1418
vn -0.9838 0.0436 0.1739
vn -0.9942 0.0761 0.0755
vn -0.9644 0.2051 -0.1668
vn -0.3443 0.9174 -0.1997
vn -0.6623 0.6548 -0.3641
vn -0.3653 0.8095 -0.4597
vn -0.8669 0.4199 -0.2686
vn -0.9401 0.0783 -0.3319
vn -0.9956 0.0541 -0.0771
vn -0.6804 0.4260 -0.5963
vn -0.8696 0.2181 -0.4429
vn -0.3597 0.5752 -0.7347
vn -0.8201 0.0112 -0.5721
vn -0.3350 0.2422 -0.9106
vn -0.6428 0.1306 -0.7548
vn -0.8307 -0.4132 -0.3732
vn -0.8286 -0.3216 -0.4583
vn -0.8981 -0.3282 -0.2928
vn -0.5844 -0.0831 -0.8072
vn -0.7675 -0.1318 -0.6273
vn -0.8856 -0.0541 -0.4613
vn -0.2976 -0.0332 -0.9541
vn -0.8700 -0.4119 -0.2709
vn -0.2320 -0.2814 -0.9311
vn -0.4898 -0.3006 -0.8184
vn -0.5020 -0.2776 -0.8191
vn -0.2711 -0.1957 -0.9424
vn -0.8139 -0.3792 -0.4401
vn -0.7821 -0.3808 -0.4933
vn -0.7101 -0.3132 -0.6306
vn -0.7061 -0.3469 -0.6173
vn -0.7798 -0.3433 -0.5235
vn -0.9249 -0.0993 -0.3670
vn -0.8353 -0.1599 -0.5260
vn -0.8787 -0.1867 -0.4394
vn -0.1961 -0.2620 -0.9449
vn -0.5056 -0.2025 -0.8387
vn -0.2084 -0.0966 -0.9733
vn -0.7318 -0.2871 -0.6181
vn -0.7335 -0.2160 -0.6444
vn -0.9713 -0.0049 -0.2378
vn -0.8056 -0.2482 -0.5380
vn -0.8395 -0.2825 -0.4641
vn -0.9268 -0.3581 -0.1134
vn -0.9279 -0.2203 -0.3007
vn -0.9619 -0.1519 -0.2272
vn -0.9886 -0.0917 -0.1198
vn -0.9769 -0.0591 0.2056
vn -0.9913 -0.0350 0.1269
vn -0.9988 -0.0492 0.0008
vn -0.9867 -0.1074 0.1224
vn -0.5410 -0.2036 -0.8160
vn 0.9642 -0.0696 0.2560
vn 0.7723 -0.4199 0.4767
vn 0.4420 -0.6190 0.6492
vn -0.0242 -0.7194 0.6942
vn 0.8740 -0.1757 0.4531
vn 0.7303 -0.2981 0.6147
vn 0.8537 -0.1494 0.4988
vn 0.4484 -0.5416 0.7111
vn -0.0142 -0.5338 0.8455
vn 0.4389 -0.4633 0.7699
vn 0.7207 -0.2624 0.6417
vn 0.8446 -0.1157 0.5228
vn 0.7526 -0.3421 0.5626
vn -0.0106 -0.4729 0.8811
vn 0.4406 -0.4146 0.7962
vn 0.9629 0.1416 -0.2298
vn 0.8526 0.3132 -0.4182
vn 0.8869 0.1509 -0.4365
vn 0.9521 -0.0415 0.3031
vn 0.9433 -0.0164 0.3315
vn 0.9349 0.0302 0.3537
vn 0.9875 0.1345 0.0820
vn 0.9287 0.3385 -0.1517
vn 0.8210 0.4049 -0.4024
vn 0.6762 0.4054 -0.6152
vn 0.7222 0.2958 -0.6252
vn 0.8939 -0.0102 -0.4482
vn 0.9686 -0.0004 -0.2488
vn 0.7909 -0.0210 -0.6116
vn 0.5727 0.0042 -0.8197
vn 0.2563 0.0501 -0.9653
vn -0.0022 0.0675 -0.9977
vn 0.5652 0.1048 -0.8183
vn 0.7768 0.1266 -0.6168
vn 0.2698 0.1022 -0.9575
vn 0.0009 0.1021 -0.9948
vn 0.2637 0.2394 -0.9344
vn 0.0004 0.2358 -0.9718
vn 0.5240 0.2600 -0.8111
vn 0.2458 0.3440 -0.9062
vn -0.0005 0.3341 -0.9425
vn 0.4799 0.3727 -0.7942
vn 0.9997 0.0177 0.0185
vn 0.9963 0.0763 0.0401
vn 0.8918 -0.2392 0.3840
vn 0.9475 0.2602 -0.1858
vn 0.9732 0.2023 0.1089
vn -0.0195 -0.6432 0.7655
vn -0.9581 -0.1908 0.2135
vn -0.8657 -0.3402 0.3672
vn -0.7434 -0.5169 0.4245
vn -0.4574 -0.6617 0.5941
vn -0.8523 -0.2591 0.4544
vn -0.7090 -0.3275 0.6245
vn -0.7326 -0.4067 0.5458
vn -0.4554 -0.5700 0.6839
vn -0.8351 -0.1834 0.5186
vn -0.6970 -0.2759 0.6619
vn -0.4414 -0.4724 0.7629
vn -0.4393 -0.4146 0.7970
vn -0.8561 0.2920 -0.4263
vn -0.9648 0.0633 -0.2551
vn -0.8862 0.0768 -0.4568
vn -0.9518 -0.1199 0.2825
vn -0.9395 -0.0506 0.3387
vn -0.8254 -0.1341 0.5484
vn -0.9916 0.1084 0.0702
vn -0.9318 0.0179 0.3625
vn -0.9299 0.3349 -0.1523
vn -0.9517 0.2383 -0.1937
vn -0.6774 0.4026 -0.6157
vn -0.7233 0.2772 -0.6324
vn -0.8730 -0.1430 -0.4663
vn -0.9465 -0.1412 -0.2903
vn -0.7699 -0.1356 -0.6236
vn -0.5493 -0.0630 -0.8333
vn -0.2494 0.0234 -0.9681
vn -0.7751 0.0525 -0.6297
vn -0.5525 0.0501 -0.8320
vn -0.2599 0.0796 -0.9623
vn -0.2611 0.2341 -0.9365
vn -0.5231 0.2467 -0.8158
vn -0.2474 0.3434 -0.9060
vn -0.4817 0.3707 -0.7941
vn -0.9913 -0.1273 -0.0322
vn -0.9999 0.0026 0.0111
vn -0.9744 0.1968 0.1091
vn -0.8221 0.4017 -0.4034
usemtl kt_facebuilder_material
s 1
f 25/43/19 26/44/20 27/45/21
f 25/43/19 28/46/22 29/47/23
f 25/43/19 30/48/24 31/49/25
f 25/43/19 32/50/26 33/51/27
f 28/46/22 34/52/28 29/47/23
f 32/50/26 35/53/29 36/54/30
f 33/51/27 36/54/30 37/55/31
f 33/51/27 38/56/32 28/46/22
f 39/57/33 38/56/32 40/58/34
f 41/59/35 40/58/34 42/60/36
f 43/61/37 44/62/38 45/63/39
f 46/64/40 47/65/41 48/66/42
f 49/67/43 50/68/44 51/69/45
f 52/70/46 53/71/47 37/55/31
f 54/72/48 55/73/49 56/74/50
f 57/75/51 58/76/52 59/77/53
f 60/78/54 61/79/55 62/80/56
f 63/81/57 64/82/58 65/83/59
f 66/84/60 67/85/61 68/86/62
f 69/87/63 70/88/64 71/89/65
f 72/90/66 73/91/67 74/92/68
f 75/93/69 76/94/70 77/95/71
f 78/96/72 79/97/73 80/98/74
f 81/99/75 82/100/76 83/101/77
f 84/102/78 78/96/72 85/103/79
f 86/104/80 87/105/81 88/106/82
f 69/87/63 48/66/42 89/107/83
f 90/108/84 91/109/85 42/60/36
f 92/110/86 43/61/37 61/79/55
f 93/111/87 94/112/88 95/113/89
f 96/114/90 46/64/40 69/87/63
f 96/114/90 71/89/65 97/115/91
f 98/116/92 60/78/54 99/117/93
f 52/70/46 100/118/94 94/112/88
f 101/119/95 102/120/96 103/121/97
f 104/122/98 105/123/99 99/117/93
f 83/101/77 106/124/100 107/125/101
f 108/126/102 109/127/103 110/128/104
f 111/129/105 44/62/38 96/114/90
f 68/86/62 112/130/106 66/84/60
f 55/73/49 88/106/82 87/105/81
f 113/131/107 114/132/108 104/122/98
f 115/133/109 116/134/110 98/116/92
f 115/133/109 59/77/53 117/135/111
f 118/136/112 119/137/113 120/138/114
f 121/139/115 64/82/58 47/65/41
f 122/140/116 95/113/89 123/141/117
f 44/62/38 121/139/115 46/64/40
f 124/142/118 48/66/42 47/65/41
f 58/76/52 125/143/119 126/144/120
f 61/79/55 45/63/39 90/108/84
f 127/145/121 128/146/122 121/139/115
f 129/147/123 50/68/44 66/84/60
f 130/148/124 88/106/82 124/142/118
f 128/146/122 65/83/59 64/82/58
f 126/144/120 131/149/125 132/150/126
f 133/151/127 74/92/68 134/152/128
f 118/136/112 84/102/78 85/103/79
f 65/83/59 103/121/97 63/81/57
f 135/153/129 136/154/130 137/155/131
f 73/91/67 138/156/132 118/136/112
f 134/152/128 80/98/74 139/157/133
f 92/110/86 116/134/110 73/91/67
f 122/140/116 105/123/99 114/132/108
f 47/65/41 130/148/124 124/142/118
f 83/101/77 102/120/96 81/99/75
f 99/117/93 62/80/56 104/122/98
f 140/158/134 80/98/74 79/97/73
f 129/147/123 141/159/135 142/160/136
f 143/161/137 135/153/129 137/155/131
f 85/103/79 134/152/128 74/92/68
f 107/125/101 135/153/129 86/104/80
f 71/89/65 144/162/138 145/163/139
f 125/143/119 112/130/106 131/149/125
f 127/145/121 72/90/66 133/151/127
f 101/119/95 139/157/133 80/98/74
f 90/108/84 62/80/56 61/79/55
f 105/123/99 141/159/135 146/164/140
f 147/165/141 148/166/142 149/167/143
f 149/167/143 89/107/83 48/66/42
f 97/115/91 145/163/139 150/168/144
f 147/165/141 124/142/118 88/106/82
f 151/169/145 55/73/49 152/170/146
f 42/60/36 153/171/147 90/108/84
f 87/105/81 152/170/146 55/73/49
f 117/135/111 138/156/132 115/133/109
f 107/125/101 103/121/97 83/101/77
f 93/111/87 114/132/108 53/71/47
f 86/104/80 63/81/57 107/125/101
f 153/171/147 104/122/98 62/80/56
f 53/71/47 38/56/32 37/55/31
f 133/151/127 139/157/133 128/146/122
f 146/164/140 99/117/93 105/123/99
f 57/75/51 98/116/92 146/164/140
f 123/141/117 142/160/136 122/140/116
f 146/164/140 154/172/148 57/75/51
f 113/131/107 40/58/34 38/56/32
f 118/136/112 74/92/68 73/91/67
f 51/69/45 123/141/117 95/113/89
f 155/173/149 66/84/60 112/130/106
f 156/174/150 95/113/89 94/112/88
f 157/175/151 100/118/94 158/176/152
f 52/70/46 36/54/30 159/177/153
f 160/178/154 36/54/30 35/53/29
f 158/176/152 159/177/153 160/178/154
f 75/93/69 94/112/88 100/118/94
f 161/179/155 160/178/154 162/180/156
f 56/74/50 163/181/157 54/72/48
f 164/182/158 165/183/159 166/184/160
f 167/185/161 168/186/162 169/187/163
f 170/188/164 171/189/165 172/190/166
f 172/190/166 157/175/151 170/188/164
f 173/191/167 174/192/168 175/193/169
f 167/185/161 176/194/170 177/195/171
f 178/196/172 179/197/173 151/169/145
f 180/198/174 181/199/175 182/200/176
f 183/201/177 184/202/178 173/191/167
f 169/187/163 185/203/179 186/204/180
f 187/205/181 188/206/182 163/181/157
f 70/88/64 189/207/183 144/162/138
f 148/166/142 190/208/184 89/107/83
f 89/107/83 191/209/185 70/88/64
f 54/72/48 192/210/186 148/166/142
f 192/210/186 193/211/187 190/208/184
f 191/209/185 194/212/188 189/207/183
f 190/208/184 195/213/189 191/209/185
f 163/181/157 196/214/190 192/210/186
f 197/215/191 169/187/163 188/206/182
f 195/213/189 175/193/169 194/212/188
f 193/211/187 173/191/167 195/213/189
f 188/206/182 186/204/180 196/214/190
f 196/214/190 183/201/177 193/211/187
f 154/172/148 155/173/149 125/143/119
f 151/169/145 187/205/181 56/74/50
f 170/188/164 158/176/152 161/179/155
f 198/216/192 161/179/155 199/217/193
f 200/218/194 201/219/195 202/220/196
f 203/221/197 180/198/174 182/200/176
f 186/204/180 204/222/198 183/201/177
f 179/197/173 197/215/191 187/205/181
f 202/220/196 198/216/192 199/217/193
f 106/124/100 205/223/199 136/154/130
f 82/100/76 206/224/200 205/223/199
f 132/150/126 207/225/201 208/226/202
f 151/169/145 49/67/43 178/196/172
f 209/227/203 131/149/125 112/130/106
f 171/189/165 201/219/195 181/199/175
f 210/228/204 211/229/205 168/186/162
f 181/199/175 164/182/158 212/230/206
f 168/186/162 213/231/207 185/203/179
f 210/228/204 177/195/171 180/198/174
f 204/222/198 214/232/208 184/202/178
f 184/202/178 215/233/209 174/192/168
f 185/203/179 216/234/210 204/222/198
f 136/154/130 207/225/201 209/227/203
f 178/196/172 51/69/45 156/174/150
f 166/184/160 212/230/206 164/182/158
f 156/174/150 77/95/71 178/196/172
f 177/195/171 76/94/70 172/190/166
f 172/190/166 180/198/174 177/195/171
f 137/155/131 209/227/203 68/86/62
f 77/95/71 176/194/170 179/197/173
f 68/86/62 143/161/137 137/155/131
f 152/170/146 67/85/61 49/67/43
f 208/226/202 205/223/199 206/224/200
f 181/199/175 108/126/102 182/200/176
f 217/235/211 218/236/212 219/237/213
f 220/238/214 219/237/213 218/236/212
f 221/239/215 219/237/213 222/240/216
f 223/241/217 222/240/216 219/237/213
f 224/242/218 220/238/214 218/236/212
f 225/243/219 226/244/220 227/245/221
f 228/246/222 223/241/217 229/247/223
f 230/248/224 223/241/217 220/238/214
f 231/249/225 230/248/224 220/238/214
f 232/250/226 233/251/227 231/249/225
f 234/252/228 235/253/229 236/254/230
f 237/255/231 238/256/232 239/257/233
f 240/258/234 241/259/235 242/260/236
f 243/261/237 244/262/238 245/263/239
f 246/264/240 247/265/241 248/266/242
f 249/267/243 250/268/244 251/269/245
f 252/270/246 253/271/247 254/272/248
f 255/273/249 256/274/250 257/275/251
f 242/260/236 258/276/252 259/277/253
f 260/278/254 261/279/255 262/280/256
f 263/281/257 264/282/258 265/283/259
f 266/284/260 267/285/261 268/286/262
f 269/287/263 270/288/264 271/289/265
f 272/290/266 273/291/267 274/292/268
f 275/293/269 270/288/264 276/294/270
f 277/295/271 278/296/272 279/297/273
f 239/257/233 261/279/255 280/298/274
f 281/299/275 282/300/276 283/301/277
f 254/272/248 235/253/229 264/282/258
f 284/302/278 245/263/239 285/303/279
f 238/256/232 286/304/280 261/279/255
f 286/304/280 262/280/256 261/279/255
f 252/270/246 287/305/281 288/306/282
f 284/302/278 289/307/283 243/261/237
f 290/308/284 291/309/285 292/310/286
f 293/311/287 294/312/288 295/313/289
f 274/292/268 296/314/290 272/290/266
f 297/315/291 298/316/292 299/317/293
f 300/318/294 234/252/228 236/254/230
f 259/277/253 301/319/295 302/320/296
f 279/297/273 247/265/241 277/295/271
f 295/313/289 303/321/297 293/311/287
f 304/322/298 305/323/299 287/305/281
f 305/323/299 251/269/245 250/268/244
f 306/324/300 307/325/301 308/326/302
f 309/327/303 255/273/249 310/328/304
f 311/329/305 285/303/279 245/263/239
f 309/327/303 234/252/228 238/256/232
f 312/330/306 239/257/233 313/331/307
f 249/267/243 314/332/308 315/333/309
f 236/254/230 253/271/247 282/300/276
f 310/328/304 316/334/310 309/327/303
f 241/259/235 317/335/311 258/276/252
f 279/297/273 318/336/312 312/330/306
f 257/275/251 310/328/304 255/273/249
f 319/337/313 320/338/314 321/339/315
f 265/283/259 322/340/316 323/341/317
f 324/342/318 325/343/319 306/324/300
f 257/275/251 292/310/286 291/309/285
f 326/344/320 296/314/290 327/345/321
f 308/326/302 263/281/257 306/324/300
f 271/289/265 323/341/317 328/346/322
f 304/322/298 254/272/248 263/281/257
f 294/312/288 311/329/305 295/313/289
f 318/336/312 237/255/231 312/330/306
f 273/291/267 292/310/286 274/292/268
f 329/347/323 288/306/282 293/311/287
f 271/289/265 330/348/324 269/287/263
f 317/335/311 331/349/325 332/350/326
f 327/345/321 333/351/327 326/344/320
f 324/342/318 323/341/317 270/288/264
f 327/345/321 334/352/328 278/296/272
f 144/162/138 262/280/256 145/163/139
f 301/319/295 314/332/308 319/337/313
f 316/334/310 264/282/258 235/253/229
f 291/309/285 328/346/322 257/275/251
f 282/300/276 329/347/323 335/353/329
f 294/312/288 331/349/325 336/354/330
f 248/266/242 337/355/331 246/264/240
f 280/298/274 313/331/307 239/257/233
f 145/163/139 338/356/332 150/168/144
f 312/330/306 248/266/242 279/297/273
f 247/265/241 339/357/333 340/358/334
f 335/353/329 283/301/277 282/300/276
f 277/295/271 340/358/334 333/351/327
f 341/359/335 308/326/302 307/325/301
f 334/352/328 292/310/286 256/274/250
f 295/313/289 245/263/239 244/262/238
f 278/296/272 256/274/250 318/336/312
f 293/311/287 335/353/329 329/347/323
f 244/262/238 230/248/224 303/321/297
f 328/346/322 322/340/316 310/328/304
f 342/360/336 288/306/282 287/305/281
f 250/268/244 287/305/281 305/323/299
f 336/354/330 343/361/337 311/329/305
f 342/360/336 315/333/309 331/349/325
f 233/251/227 303/321/297 230/248/224
f 306/324/300 265/283/259 324/342/318
f 343/361/337 344/362/338 285/303/279
f 332/350/326 258/276/252 317/335/311
f 285/303/279 345/363/339 284/302/278
f 346/364/340 347/365/341 348/366/342
f 228/246/222 243/261/237 289/307/283
f 226/244/220 289/307/283 349/367/343
f 349/367/343 346/364/340 348/366/342
f 267/285/261 284/302/278 345/363/339
f 350/368/344 349/367/343 348/366/342
f 351/369/345 352/370/346 353/371/347
f 354/372/348 355/373/349 356/374/350
f 357/375/351 358/376/352 359/377/353
f 360/378/354 361/379/355 362/380/356
f 362/380/356 347/365/341 266/284/260
f 174/192/168 363/381/357 175/193/169
f 364/382/358 358/376/352 365/383/359
f 366/384/360 367/385/361 268/286/262
f 368/386/362 369/387/363 360/378/354
f 370/388/364 371/389/365 363/381/357
f 372/390/366 359/377/353 373/391/367
f 353/371/347 374/392/368 375/393/369
f 189/207/183 260/278/254 144/162/138
f 376/394/370 337/355/331 280/298/274
f 377/395/371 280/298/274 260/278/254
f 378/396/372 246/264/240 337/355/331
f 379/397/373 378/396/372 376/394/370
f 194/212/188 377/395/371 189/207/183
f 380/398/374 376/394/370 377/395/371
f 381/399/375 352/370/346 378/396/372
f 375/393/369 359/377/353 358/376/352
f 175/193/169 380/398/374 194/212/188
f 363/381/357 379/397/373 380/398/374
f 373/391/367 374/392/368 381/399/375
f 371/389/365 381/399/375 379/397/373
f 315/333/309 332/350/326 331/349/325
f 353/371/347 339/357/333 351/369/345
f 348/366/342 361/379/355 350/368/344
f 350/368/344 382/400/376 383/401/377
f 384/402/378 385/403/379 355/373/349
f 368/386/362 386/404/380 387/405/381
f 388/406/382 373/391/367 371/389/365
f 367/385/361 375/393/369 364/382/358
f 382/400/376 389/407/383 383/401/377
f 296/314/290 390/408/384 272/290/266
f 272/290/266 391/409/385 392/410/386
f 393/411/387 321/339/315 394/412/388
f 240/258/234 339/357/333 366/384/360
f 302/320/296 319/337/313 393/411/387
f 385/403/379 360/378/354 369/387/363
f 395/413/389 396/414/390 357/375/351
f 298/316/292 385/403/379 369/387/363
f 397/415/391 357/375/351 372/390/366
f 365/383/359 396/414/390 368/386/362
f 398/416/392 388/406/382 370/388/364
f 215/233/209 370/388/364 174/192/168
f 399/417/393 372/390/366 388/406/382
f 400/418/394 393/411/387 390/408/384
f 344/362/338 366/384/360 345/363/339
f 355/373/349 401/419/395 356/374/350
f 345/363/339 268/286/262 267/285/261
f 365/383/359 266/284/260 364/382/358
f 368/386/362 362/380/356 365/383/359
f 326/344/320 302/320/296 400/418/394
f 364/382/358 268/286/262 367/385/361
f 333/351/327 259/277/253 326/344/320
f 340/358/334 242/260/236 333/351/327
f 390/408/384 394/412/388 391/409/385
f 299/317/293 369/387/363 387/405/381
f 402/420/396 403/421/397 404/422/398
f 405/423/399 406/424/400 407/425/401
f 39/57/33 408/426/402 34/52/28
f 409/427/403 410/428/404 411/429/405
f 412/430/406 413/431/407 414/432/408
f 415/433/409 416/434/410 417/435/411
f 418/436/412 419/437/413 420/438/414
f 421/439/415 419/437/413 422/440/416
f 411/429/405 423/441/417 424/442/418
f 425/443/419 426/444/420 427/445/421
f 420/438/414 428/446/422 429/447/423
f 430/448/424 431/449/425 432/450/426
f 429/447/423 433/451/427 420/438/414
f 434/452/428 435/453/429 413/431/407
f 403/421/397 436/454/430 404/422/398
f 425/443/419 437/455/431 438/456/432
f 434/452/428 439/457/433 410/428/404
f 416/434/410 406/424/400 417/435/411
f 440/458/434 441/459/435 403/421/397
f 442/460/436 424/442/418 423/441/417
f 428/446/422 443/461/437 429/447/423
f 404/422/398 444/462/438 26/44/20
f 420/438/414 445/463/439 418/436/412
f 438/456/432 443/461/437 425/443/419
f 34/52/28 402/420/396 29/47/23
f 446/464/440 421/439/415 422/440/416
f 447/465/441 448/466/442 449/467/443
f 450/468/444 451/469/445 427/445/421
f 452/470/446 415/433/409 408/426/402
f 447/465/441 440/458/434 403/421/397
f 426/444/420 421/439/415 453/471/447
f 430/448/424 405/423/399 446/464/440
f 421/439/415 407/425/401 453/471/447
f 415/433/409 449/467/443 448/466/442
f 454/472/448 441/459/435 455/473/449
f 450/468/444 407/425/401 416/434/410
f 456/474/450 422/440/416 419/437/413
f 427/445/421 457/475/451 425/443/419
f 436/454/430 458/476/452 444/462/438
f 453/471/447 427/445/421 426/444/420
f 410/428/404 459/477/453 423/441/417
f 457/475/451 460/478/454 437/455/431
f 34/52/28 415/433/409 448/466/442
f 29/47/23 404/422/398 26/44/20
f 461/479/455 452/470/446 462/480/456
f 408/426/402 462/480/456 452/470/446
f 451/469/445 463/481/457 457/475/451
f 454/472/448 414/432/408 458/476/452
f 464/482/458 429/447/423 443/461/437
f 449/467/443 406/424/400 447/465/441
f 462/480/456 42/60/36 91/109/85
f 462/480/456 465/483/459 461/479/455
f 461/479/455 466/484/460 463/481/457
f 467/485/461 463/481/457 466/484/460
f 468/486/462 466/484/460 469/487/463
f 469/487/463 150/168/144 468/486/462
f 465/483/459 469/487/463 466/484/460
f 91/109/85 111/129/105 465/483/459
f 111/129/105 97/115/91 469/487/463
f 455/473/449 470/488/464 439/457/433
f 430/448/424 471/489/465 441/459/435
f 446/464/440 472/490/466 431/449/425
f 459/477/453 473/491/467 474/492/468
f 455/473/449 471/489/465 475/493/469
f 439/457/433 476/494/470 459/477/453
f 412/430/406 455/473/449 439/457/433
f 418/436/412 477/495/471 442/460/436
f 423/441/417 474/492/468 442/460/436
f 442/460/436 456/474/450 418/436/412
f 474/492/468 472/490/466 422/440/416
f 432/450/426 475/493/469 471/489/465
f 432/450/426 476/494/470 470/488/464
f 431/449/425 473/491/467 476/494/470
f 478/496/472 479/497/473 480/498/474
f 481/499/475 482/500/476 483/501/477
f 484/502/478 231/249/225 224/242/218
f 409/427/403 485/503/479 486/504/480
f 487/505/481 488/506/482 489/507/483
f 490/508/484 491/509/485 492/510/486
f 493/511/487 494/512/488 495/513/489
f 496/514/490 494/512/488 497/515/491
f 411/429/405 498/516/492 485/503/479
f 499/517/493 500/518/494 501/519/495
f 502/520/496 497/515/491 494/512/488
f 503/521/497 504/522/498 505/523/499
f 506/524/500 433/451/427 507/525/501
f 435/453/429 486/504/480 487/505/481
f 478/496/472 508/526/502 509/527/503
f 437/455/431 499/517/493 438/456/432
f 486/504/480 510/528/504 488/506/482
f 490/508/484 481/499/475 483/501/477
f 511/529/505 509/527/503 503/521/497
f 512/530/506 424/442/418 477/495/471
f 497/515/491 501/519/495 500/518/494
f 480/498/474 513/531/507 508/526/502
f 445/463/439 502/520/496 493/511/487
f 501/519/495 438/456/432 499/517/493
f 479/497/473 224/242/218 218/236/212
f 505/523/499 496/514/490 482/500/476
f 514/532/508 515/533/509 516/534/510
f 517/535/511 518/536/512 519/537/513
f 491/509/485 520/538/514 484/502/478
f 511/529/505 515/533/509 478/496/472
f 496/514/490 500/518/494 521/539/515
f 482/500/476 503/521/497 505/523/499
f 483/501/477 496/514/490 521/539/515
f 516/534/510 491/509/485 514/532/508
f 509/527/503 522/540/516 523/541/517
f 483/501/477 518/536/512 490/508/484
f 495/513/489 524/542/518 525/543/519
f 526/544/520 519/537/513 499/517/493
f 508/526/502 527/545/521 522/540/516
f 521/539/515 519/537/513 518/536/512
f 485/503/479 528/546/522 510/528/504
f 460/478/454 526/544/520 437/455/431
f 224/242/218 491/509/485 484/502/478
f 480/498/474 218/236/212 529/547/523
f 520/538/514 530/548/524 531/549/525
f 531/549/525 484/502/478 520/538/514
f 517/535/511 532/550/526 530/548/524
f 522/540/516 489/507/483 488/506/482
f 464/482/458 506/524/500 507/525/501
f 481/499/475 516/534/510 515/533/509
f 531/549/525 283/301/277 232/250/226
f 533/551/527 531/549/525 530/548/524
f 534/552/528 530/548/524 532/550/526
f 467/485/461 532/550/526 460/478/454
f 535/553/529 467/485/461 468/486/462
f 150/168/144 535/553/529 468/486/462
f 535/553/529 533/551/527 534/552/528
f 300/318/294 281/299/275 533/551/527
f 338/356/332 300/318/294 535/553/529
f 536/554/530 523/541/517 510/528/504
f 537/555/531 503/521/497 509/527/503
f 505/523/499 538/556/532 524/542/518
f 539/557/533 528/546/522 525/543/519
f 523/541/517 537/555/531 509/527/503
f 540/558/534 510/528/504 528/546/522
f 523/541/517 488/506/482 510/528/504
f 477/495/471 493/511/487 512/530/506
f 498/516/492 525/543/519 528/546/522
f 512/530/506 495/513/489 525/543/519
f 538/556/532 525/543/519 524/542/518
f 541/559/535 542/560/536 537/555/531
f 542/560/536 540/558/534 504/522/498
f 504/522/498 539/557/533 538/556/532
f 543/561/537 544/562/538 545/563/539
f 546/564/540 547/565/541 548/566/542
f 549/567/543 550/568/544 551/569/545
f 552/570/546 553/571/547 554/572/548
f 555/573/549 556/574/550 557/575/551
f 558/576/552 552/570/546 559/577/553
f 560/578/554 561/579/555 562/580/556
f 563/581/557 564/582/558 565/583/559
f 566/584/560 567/585/561 568/586/562
f 569/587/563 570/588/564 571/589/565
f 572/590/566 573/591/567 574/592/568
f 545/563/539 553/571/547 543/561/537
f 575/593/569 576/594/570 577/595/571
f 561/579/555 578/596/572 579/597/573
f 580/598/574 577/595/571 576/594/570
f 581/599/575 582/600/576 583/601/577
f 584/602/578 585/603/579 586/604/580
f 565/583/559 573/591/567 587/605/581
f 588/606/582 564/582/558 561/579/555
f 555/573/549 549/567/543 559/577/553
f 579/597/573 562/580/556 561/579/555
f 589/607/583 565/583/559 587/605/581
f 576/594/570 584/602/578 580/598/574
f 590/608/584 554/572/548 553/571/547
f 565/583/559 591/609/585 563/581/557
f 592/610/586 593/611/587 594/612/588
f 548/566/542 595/613/589 596/614/590
f 563/581/557 597/615/591 598/616/592
f 599/617/593 570/588/564 576/594/570
f 600/618/594 549/567/543 593/611/587
f 579/597/573 601/619/595 544/562/538
f 602/620/596 551/569/545 550/568/544
f 603/621/597 604/622/598 605/623/599
f 567/585/561 588/606/582 560/578/554
f 577/595/571 606/624/600 575/593/569
f 607/625/601 566/584/560 568/586/562
f 568/586/562 560/578/554 605/623/599
f 574/592/568 608/626/602 609/627/603
f 610/628/604 574/592/568 609/627/603
f 611/629/605 612/630/606 613/631/607
f 605/623/599 562/580/556 603/621/597
f 567/585/561 608/626/602 614/632/608
f 613/631/607 615/633/609 616/634/610
f 589/607/583 613/631/607 617/635/611
f 558/576/552 618/636/612 582/600/576
f 616/634/610 619/637/613 606/624/600
f 611/629/605 587/605/581 572/590/566
f 573/591/567 614/632/608 574/592/568
f 607/625/601 605/623/599 604/622/598
f 620/638/614 621/639/615 622/640/616
f 557/575/551 623/641/617 594/612/588
f 624/642/618 625/643/619 546/564/540
f 626/644/620 627/645/621 628/646/622
f 629/647/623 622/640/616 630/648/624
f 631/649/625 625/643/619 626/644/620
f 31/49/25 622/640/616 621/639/615
f 630/648/624 30/48/24 632/650/626
f 627/645/621 633/651/627 634/652/628
f 635/653/629 628/646/622 636/654/630
f 636/654/630 637/655/631 638/656/632
f 639/657/633 414/432/408 413/431/407
f 640/658/634 641/659/635 642/660/636
f 632/650/626 27/45/21 643/661/637
f 601/619/595 634/652/628 633/651/627
f 590/608/584 630/648/624 632/650/626
f 31/49/25 644/662/638 32/50/26
f 546/564/540 620/638/614 624/642/618
f 635/653/629 642/660/636 645/663/639
f 586/604/580 646/664/640 638/656/632
f 647/665/641 548/566/542 648/666/642
f 649/667/643 650/668/644 651/669/645
f 652/670/646 653/671/647 654/672/648
f 27/45/21 444/462/438 643/661/637
f 655/673/649 444/462/438 458/476/452
f 645/663/639 656/674/650 631/649/625
f 628/646/622 634/652/628 637/655/631
f 624/642/618 629/647/623 633/651/627
f 621/639/615 648/666/642 644/662/638
f 556/574/550 655/673/649 557/575/551
f 637/655/631 598/616/592 597/615/591
f 632/650/626 556/574/550 590/608/584
f 435/453/429 639/657/633 413/431/407
f 646/664/640 657/675/651 658/676/652
f 598/616/592 578/596/572 563/581/557
f 629/647/623 545/563/539 544/562/538
f 597/615/591 638/656/632 637/655/631
f 594/612/588 639/657/633 649/667/643
f 585/603/579 659/677/653 646/664/640
f 592/610/586 649/667/643 651/669/645
f 660/678/654 661/679/655 662/680/656
f 656/674/650 663/681/657 664/682/658
f 665/683/659 642/660/636 641/659/635
f 547/565/541 666/684/660 595/613/589
f 642/660/636 652/670/646 645/663/639
f 631/649/625 664/682/658 666/684/660
f 648/666/642 596/614/590 667/685/661
f 644/662/638 667/685/661 35/53/29
f 668/686/662 596/614/590 595/613/589
f 661/679/655 669/687/663 662/680/656
f 654/672/648 670/688/664 661/679/655
f 660/678/654 671/689/665 663/681/657
f 670/688/664 672/690/666 669/687/663
f 662/680/656 673/691/667 671/689/665
f 674/692/668 675/693/669 653/671/647
f 653/671/647 676/694/670 670/688/664
f 669/687/663 677/695/671 673/691/667
f 162/180/156 35/53/29 667/685/661
f 678/696/672 667/685/661 596/614/590
f 679/697/673 595/613/589 666/684/660
f 680/698/674 666/684/660 664/682/658
f 199/217/193 162/180/156 678/696/672
f 668/686/662 681/699/675 682/700/676
f 683/701/677 664/682/658 663/681/657
f 684/702/678 663/681/657 671/689/665
f 685/703/679 671/689/665 673/691/667
f 686/704/680 673/691/667 677/695/671
f 679/697/673 687/705/681 681/699/675
f 680/698/674 688/706/682 687/705/681
f 689/707/683 690/708/684 691/709/685
f 202/220/196 692/710/686 200/218/194
f 693/711/687 694/712/688 695/713/689
f 696/714/690 691/709/685 697/715/691
f 199/217/193 698/716/692 202/220/196
f 699/717/693 700/718/694 701/719/695
f 543/561/537 603/621/597 562/580/556
f 683/701/677 702/720/696 688/706/682
f 682/700/676 678/696/672 668/686/662
f 700/718/694 703/721/697 704/722/698
f 623/641/617 458/476/452 414/432/408
f 656/674/650 654/672/648 660/678/654
f 626/644/620 645/663/639 631/649/625
f 658/676/652 638/656/632 646/664/640
f 640/658/634 636/654/630 658/676/652
f 583/601/577 618/636/612 705/723/699
f 604/622/598 582/600/576 607/625/601
f 617/635/611 616/634/610 577/595/571
f 706/724/700 618/636/612 602/620/596
f 707/725/701 584/602/578 591/609/585
f 554/572/548 559/577/553 552/570/546
f 591/609/585 586/604/580 597/615/591
f 707/725/701 617/635/611 580/598/574
f 551/569/545 559/577/553 549/567/543
f 593/611/587 557/575/551 594/612/588
f 658/676/652 708/726/702 640/658/634
f 633/651/627 544/562/538 601/619/595
f 200/218/194 709/727/703 165/183/159
f 700/718/694 694/712/688 689/707/683
f 689/707/683 701/719/695 700/718/694
f 688/706/682 704/722/698 687/705/681
f 688/706/682 695/713/689 694/712/688
f 698/716/692 710/728/704 692/710/686
f 681/699/675 704/722/698 703/721/697
f 692/710/686 699/717/693 709/727/703
f 703/721/697 682/700/676 681/699/675
f 711/729/705 572/590/566 610/628/604
f 712/730/706 713/731/707 714/732/708
f 715/733/709 716/734/710 717/735/711
f 550/568/544 718/736/712 719/737/713
f 720/738/714 721/739/715 722/740/716
f 723/741/717 724/742/718 725/743/719
f 720/738/714 726/744/720 727/745/721
f 728/746/722 729/747/723 730/748/724
f 731/749/725 732/750/726 733/751/727
f 734/752/728 735/753/729 736/754/730
f 569/587/563 737/755/731 738/756/732
f 739/757/733 740/758/734 741/759/735
f 742/760/736 721/739/715 743/761/737
f 744/762/738 575/593/569 745/763/739
f 746/764/740 728/746/722 714/732/708
f 747/765/741 745/763/739 748/766/742
f 749/767/743 750/768/744 751/769/745
f 738/756/732 752/770/746 753/771/747
f 733/751/727 754/772/748 731/749/725
f 731/749/725 755/773/749 728/746/722
f 724/742/718 718/736/712 756/774/750
f 730/748/724 714/732/708 728/746/722
f 733/751/727 757/775/751 740/758/734
f 752/770/746 744/762/738 747/765/741
f 758/776/752 743/761/737 721/739/715
f 759/777/753 733/751/727 732/750/726
f 592/610/586 756/774/750 600/618/594
f 717/735/711 760/778/754 715/733/709
f 732/750/726 761/779/755 759/777/753
f 737/755/731 599/617/593 744/762/738
f 600/618/594 718/736/712 762/780/756
f 763/781/757 714/732/708 713/731/707
f 719/737/713 602/620/596 550/568/544
f 764/782/758 720/738/714 722/740/716
f 729/747/723 765/783/759 766/784/760
f 606/624/600 745/763/739 575/593/569
f 767/785/761 736/754/730 750/768/744
f 764/782/758 766/784/760 734/752/728
f 739/757/733 768/786/762 765/783/759
f 769/787/763 741/759/735 770/788/764
f 771/789/765 772/790/766 773/791/767
f 764/782/758 730/748/724 729/747/723
f 768/786/762 766/784/760 765/783/759
f 774/792/768 775/793/769 772/790/766
f 774/792/768 757/775/751 748/766/742
f 776/794/770 726/744/720 749/767/743
f 606/624/600 775/793/769 777/795/771
f 771/789/765 740/758/734 757/775/751
f 765/783/759 754/772/748 739/757/733
f 778/796/772 734/752/728 767/785/761
f 779/797/773 780/798/774 781/799/775
f 725/743/719 782/800/776 783/801/777
f 784/802/778 785/803/779 786/804/780
f 787/805/781 786/804/780 785/803/779
f 788/806/782 789/807/783 790/808/784
f 791/809/785 785/803/779 715/733/709
f 788/806/782 222/240/216 780/798/774
f 221/239/215 790/808/784 792/810/786
f 786/804/780 793/811/787 784/802/778
f 794/812/788 795/813/789 796/814/790
f 797/815/791 796/814/790 798/816/792
f 489/507/483 799/817/793 487/505/481
f 641/659/635 800/818/794 801/819/795
f 217/235/211 792/810/786 802/820/796
f 803/821/797 763/781/757 793/811/787
f 743/761/737 790/808/784 742/760/736
f 227/245/221 222/240/216 225/243/219
f 779/797/773 716/734/710 784/802/778
f 801/819/795 795/813/789 804/822/798
f 753/771/747 805/823/799 738/756/732
f 781/799/775 717/735/711 716/734/710
f 806/824/800 650/668/644 799/817/793
f 807/825/801 808/826/802 809/827/803
f 802/820/796 529/547/523 217/235/211
f 783/801/777 513/531/507 802/820/796
f 810/828/804 804/822/798 791/809/785
f 794/812/788 803/821/797 786/804/780
f 784/802/778 789/807/783 779/797/773
f 227/245/221 781/799/775 780/798/774
f 723/741/717 783/801/777 802/820/796
f 811/829/805 797/815/791 761/779/755
f 723/741/717 792/810/786 743/761/737
f 799/817/793 435/453/429 487/505/481
f 812/830/806 659/677/653 805/823/799
f 746/764/740 811/829/805 732/750/726
f 742/760/736 789/807/783 713/731/707
f 761/779/755 798/816/792 753/771/747
f 813/831/807 799/817/793 782/800/776
f 805/823/799 569/587/563 738/756/732
f 592/610/586 806/824/800 813/831/807
f 814/832/808 815/833/809 807/825/801
f 816/834/810 810/828/804 817/835/811
f 641/659/635 808/826/802 665/683/659
f 715/733/709 818/836/812 791/809/785
f 809/827/803 801/819/795 804/822/798
f 817/835/811 791/809/785 818/836/812
f 819/837/813 820/838/814 717/735/711
f 227/245/221 821/839/815 819/837/813
f 820/838/814 822/840/816 760/778/754
f 823/841/817 815/833/809 824/842/818
f 807/825/801 825/843/819 826/844/820
f 827/845/821 814/832/808 816/834/810
f 672/690/666 825/843/819 823/841/817
f 828/846/822 824/842/818 827/845/821
f 826/844/820 665/683/659 808/826/802
f 676/694/670 826/844/820 825/843/819
f 677/695/671 823/841/817 828/846/822
f 226/244/220 829/847/823 821/839/815
f 821/839/815 830/848/824 820/838/814
f 760/778/754 831/849/825 818/836/812
f 818/836/812 832/850/826 817/835/811
f 829/847/823 383/401/377 830/848/824
f 822/840/816 833/851/827 831/849/825
f 817/835/811 834/852/828 816/834/810
f 816/834/810 835/853/829 827/845/821
f 827/845/821 836/854/830 828/846/822
f 686/704/680 828/846/822 836/854/830
f 831/849/825 837/855/831 832/850/826
f 832/850/826 838/856/832 834/852/828
f 839/857/833 840/858/834 841/859/835
f 389/407/383 842/860/836 843/861/837
f 844/862/838 845/863/839 839/857/833
f 846/864/840 841/859/835 840/858/834
f 383/401/377 843/861/837 847/865/841
f 848/866/842 849/867/843 850/868/844
f 712/730/706 722/740/716 721/739/715
f 834/852/828 851/869/845 835/853/829
f 830/848/824 847/865/841 822/840/816
f 848/866/842 852/870/846 853/871/847
f 782/800/776 527/545/521 783/801/777
f 810/828/804 807/825/801 809/827/803
f 804/822/798 787/805/781 791/809/785
f 798/816/792 812/830/806 805/823/799
f 796/814/790 800/818/794 812/830/806
f 776/794/770 751/769/745 854/872/848
f 767/785/761 726/744/720 778/796/772
f 777/795/771 748/766/742 745/763/739
f 602/620/596 854/872/848 706/724/700
f 759/777/753 747/765/741 855/873/849
f 758/776/752 727/745/721 724/742/718
f 753/771/747 759/777/753 761/779/755
f 855/873/849 748/766/742 757/775/751
f 727/745/721 719/737/713 718/736/712
f 725/743/719 756/774/750 813/831/807
f 708/726/702 812/830/806 800/818/794
f 713/731/707 793/811/787 763/781/757
f 384/402/378 856/874/850 842/860/836
f 848/866/842 845/863/839 857/875/851
f 840/858/834 850/868/844 846/864/840
f 857/875/851 838/856/832 837/855/831
f 858/876/852 838/856/832 845/863/839
f 843/861/837 853/871/847 852/870/846
f 833/851/827 857/875/851 837/855/831
f 842/860/836 849/867/843 853/871/847
f 847/865/841 852/870/846 833/851/827
f 773/791/767 741/759/735 771/789/765
f 859/877/853 140/158/134 860/878/854
f 119/137/113 860/878/854 861/879/855
f 120/138/114 861/879/855 862/880/856
f 79/97/73 860/878/854 140/158/134
f 861/879/855 863/881/857 862/880/856
f 58/76/52 859/877/853 59/77/53
f 117/135/111 859/877/853 860/878/854
f 864/882/858 126/144/120 865/883/859
f 862/880/856 84/102/78 120/138/114
f 81/99/75 859/877/853 864/882/858
f 206/224/200 865/883/859 208/226/202
f 866/884/860 864/882/858 865/883/859
f 865/883/859 132/150/126 208/226/202
f 867/885/861 330/348/324 290/308/284
f 868/886/862 307/325/301 869/887/863
f 325/343/319 869/887/863 307/325/301
f 269/287/263 868/886/862 869/887/863
f 869/887/863 276/294/270 269/287/263
f 251/269/245 870/888/864 249/267/243
f 867/885/861 341/359/335 868/886/862
f 870/888/864 320/338/314 249/267/243
f 275/293/269 871/889/865 325/343/319
f 273/291/267 867/885/861 290/308/284
f 391/409/385 872/890/866 392/410/386
f 870/888/864 392/410/386 872/890/866
f 321/339/315 872/890/866 394/412/388
f 873/891/867 609/627/603 608/626/602
f 711/729/705 583/601/577 612/630/606
f 609/627/603 566/584/560 610/628/604
f 610/628/604 581/599/575 711/729/705
f 706/724/700 615/633/609 705/723/699
f 612/630/606 705/723/699 615/633/609
f 735/753/729 768/786/762 769/787/763
f 751/769/745 773/791/767 772/790/766
f 736/754/730 769/787/763 770/788/764
f 750/768/744 770/788/764 773/791/767
f 775/793/769 706/724/700 854/872/848
f 854/872/848 772/790/766 775/793/769
f 874/892/868 875/893/869 876/894/870
f 877/895/871 878/896/872 879/897/873
f 880/898/874 881/899/875 882/900/876
f 883/901/877 884/902/878 885/903/879
f 886/904/880 887/905/881 888/906/882
f 889/907/883 885/903/879 884/902/878
f 890/908/884 891/909/885 892/910/886
f 893/911/887 894/912/888 895/913/889
f 896/914/890 897/915/891 898/916/892
f 899/917/893 900/918/894 893/911/887
f 901/919/895 898/916/892 902/920/896
f 901/919/895 886/904/880 888/906/882
f 888/906/882 896/914/890 898/916/892
f 903/921/897 893/911/887 900/918/894
f 904/922/898 905/923/899 906/924/900
f 907/925/901 908/926/902 909/927/903
f 910/928/904 911/929/905 912/930/906
f 913/931/907 914/932/908 915/933/909
f 916/934/910 917/935/911 918/936/912
f 919/937/913 920/938/914 921/939/915
f 922/940/916 886/904/880 923/941/917
f 880/898/874 904/922/898 906/924/900
f 924/942/918 894/912/888 925/943/919
f 926/944/920 906/924/900 927/945/921
f 928/946/922 913/931/907 929/947/923
f 919/937/913 930/948/924 931/949/925
f 932/950/926 885/903/879 876/894/870
f 921/939/915 933/951/927 934/952/928
f 935/953/929 909/927/903 916/934/910
f 935/953/929 918/936/912 936/954/930
f 937/955/931 938/956/932 916/934/910
f 939/957/933 940/958/934 908/926/902
f 927/945/921 940/958/934 926/944/920
f 941/959/935 910/928/904 942/960/936
f 882/900/876 890/908/884 880/898/874
f 915/933/909 909/927/903 908/926/902
f 943/961/937 931/949/925 944/962/938
f 897/915/891 902/920/896 898/916/892
f 914/932/908 916/934/910 909/927/903
f 945/963/939 946/964/940 947/965/941
f 948/966/942 899/917/893 949/967/943
f 944/962/938 924/942/918 943/961/937
f 950/968/944 951/969/945 952/970/946
f 936/954/930 953/971/947 954/972/948
f 955/973/949 927/945/921 946/964/940
f 956/974/950 957/975/951 941/959/935
f 928/946/922 958/976/952 937/955/931
f 957/975/951 959/977/953 911/929/905
f 901/919/895 934/952/928 923/941/917
f 960/978/954 949/967/943 961/979/955
f 949/967/943 893/911/887 895/913/889
f 962/980/956 937/955/931 914/932/908
f 904/922/898 892/910/886 963/981/957
f 884/902/878 963/981/957 889/907/883
f 922/940/916 934/952/928 964/982/958
f 905/923/899 947/965/941 946/964/940
f 906/924/900 946/964/940 927/945/921
f 961/979/955 895/913/889 894/912/888
f 959/977/953 965/983/959 966/984/960
f 902/920/896 921/939/915 901/919/895
f 925/943/919 967/985/961 968/986/962
f 969/987/963 926/944/920 940/958/934
f 970/988/964 961/979/955 924/942/918
f 971/989/965 908/926/902 940/958/934
f 956/974/950 883/901/877 932/950/926
f 972/990/966 973/991/967 878/896/872
f 929/947/923 955/973/949 945/963/939
f 943/961/937 925/943/919 920/938/914
f 913/931/907 971/989/965 955/973/949
f 958/976/952 912/930/906 938/956/932
f 959/977/953 917/935/911 911/929/905
f 973/991/967 110/128/104 109/127/103
f 974/992/968 950/968/944 952/970/946
f 975/993/969 976/994/970 977/995/971
f 942/960/936 958/976/952 978/996/972
f 979/997/973 980/998/974 875/893/869
f 974/992/968 981/999/975 979/997/973
f 982/1000/976 979/997/973 875/893/869
f 983/1001/977 696/714/690 984/1002/978
f 985/1003/979 986/1004/980 987/1005/981
f 879/897/873 166/184/160 165/183/159
f 877/895/871 985/1003/979 988/1006/982
f 878/896/872 109/127/103 166/184/160
f 974/992/968 989/1007/983 110/128/104
f 165/183/159 990/1008/984 879/897/873
f 697/715/691 984/1002/978 696/714/690
f 701/719/695 991/1009/985 699/717/693
f 992/1010/986 879/897/873 990/1008/984
f 709/727/703 991/1009/985 990/1008/984
f 968/986/962 985/1003/979 987/1005/981
f 988/1006/982 967/985/961 903/921/897
f 929/947/923 978/996/972 928/946/922
f 993/1011/987 932/950/926 980/998/974
f 947/965/941 941/959/935 945/963/939
f 945/963/939 942/960/936 929/947/923
f 980/998/974 876/894/870 875/893/869
f 994/1012/988 876/894/870 885/903/879
f 995/1013/989 986/1004/980 991/1009/985
f 920/938/914 968/986/962 933/951/927
f 972/990/966 988/1006/982 996/1014/990
f 986/1004/980 990/1008/984 991/1009/985
f 950/968/944 996/1014/990 997/1015/991
f 964/982/958 984/1002/978 922/940/916
f 933/951/927 987/1005/981 995/1013/989
f 952/970/946 965/983/959 981/999/975
f 976/994/970 935/953/929 936/954/930
f 930/948/924 998/1016/992 882/900/876
f 970/988/964 969/987/963 939/957/933
f 931/949/925 882/900/876 881/899/875
f 960/978/954 939/957/933 907/925/901
f 998/1016/992 999/1017/993 891/909/885
f 969/987/963 931/949/925 881/899/875
f 977/995/971 936/954/930 954/972/948
f 907/925/901 948/966/942 960/978/954
f 988/1006/982 1000/1018/994 996/1014/990
f 997/1015/991 1000/1018/994 1001/1019/995
f 1002/1020/996 977/995/971 954/972/948
f 975/993/969 1003/1021/997 900/918/894
f 900/918/894 1004/1022/998 903/921/897
f 1000/1018/994 1004/1022/998 1005/1023/999
f 1001/1019/995 1005/1023/999 1006/1024/1000
f 1001/1019/995 1007/1025/1001 1008/1026/1002
f 1007/1025/1001 954/972/948 1008/1026/1002
f 1002/1020/996 1006/1024/1000 1003/1021/997
f 1006/1024/1000 1004/1022/998 1003/1021/997
f 933/951/927 964/982/958 934/952/928
f 938/956/932 911/929/905 917/935/911
f 953/971/947 1008/1026/1002 954/972/948
f 966/984/960 951/969/945 1008/1026/1002
f 953/971/947 917/935/911 966/984/960
f 997/1015/991 1008/1026/1002 951/969/945
f 959/977/953 980/998/974 981/999/975
f 995/1013/989 983/1001/977 964/982/958
f 1009/1027/1003 1010/1028/1004 1011/1029/1005
f 1012/1030/1006 1013/1031/1007 1014/1032/1008
f 1015/1033/1009 1016/1034/1010 1017/1035/1011
f 1018/1036/1012 1019/1037/1013 1020/1038/1014
f 1021/1039/1015 1022/1040/1016 1023/1041/1017
f 1024/1042/1018 1025/1043/1019 1026/1044/1020
f 1027/1045/1021 1028/1046/1022 1029/1047/1023
f 1030/1048/1024 1031/1049/1025 1032/1050/1026
f 1033/1051/1027 1034/1052/1028 1035/1053/1029
f 1036/1054/1030 1037/1055/1031 1030/1048/1024
f 1038/1056/1032 1035/1053/1029 1039/1057/1033
f 1038/1056/1032 1021/1039/1015 1040/1058/1034
f 1034/1052/1028 1039/1057/1033 1035/1053/1029
f 1041/1059/1035 1030/1048/1024 1032/1050/1026
f 1020/1038/1014 1042/1060/1036 1043/1061/1037
f 1044/1062/1038 1045/1063/1039 1046/1064/1040
f 1047/1065/1041 1048/1066/1042 1049/1067/1043
f 1050/1068/1044 1051/1069/1045 1052/1070/1046
f 1053/1071/1047 1054/1072/1048 1055/1073/1049
f 1056/1074/1050 1057/1075/1051 1058/1076/1052
f 1021/1039/1015 1059/1077/1053 1040/1058/1034
f 1042/1060/1036 1016/1034/1010 1043/1061/1037
f 1060/1078/1054 1031/1049/1025 1061/1079/1055
f 1043/1061/1037 1062/1080/1056 1063/1081/1057
f 1052/1070/1046 1064/1082/1058 1065/1083/1059
f 1057/1075/1051 1066/1084/1060 1067/1085/1061
f 1068/1086/1062 1025/1043/1019 1018/1036/1012
f 1069/1087/1063 1058/1076/1052 1070/1088/1064
f 1071/1089/1065 1044/1062/1038 1046/1064/1040
f 1072/1090/1066 1071/1089/1065 1073/1091/1067
f 1055/1073/1049 1074/1092/1068 1053/1071/1047
f 1075/1093/1069 1076/1094/1070 1045/1063/1039
f 1063/1081/1057 1077/1095/1071 1078/1096/1072
f 1079/1097/1073 1048/1066/1042 1080/1098/1074
f 1017/1035/1011 1027/1045/1021 1029/1047/1023
f 1050/1068/1044 1044/1062/1038 1081/1099/1075
f 1082/1100/1076 1083/1101/1077 1084/1102/1078
f 1067/1085/1061 1033/1051/1027 1035/1053/1029
f 1053/1071/1047 1081/1099/1075 1044/1062/1038
f 1085/1103/1079 1086/1104/1080 1087/1105/1081
f 1037/1055/1031 1088/1106/1082 1089/1107/1083
f 1084/1102/1078 1060/1078/1054 1090/1108/1084
f 1091/1109/1085 1092/1110/1086 1093/1111/1087
f 1094/1112/1088 1073/1091/1067 1095/1113/1089
f 1063/1081/1057 1096/1114/1090 1085/1103/1079
f 1097/1115/1091 1080/1098/1074 1098/1116/1092
f 1099/1117/1093 1064/1082/1058 1074/1092/1068
f 1100/1118/1094 1080/1098/1074 1047/1065/1041
f 1070/1088/1064 1038/1056/1032 1040/1058/1034
f 1101/1119/1095 1089/1107/1083 1088/1106/1082
f 1030/1048/1024 1089/1107/1083 1102/1120/1096
f 1051/1069/1045 1074/1092/1068 1064/1082/1058
f 1103/1121/1097 1042/1060/1036 1104/1122/1098
f 1104/1122/1098 1019/1037/1013 1024/1042/1018
f 1070/1088/1064 1059/1077/1053 1105/1123/1099
f 1087/1105/1081 1020/1038/1014 1085/1103/1079
f 1085/1103/1079 1043/1061/1037 1063/1081/1057
f 1061/1079/1055 1102/1120/1096 1089/1107/1083
f 1106/1124/1100 1100/1118/1094 1107/1125/1101
f 1058/1076/1052 1067/1085/1061 1038/1056/1032
f 1108/1126/1102 1032/1050/1026 1031/1049/1025
f 1062/1080/1056 1076/1094/1070 1077/1095/1071
f 1090/1108/1084 1061/1079/1055 1101/1119/1095
f 1077/1095/1071 1050/1068/1044 1078/1096/1072
f 1018/1036/1012 1097/1115/1091 1068/1086/1062
f 1109/1127/1103 1110/1128/1104 1012/1030/1006
f 1096/1114/1090 1065/1083/1059 1086/1104/1080
f 1083/1101/1077 1108/1126/1102 1060/1078/1054
f 1078/1096/1072 1052/1070/1046 1096/1114/1090
f 1049/1067/1043 1099/1117/1093 1055/1073/1049
f 1054/1072/1048 1100/1118/1094 1047/1065/1041
f 401/419/395 1111/1129/1105 1109/1127/1103
f 1112/1130/1106 1109/1127/1103 1111/1129/1105
f 1113/1131/1107 1114/1132/1108 1037/1055/1031
f 1115/1133/1109 1099/1117/1093 1048/1066/1042
f 1116/1134/1110 1117/1135/1111 1118/1136/1112
f 1111/1129/1105 1118/1136/1112 1112/1130/1106
f 1119/1137/1113 1120/1138/1114 1010/1028/1004
f 1121/1139/1115 846/864/840 850/868/844
f 1122/1140/1116 1123/1141/1117 1124/1142/1118
f 1014/1032/1008 356/374/350 1012/1030/1006
f 1125/1143/1119 1126/1144/1120 1013/1031/1007
f 356/374/350 1109/1127/1103 1012/1030/1006
f 297/315/291 1116/1134/1110 1111/1129/1105
f 354/372/348 1127/1145/1121 856/874/850
f 1128/1146/1122 1023/1041/1017 846/864/840
f 1129/1147/1123 850/868/844 849/867/843
f 1014/1032/1008 1126/1144/1120 1127/1145/1121
f 1129/1147/1123 856/874/850 1127/1145/1121
f 1123/1141/1117 1130/1148/1124 1124/1142/1118
f 1032/1050/1026 1125/1143/1119 1041/1059/1035
f 1065/1083/1059 1131/1149/1125 1115/1133/1109
f 1068/1086/1062 1098/1116/1092 1117/1135/1111
f 1087/1105/1081 1079/1097/1073 1097/1115/1091
f 1086/1104/1080 1115/1133/1109 1079/1097/1073
f 1117/1135/1111 1009/1027/1003 1068/1086/1062
f 1009/1027/1003 1026/1044/1020 1025/1043/1019
f 1122/1140/1116 1132/1150/1126 1129/1147/1123
f 1130/1148/1124 1056/1074/1050 1069/1087/1063
f 1110/1128/1104 1125/1143/1119 1013/1031/1007
f 1122/1140/1116 1127/1145/1121 1126/1144/1120
f 1091/1109/1085 1133/1151/1127 1110/1128/1104
f 1128/1146/1122 1105/1123/1099 1059/1077/1053
f 1069/1087/1063 1124/1142/1118 1130/1148/1124
f 1112/1130/1106 1106/1124/1100 1092/1110/1086
f 1114/1132/1108 1071/1089/1065 1088/1106/1082
f 1066/1084/1060 1029/1047/1023 1033/1051/1027
f 1090/1108/1084 1076/1094/1070 1084/1102/1078
f 1082/1100/1076 1017/1035/1011 1066/1084/1060
f 1101/1119/1095 1045/1063/1039 1090/1108/1084
f 1134/1152/1128 1029/1047/1023 1028/1046/1022
f 1082/1100/1076 1076/1094/1070 1015/1033/1009
f 1135/1153/1129 1073/1091/1067 1114/1132/1108
f 1046/1064/1040 1088/1106/1082 1071/1089/1065
f 1125/1143/1119 1136/1154/1130 1041/1059/1035
f 1136/1154/1130 1093/1111/1087 1137/1155/1131
f 1135/1153/1129 1138/1156/1132 1095/1113/1089
f 1139/1157/1133 1113/1131/1107 1036/1054/1030
f 1140/1158/1134 1036/1054/1030 1041/1059/1035
f 1136/1154/1130 1140/1158/1134 1041/1059/1035
f 1141/1159/1135 1137/1155/1131 1142/1160/1136
f 1143/1161/1137 1137/1155/1131 1144/1162/1138
f 1095/1113/1089 1143/1161/1137 1144/1162/1138
f 1138/1156/1132 1142/1160/1136 1143/1161/1137
f 1140/1158/1134 1142/1160/1136 1139/1157/1133
f 1070/1088/1064 1132/1150/1126 1069/1087/1063
f 1047/1065/1041 1055/1073/1049 1054/1072/1048
f 1144/1162/1138 1094/1112/1088 1095/1113/1089
f 1092/1110/1086 1107/1125/1101 1144/1162/1138
f 1107/1125/1101 1072/1090/1066 1094/1112/1088
f 1093/1111/1087 1144/1162/1138 1137/1155/1131
f 1100/1118/1094 1117/1135/1111 1098/1116/1092
f 1121/1139/1115 1132/1150/1126 1105/1123/1099
f 1145/1163/1139 896/914/890 887/905/881
f 1146/1164/1140 1147/1165/1141 1148/1166/1142
f 994/1012/988 1149/1167/1143 1150/1168/1144
f 697/715/691 1145/1163/1139 887/905/881
f 1151/1169/1145 1152/1170/1146 1153/1171/1147
f 989/1007/983 1154/1172/1148 1155/1173/1149
f 889/907/883 1156/1174/1150 1149/1167/1143
f 963/981/957 1151/1169/1145 1156/1174/1150
f 1157/1175/1151 1158/1176/1152 1159/1177/1153
f 1159/1177/1153 1160/1178/1154 1161/1179/1155
f 1162/1180/1156 1163/1181/1157 1164/1182/1158
f 1165/1183/1159 1164/1182/1158 1166/1184/1160
f 1161/1179/1155 1163/1181/1157 1167/1185/1161
f 1168/1186/1162 203/221/197 182/200/176
f 1168/1186/1162 108/126/102 1155/1173/1149
f 1158/1176/1152 1169/1187/1163 1160/1178/1154
f 1170/1188/1164 1164/1182/1158 1163/1181/1157
f 1171/1189/1165 1172/1190/1166 1158/1176/1152
f 1173/1191/1167 1174/1192/1168 1172/1190/1166
f 1175/1193/1169 1176/1194/1170 1177/1195/1171
f 1178/1196/1172 1177/1195/1171 1179/1197/1173
f 1169/1187/1163 1176/1194/1170 1170/1188/1164
f 1172/1190/1166 1180/1198/1174 1169/1187/1163
f 1181/1199/1175 1182/1200/1176 1174/1192/1168
f 1180/1198/1174 1183/1201/1177 1176/1194/1170
f 1174/1192/1168 1184/1202/1178 1180/1198/1174
f 1177/1195/1171 1183/1201/1177 1185/1203/1179
f 1179/1197/1173 1185/1203/1179 1186/1204/1180
f 1182/1200/1176 1187/1205/1181 1184/1202/1178
f 1183/1201/1177 1188/1206/1182 1185/1203/1179
f 1186/1204/1180 1188/1206/1182 1189/1207/1183
f 1184/1202/1178 1190/1208/1184 1183/1201/1177
f 1191/1209/1185 1192/1210/1186 1193/1211/1187
f 1187/1205/1181 1194/1212/1188 1190/1208/1184
f 1195/1213/1189 1196/1214/1190 1187/1205/1181
f 1190/1208/1184 1197/1215/1191 1188/1206/1182
f 1188/1206/1182 1198/1216/1192 1189/1207/1183
f 1148/1166/1142 1192/1210/1186 1199/1217/1193
f 1200/1218/1194 1201/1219/1195 1202/1220/1196
f 1194/1212/1188 1203/1221/1197 1197/1215/1191
f 1204/1222/1198 1199/1217/1193 1192/1210/1186
f 1205/1223/1199 1206/1224/1200 1200/1218/1194
f 1197/1215/1191 1207/1225/1201 1198/1216/1192
f 1208/1226/1202 1209/1227/1203 1205/1223/1199
f 1210/1228/1204 1211/1229/1205 1212/1230/1206
f 1201/1219/1195 1213/1231/1207 1214/1232/1208
f 1201/1219/1195 1215/1233/1209 1216/1234/1210
f 1206/1224/1200 1217/1235/1211 1213/1231/1207
f 1210/1228/1204 1218/1236/1212 1196/1214/1190
f 1204/1222/1198 1217/1235/1211 1209/1227/1203
f 1195/1213/1189 1219/1237/1213 1211/1229/1205
f 1220/1238/1214 1212/1230/1206 1221/1239/1215
f 1145/1163/1139 690/708/684 1222/1240/1216
f 1222/1240/1216 693/711/687 1193/1211/1187
f 1193/1211/1187 1147/1165/1141 1222/1240/1216
f 1223/1241/1217 1222/1240/1216 1147/1165/1141
f 1153/1171/1147 1221/1239/1215 1212/1230/1206
f 1224/1242/1218 1201/1219/1195 1216/1234/1210
f 1225/1243/1219 892/910/886 891/909/885
f 1212/1230/1206 1226/1244/1220 1153/1171/1147
f 1153/1171/1147 1156/1174/1150 1151/1169/1145
f 1211/1229/1205 1227/1245/1221 1226/1244/1220
f 1226/1244/1220 1149/1167/1143 1156/1174/1150
f 1228/1246/1222 1173/1191/1167 1171/1189/1165
f 1229/1247/1223 1181/1199/1175 1173/1191/1167
f 1219/1237/1213 1230/1248/1224 1227/1245/1221
f 1231/1249/1225 1230/1248/1224 1229/1247/1223
f 1150/1168/1144 1227/1245/1221 1230/1248/1224
f 1160/1178/1154 1170/1188/1164 1163/1181/1157
f 1196/1214/1190 1232/1250/1226 1194/1212/1188
f 1175/1193/1169 1166/1184/1160 1164/1182/1158
f 1231/1249/1225 982/1000/976 874/892/868
f 1228/1246/1222 1155/1173/1149 1154/1172/1148
f 1171/1189/1165 1168/1186/1162 1228/1246/1222
f 213/231/207 1167/1185/1161 216/234/210
f 214/232/208 1165/1183/1159 215/233/209
f 216/234/210 1162/1180/1156 214/232/208
f 211/229/205 1161/1179/1155 213/231/207
f 203/221/197 1159/1177/1153 211/229/205
f 110/128/104 1155/1173/1149 108/126/102
f 1150/1168/1144 874/892/868 994/1012/988
f 1154/1172/1148 1229/1247/1223 1228/1246/1222
f 891/909/885 1146/1164/1140 1225/1243/1219
f 1148/1166/1142 1225/1243/1219 1146/1164/1140
f 1224/1242/1218 1203/1221/1197 1202/1220/1196
f 1205/1223/1199 1220/1238/1214 1208/1226/1202
f 1202/1220/1196 1232/1250/1226 1200/1218/1194
f 1200/1218/1194 1218/1236/1212 1205/1223/1199
f 1221/1239/1215 1208/1226/1202 1220/1238/1214
f 1152/1170/1146 1199/1217/1193 1221/1239/1215
f 1223/1241/1217 999/1017/993 896/914/890
f 1233/1251/1227 1034/1052/1028 1234/1252/1228
f 1235/1253/1229 1236/1254/1230 1234/1252/1228
f 1237/1255/1231 1026/1044/1020 1238/1256/1232
f 1023/1041/1017 1233/1251/1227 841/859/835
f 1239/1257/1233 1240/1258/1234 1241/1259/1235
f 1120/1138/1114 1242/1260/1236 1010/1028/1004
f 1243/1261/1237 1024/1042/1018 1237/1255/1231
f 1104/1122/1098 1239/1257/1233 1103/1121/1097
f 1244/1262/1238 1245/1263/1239 1246/1264/1240
f 1247/1265/1241 1246/1264/1240 1248/1266/1242
f 1249/1267/1243 1250/1268/1244 1251/1269/1245
f 1165/1270/1159 1252/1271/1246 1249/1267/1243
f 1250/1268/1244 1248/1266/1242 1251/1269/1245
f 1253/1272/1247 386/404/380 1245/1263/1239
f 299/317/293 1253/1272/1247 1254/1273/1248
f 1244/1262/1238 1255/1274/1249 1256/1275/1250
f 1252/1271/1246 1257/1276/1251 1250/1268/1244
f 1258/1277/1252 1256/1275/1250 1259/1278/1253
f 1260/1279/1254 1259/1278/1253 1256/1275/1250
f 1261/1280/1255 1262/1281/1256 1257/1276/1251
f 1178/1282/1172 1263/1283/1257 1261/1280/1255
f 1262/1281/1256 1255/1274/1249 1257/1276/1251
f 1264/1284/1258 1256/1275/1250 1255/1274/1249
f 1265/1285/1259 1266/1286/1260 1260/1279/1254
f 1267/1287/1261 1264/1284/1258 1262/1281/1256
f 1268/1288/1262 1260/1279/1254 1264/1284/1258
f 1263/1283/1257 1267/1287/1261 1262/1281/1256
f 1179/1289/1173 1269/1290/1263 1263/1283/1257
f 1270/1291/1264 1265/1285/1259 1268/1288/1262
f 1271/1292/1265 1267/1287/1261 1269/1290/1263
f 1186/1293/1180 1271/1292/1265 1269/1290/1263
f 1272/1294/1266 1268/1288/1262 1267/1287/1261
f 1273/1295/1267 1274/1296/1268 1275/1297/1269
f 1276/1298/1270 1270/1291/1264 1272/1294/1266
f 1277/1299/1271 1278/1300/1272 1270/1291/1264
f 1279/1301/1273 1272/1294/1266 1271/1292/1265
f 1198/1302/1192 1271/1292/1265 1189/1303/1183
f 1280/1304/1274 1273/1295/1267 1236/1254/1230
f 1281/1305/1275 1282/1306/1276 1283/1307/1277
f 1284/1308/1278 1276/1298/1270 1279/1301/1273
f 1285/1309/1279 1286/1310/1280 1273/1295/1267
f 1282/1306/1276 1287/1311/1281 1283/1307/1277
f 1207/1312/1201 1279/1301/1273 1198/1302/1192
f 1288/1313/1282 1289/1314/1283 1287/1311/1281
f 1290/1315/1284 1291/1316/1285 1292/1317/1286
f 1293/1318/1287 1294/1319/1288 1282/1306/1276
f 1216/1320/1210 1295/1321/1289 1293/1318/1287
f 1282/1306/1276 1296/1322/1290 1288/1313/1282
f 1297/1323/1291 1291/1316/1285 1277/1299/1271
f 1296/1322/1290 1286/1310/1280 1288/1313/1282
f 1298/1324/1292 1278/1300/1272 1290/1315/1284
f 1292/1317/1286 1299/1325/1293 1300/1326/1294
f 1301/1327/1295 841/859/835 1233/1251/1227
f 844/862/838 1301/1327/1295 1275/1297/1269
f 1236/1254/1230 1275/1297/1269 1301/1327/1295
f 1234/1252/1228 1301/1327/1295 1233/1251/1227
f 1302/1328/1296 1300/1326/1294 1240/1258/1234
f 1224/1329/1218 1293/1318/1287 1281/1305/1275
f 1241/1259/1235 1103/1121/1097 1239/1257/1233
f 1303/1330/1297 1292/1317/1286 1302/1328/1296
f 1243/1261/1237 1302/1328/1296 1239/1257/1233
f 1304/1331/1298 1290/1315/1284 1303/1330/1297
f 1237/1255/1231 1303/1330/1297 1243/1261/1237
f 1305/1332/1299 1259/1278/1253 1306/1333/1300
f 1266/1286/1260 1306/1333/1300 1259/1278/1253
f 1298/1324/1292 1307/1334/1301 1266/1286/1260
f 1308/1335/1302 1307/1334/1301 1238/1256/1232
f 1304/1331/1298 1238/1256/1232 1307/1334/1301
f 1247/1265/1241 1257/1276/1251 1255/1274/1249
f 1309/1336/1303 1277/1299/1271 1276/1298/1270
f 1166/1337/1160 1261/1280/1255 1252/1271/1246
f 1308/1335/1302 1010/1028/1004 1242/1260/1236
f 1242/1260/1236 1253/1272/1247 1305/1332/1299
f 1305/1332/1299 1245/1263/1239 1258/1277/1252
f 1251/1269/1245 397/415/391 399/417/393
f 1165/1270/1159 398/416/392 215/233/209
f 1249/1267/1243 399/417/393 398/416/392
f 1248/1266/1242 395/413/389 397/415/391
f 1246/1264/1240 386/404/380 395/413/389
f 297/315/291 1254/1273/1248 1120/1138/1114
f 1238/1256/1232 1011/1029/1005 1308/1335/1302
f 1242/1260/1236 1306/1333/1300 1308/1335/1302
f 1235/1253/1229 1028/1046/1022 1241/1259/1235
f 1241/1259/1235 1280/1304/1274 1235/1253/1229
f 1284/1308/1278 1224/1329/1218 1281/1305/1275
f 1299/1325/1293 1287/1311/1281 1289/1314/1283
f 1309/1336/1303 1281/1305/1275 1283/1307/1277
f 1297/1323/1291 1283/1307/1277 1287/1311/1281
f 1289/1314/1283 1300/1326/1294 1299/1325/1293
f 1285/1309/1279 1240/1258/1234 1300/1326/1294
f 1234/1252/1228 1134/1152/1128 1235/1253/1229
f 702/720/696 1310/1338/1304 695/713/689
f 1311/1339/1305 702/720/696 684/702/678
f 1312/1340/1306 684/702/678 685/703/679
f 1313/1341/1307 685/703/679 686/704/680
f 1314/1342/1308 1315/1343/1309 1316/1344/1310
f 1317/1345/1311 1318/1346/1312 1319/1347/1313
f 1316/1344/1310 1320/1348/1314 1321/1349/1315
f 1322/1350/1316 1319/1347/1313 1315/1343/1309
f 1319/1347/1313 1323/1351/1317 1324/1352/1318
f 1315/1343/1309 1324/1352/1318 1320/1348/1314
f 1325/1353/1319 1326/1354/1320 1327/1355/1321
f 1316/1344/1310 1328/1356/1322 1314/1342/1308
f 1321/1349/1315 1329/1357/1323 1316/1344/1310
f 1330/1358/1324 1331/1359/1325 1329/1357/1323
f 1326/1354/1320 1332/1360/1326 1333/1361/1327
f 1326/1354/1320 1334/1362/1328 1335/1363/1329
f 1193/1211/1187 1336/1364/1330 1191/1209/1185
f 1337/1365/1331 1327/1355/1321 1336/1364/1330
f 1213/1231/1207 1338/1366/1332 1339/1367/1333
f 1191/1209/1185 1338/1366/1332 1217/1235/1211
f 1213/1231/1207 1340/1368/1334 1214/1232/1208
f 1214/1232/1208 1341/1369/1335 1215/1233/1209
f 1338/1366/1332 1342/1370/1336 1339/1367/1333
f 1336/1364/1330 1343/1371/1337 1338/1366/1332
f 1339/1367/1333 1344/1372/1338 1340/1368/1334
f 1340/1368/1334 1345/1373/1339 1341/1369/1335
f 1327/1355/1321 1335/1363/1329 1343/1371/1337
f 1342/1370/1336 1346/1374/1340 1344/1372/1338
f 1344/1372/1338 1347/1375/1341 1345/1373/1339
f 1343/1371/1337 1348/1376/1342 1342/1370/1336
f 1348/1376/1342 1349/1377/1343 1346/1374/1340
f 1346/1374/1340 1350/1378/1344 1347/1375/1341
f 1335/1363/1329 1351/1379/1345 1348/1376/1342
f 1337/1365/1331 693/711/687 1352/1380/1346
f 1329/1357/1323 1353/1381/1347 1328/1356/1322
f 1325/1353/1319 1352/1380/1346 1353/1381/1347
f 1352/1380/1346 695/713/689 1310/1338/1304
f 1354/1382/1348 1322/1350/1316 1314/1342/1308
f 1353/1381/1347 1310/1338/1304 1328/1356/1322
f 1353/1381/1347 1355/1383/1349 1325/1353/1319
f 1356/1384/1350 1355/1383/1349 1331/1359/1325
f 1310/1338/1304 1314/1342/1308 1328/1356/1322
f 1311/1339/1305 1317/1345/1311 1322/1350/1316
f 1312/1340/1306 1357/1385/1351 1317/1345/1311
f 851/869/845 1358/1386/1352 1359/1387/1353
f 851/869/845 1360/1388/1354 835/853/829
f 836/854/830 1360/1388/1354 1361/1389/1355
f 686/704/680 1361/1389/1355 1313/1341/1307
f 1362/1390/1356 1363/1391/1357 1364/1392/1358
f 1365/1393/1359 1318/1346/1312 1357/1385/1351
f 1366/1394/1360 1367/1395/1361 1363/1391/1357
f 1364/1392/1358 1368/1396/1362 1365/1393/1359
f 1368/1396/1362 1323/1351/1317 1318/1346/1312
f 1363/1391/1357 1369/1397/1363 1368/1396/1362
f 1370/1398/1364 1371/1399/1365 1372/1400/1366
f 1373/1401/1367 1366/1394/1360 1362/1390/1356
f 1374/1402/1368 1375/1403/1369 1366/1394/1360
f 1376/1404/1370 1377/1405/1371 1374/1402/1368
f 1370/1398/1364 1378/1406/1372 1379/1407/1373
f 1380/1408/1374 1370/1398/1364 1381/1409/1375
f 1382/1410/1376 1275/1297/1269 1274/1296/1268
f 1372/1400/1366 1383/1411/1377 1382/1410/1376
f 1294/1319/1288 1384/1412/1378 1296/1322/1290
f 1296/1322/1290 1382/1410/1376 1274/1296/1268
f 1295/1321/1289 1385/1413/1379 1294/1319/1288
f 1215/1414/1209 1386/1415/1380 1295/1321/1289
f 1385/1413/1379 1387/1416/1381 1384/1412/1378
f 1387/1416/1381 1382/1410/1376 1384/1412/1378
f 1386/1415/1380 1388/1417/1382 1385/1413/1379
f 1341/1418/1335 1389/1419/1383 1386/1415/1380
f 1381/1409/1375 1372/1400/1366 1387/1416/1381
f 1390/1420/1384 1388/1417/1382 1389/1419/1383
f 1345/1421/1339 1390/1420/1384 1389/1419/1383
f 1391/1422/1385 1387/1416/1381 1388/1417/1382
f 1392/1423/1386 1391/1422/1385 1390/1420/1384
f 1350/1424/1344 1390/1420/1384 1347/1425/1341
f 1393/1426/1387 1381/1409/1375 1391/1422/1385
f 1383/1411/1377 844/862/838 1275/1297/1269
f 1373/1401/1367 1376/1404/1370 1374/1402/1368
f 1371/1399/1365 1394/1427/1388 1383/1411/1377
f 1394/1427/1388 858/876/852 844/862/838
f 1359/1387/1353 1364/1392/1358 1360/1388/1354
f 1395/1428/1389 1358/1386/1352 1394/1427/1388
f 1395/1428/1389 1379/1407/1373 1376/1404/1370
f 1379/1407/1373 1396/1429/1390 1376/1404/1370
f 1373/1401/1367 1359/1387/1353 1358/1386/1352
f 1360/1388/1354 1365/1393/1359 1361/1389/1355
f 1361/1389/1355 1357/1385/1351 1313/1341/1307
f 25/43/19 29/47/23 26/44/20
f 25/43/19 33/51/27 28/46/22
f 25/43/19 27/45/21 30/48/24
f 25/43/19 31/49/25 32/50/26
f 28/46/22 39/57/33 34/52/28
f 32/50/26 644/662/638 35/53/29
f 33/51/27 32/50/26 36/54/30
f 33/51/27 37/55/31 38/56/32
f 39/57/33 28/46/22 38/56/32
f 41/59/35 39/57/33 40/58/34
f 43/61/37 127/145/121 44/62/38
f 46/64/40 121/139/115 47/65/41
f 49/67/43 67/85/61 50/68/44
f 52/70/46 93/111/87 53/71/47
f 54/72/48 147/165/141 55/73/49
f 57/75/51 154/172/148 58/76/52
f 60/78/54 92/110/86 61/79/55
f 63/81/57 130/148/124 64/82/58
f 66/84/60 50/68/44 67/85/61
f 69/87/63 89/107/83 70/88/64
f 72/90/66 92/110/86 73/91/67
f 75/93/69 157/175/151 76/94/70
f 78/96/72 863/881/857 79/97/73
f 81/99/75 866/884/860 82/100/76
f 84/102/78 863/881/857 78/96/72
f 86/104/80 135/153/129 87/105/81
f 69/87/63 46/64/40 48/66/42
f 90/108/84 45/63/39 91/109/85
f 92/110/86 72/90/66 43/61/37
f 93/111/87 52/70/46 94/112/88
f 96/114/90 44/62/38 46/64/40
f 96/114/90 69/87/63 71/89/65
f 98/116/92 116/134/110 60/78/54
f 52/70/46 159/177/153 100/118/94
f 101/119/95 140/158/134 102/120/96
f 104/122/98 114/132/108 105/123/99
f 83/101/77 82/100/76 106/124/100
f 108/126/102 212/230/206 109/127/103
f 111/129/105 45/63/39 44/62/38
f 68/86/62 209/227/203 112/130/106
f 55/73/49 147/165/141 88/106/82
f 113/131/107 53/71/47 114/132/108
f 115/133/109 138/156/132 116/134/110
f 115/133/109 57/75/51 59/77/53
f 118/136/112 138/156/132 119/137/113
f 121/139/115 128/146/122 64/82/58
f 122/140/116 93/111/87 95/113/89
f 44/62/38 127/145/121 121/139/115
f 124/142/118 149/167/143 48/66/42
f 58/76/52 154/172/148 125/143/119
f 61/79/55 43/61/37 45/63/39
f 127/145/121 133/151/127 128/146/122
f 129/147/123 123/141/117 50/68/44
f 130/148/124 86/104/80 88/106/82
f 128/146/122 139/157/133 65/83/59
f 126/144/120 125/143/119 131/149/125
f 133/151/127 72/90/66 74/92/68
f 118/136/112 120/138/114 84/102/78
f 65/83/59 101/119/95 103/121/97
f 135/153/129 106/124/100 136/154/130
f 73/91/67 116/134/110 138/156/132
f 134/152/128 78/96/72 80/98/74
f 92/110/86 60/78/54 116/134/110
f 122/140/116 142/160/136 105/123/99
f 47/65/41 64/82/58 130/148/124
f 83/101/77 103/121/97 102/120/96
f 99/117/93 60/78/54 62/80/56
f 140/158/134 101/119/95 80/98/74
f 129/147/123 155/173/149 141/159/135
f 143/161/137 87/105/81 135/153/129
f 85/103/79 78/96/72 134/152/128
f 107/125/101 106/124/100 135/153/129
f 71/89/65 70/88/64 144/162/138
f 125/143/119 155/173/149 112/130/106
f 127/145/121 43/61/37 72/90/66
f 101/119/95 65/83/59 139/157/133
f 90/108/84 153/171/147 62/80/56
f 105/123/99 142/160/136 141/159/135
f 147/165/141 54/72/48 148/166/142
f 149/167/143 148/166/142 89/107/83
f 97/115/91 71/89/65 145/163/139
f 147/165/141 149/167/143 124/142/118
f 151/169/145 56/74/50 55/73/49
f 42/60/36 40/58/34 153/171/147
f 87/105/81 143/161/137 152/170/146
f 117/135/111 119/137/113 138/156/132
f 107/125/101 63/81/57 103/121/97
f 93/111/87 122/140/116 114/132/108
f 86/104/80 130/148/124 63/81/57
f 153/171/147 113/131/107 104/122/98
f 53/71/47 113/131/107 38/56/32
f 133/151/127 134/152/128 139/157/133
f 146/164/140 98/116/92 99/117/93
f 57/75/51 115/133/109 98/116/92
f 123/141/117 129/147/123 142/160/136
f 146/164/140 141/159/135 154/172/148
f 113/131/107 153/171/147 40/58/34
f 118/136/112 85/103/79 74/92/68
f 51/69/45 50/68/44 123/141/117
f 155/173/149 129/147/123 66/84/60
f 156/174/150 51/69/45 95/113/89
f 157/175/151 75/93/69 100/118/94
f 52/70/46 37/55/31 36/54/30
f 160/178/154 159/177/153 36/54/30
f 158/176/152 100/118/94 159/177/153
f 75/93/69 156/174/150 94/112/88
f 161/179/155 158/176/152 160/178/154
f 56/74/50 187/205/181 163/181/157
f 164/182/158 200/218/194 165/183/159
f 167/185/161 210/228/204 168/186/162
f 170/188/164 198/216/192 171/189/165
f 172/190/166 76/94/70 157/175/151
f 173/191/167 184/202/178 174/192/168
f 167/185/161 197/215/191 176/194/170
f 178/196/172 77/95/71 179/197/173
f 180/198/174 171/189/165 181/199/175
f 183/201/177 204/222/198 184/202/178
f 169/187/163 168/186/162 185/203/179
f 187/205/181 197/215/191 188/206/182
f 70/88/64 191/209/185 189/207/183
f 148/166/142 192/210/186 190/208/184
f 89/107/83 190/208/184 191/209/185
f 54/72/48 163/181/157 192/210/186
f 192/210/186 196/214/190 193/211/187
f 191/209/185 195/213/189 194/212/188
f 190/208/184 193/211/187 195/213/189
f 163/181/157 188/206/182 196/214/190
f 197/215/191 167/185/161 169/187/163
f 195/213/189 173/191/167 175/193/169
f 193/211/187 183/201/177 173/191/167
f 188/206/182 169/187/163 186/204/180
f 196/214/190 186/204/180 183/201/177
f 154/172/148 141/159/135 155/173/149
f 151/169/145 179/197/173 187/205/181
f 170/188/164 157/175/151 158/176/152
f 198/216/192 170/188/164 161/179/155
f 200/218/194 164/182/158 201/219/195
f 203/221/197 210/228/204 180/198/174
f 186/204/180 185/203/179 204/222/198
f 179/197/173 176/194/170 197/215/191
f 202/220/196 201/219/195 198/216/192
f 106/124/100 82/100/76 205/223/199
f 82/100/76 866/884/860 206/224/200
f 132/150/126 131/149/125 207/225/201
f 151/169/145 152/170/146 49/67/43
f 209/227/203 207/225/201 131/149/125
f 171/189/165 198/216/192 201/219/195
f 210/228/204 203/221/197 211/229/205
f 181/199/175 201/219/195 164/182/158
f 168/186/162 211/229/205 213/231/207
f 210/228/204 167/185/161 177/195/171
f 204/222/198 216/234/210 214/232/208
f 184/202/178 214/232/208 215/233/209
f 185/203/179 213/231/207 216/234/210
f 136/154/130 205/223/199 207/225/201
f 178/196/172 49/67/43 51/69/45
f 166/184/160 109/127/103 212/230/206
f 156/174/150 75/93/69 77/95/71
f 177/195/171 176/194/170 76/94/70
f 172/190/166 171/189/165 180/198/174
f 137/155/131 136/154/130 209/227/203
f 77/95/71 76/94/70 176/194/170
f 68/86/62 67/85/61 143/161/137
f 152/170/146 143/161/137 67/85/61
f 208/226/202 207/225/201 205/223/199
f 181/199/175 212/230/206 108/126/102
f 217/235/211 529/547/523 218/236/212
f 220/238/214 223/241/217 219/237/213
f 221/239/215 217/235/211 219/237/213
f 223/241/217 225/243/219 222/240/216
f 224/242/218 231/249/225 220/238/214
f 225/243/219 228/246/222 226/244/220
f 228/246/222 225/243/219 223/241/217
f 230/248/224 229/247/223 223/241/217
f 231/249/225 233/251/227 230/248/224
f 232/250/226 283/301/277 233/251/227
f 234/252/228 316/334/310 235/253/229
f 237/255/231 309/327/303 238/256/232
f 240/258/234 344/362/338 241/259/235
f 243/261/237 229/247/223 244/262/238
f 246/264/240 351/369/345 247/265/241
f 249/267/243 315/333/309 250/268/244
f 252/270/246 329/347/323 253/271/247
f 255/273/249 318/336/312 256/274/250
f 242/260/236 241/259/235 258/276/252
f 260/278/254 280/298/274 261/279/255
f 263/281/257 254/272/248 264/282/258
f 266/284/260 347/365/341 267/285/261
f 269/287/263 276/294/270 270/288/264
f 272/290/266 392/410/386 273/291/267
f 275/293/269 324/342/318 270/288/264
f 277/295/271 327/345/321 278/296/272
f 239/257/233 238/256/232 261/279/255
f 281/299/275 236/254/230 282/300/276
f 254/272/248 253/271/247 235/253/229
f 284/302/278 243/261/237 245/263/239
f 238/256/232 234/252/228 286/304/280
f 286/304/280 338/356/332 262/280/256
f 252/270/246 304/322/298 287/305/281
f 284/302/278 346/364/340 289/307/283
f 290/308/284 330/348/324 291/309/285
f 293/311/287 288/306/282 294/312/288
f 274/292/268 334/352/328 296/314/290
f 297/315/291 401/419/395 298/316/292
f 300/318/294 286/304/280 234/252/228
f 259/277/253 258/276/252 301/319/295
f 279/297/273 248/266/242 247/265/241
f 295/313/289 244/262/238 303/321/297
f 304/322/298 308/326/302 305/323/299
f 305/323/299 341/359/335 251/269/245
f 306/324/300 325/343/319 307/325/301
f 309/327/303 237/255/231 255/273/249
f 311/329/305 343/361/337 285/303/279
f 309/327/303 316/334/310 234/252/228
f 312/330/306 237/255/231 239/257/233
f 249/267/243 320/338/314 314/332/308
f 236/254/230 235/253/229 253/271/247
f 310/328/304 322/340/316 316/334/310
f 241/259/235 343/361/337 317/335/311
f 279/297/273 278/296/272 318/336/312
f 257/275/251 328/346/322 310/328/304
f 319/337/313 314/332/308 320/338/314
f 265/283/259 264/282/258 322/340/316
f 324/342/318 275/293/269 325/343/319
f 257/275/251 256/274/250 292/310/286
f 326/344/320 400/418/394 296/314/290
f 308/326/302 304/322/298 263/281/257
f 271/289/265 270/288/264 323/341/317
f 304/322/298 252/270/246 254/272/248
f 294/312/288 336/354/330 311/329/305
f 318/336/312 255/273/249 237/255/231
f 273/291/267 290/308/284 292/310/286
f 329/347/323 252/270/246 288/306/282
f 271/289/265 291/309/285 330/348/324
f 317/335/311 336/354/330 331/349/325
f 327/345/321 277/295/271 333/351/327
f 324/342/318 265/283/259 323/341/317
f 327/345/321 296/314/290 334/352/328
f 144/162/138 260/278/254 262/280/256
f 301/319/295 332/350/326 314/332/308
f 316/334/310 322/340/316 264/282/258
f 291/309/285 271/289/265 328/346/322
f 282/300/276 253/271/247 329/347/323
f 294/312/288 342/360/336 331/349/325
f 248/266/242 313/331/307 337/355/331
f 280/298/274 337/355/331 313/331/307
f 145/163/139 262/280/256 338/356/332
f 312/330/306 313/331/307 248/266/242
f 247/265/241 351/369/345 339/357/333
f 335/353/329 233/251/227 283/301/277
f 277/295/271 247/265/241 340/358/334
f 341/359/335 305/323/299 308/326/302
f 334/352/328 274/292/268 292/310/286
f 295/313/289 311/329/305 245/263/239
f 278/296/272 334/352/328 256/274/250
f 293/311/287 303/321/297 335/353/329
f 244/262/238 229/247/223 230/248/224
f 328/346/322 323/341/317 322/340/316
f 342/360/336 294/312/288 288/306/282
f 250/268/244 342/360/336 287/305/281
f 336/354/330 317/335/311 343/361/337
f 342/360/336 250/268/244 315/333/309
f 233/251/227 335/353/329 303/321/297
f 306/324/300 263/281/257 265/283/259
f 343/361/337 241/259/235 344/362/338
f 332/350/326 301/319/295 258/276/252
f 285/303/279 344/362/338 345/363/339
f 346/364/340 267/285/261 347/365/341
f 228/246/222 229/247/223 243/261/237
f 226/244/220 228/246/222 289/307/283
f 349/367/343 289/307/283 346/364/340
f 267/285/261 346/364/340 284/302/278
f 350/368/344 829/847/823 349/367/343
f 351/369/345 246/264/240 352/370/346
f 354/372/348 384/402/378 355/373/349
f 357/375/351 396/414/390 358/376/352
f 360/378/354 382/400/376 361/379/355
f 362/380/356 361/379/355 347/365/341
f 174/192/168 370/388/364 363/381/357
f 364/382/358 375/393/369 358/376/352
f 366/384/360 339/357/333 367/385/361
f 368/386/362 387/405/381 369/387/363
f 370/388/364 388/406/382 371/389/365
f 372/390/366 357/375/351 359/377/353
f 353/371/347 352/370/346 374/392/368
f 189/207/183 377/395/371 260/278/254
f 376/394/370 378/396/372 337/355/331
f 377/395/371 376/394/370 280/298/274
f 378/396/372 352/370/346 246/264/240
f 379/397/373 381/399/375 378/396/372
f 194/212/188 380/398/374 377/395/371
f 380/398/374 379/397/373 376/394/370
f 381/399/375 374/392/368 352/370/346
f 375/393/369 374/392/368 359/377/353
f 175/193/169 363/381/357 380/398/374
f 363/381/357 371/389/365 379/397/373
f 373/391/367 359/377/353 374/392/368
f 371/389/365 373/391/367 381/399/375
f 315/333/309 314/332/308 332/350/326
f 353/371/347 367/385/361 339/357/333
f 348/366/342 347/365/341 361/379/355
f 350/368/344 361/379/355 382/400/376
f 384/402/378 389/407/383 385/403/379
f 368/386/362 396/414/390 386/404/380
f 388/406/382 372/390/366 373/391/367
f 367/385/361 353/371/347 375/393/369
f 382/400/376 385/403/379 389/407/383
f 296/314/290 400/418/394 390/408/384
f 272/290/266 390/408/384 391/409/385
f 393/411/387 319/337/313 321/339/315
f 240/258/234 340/358/334 339/357/333
f 302/320/296 301/319/295 319/337/313
f 385/403/379 382/400/376 360/378/354
f 395/413/389 386/404/380 396/414/390
f 298/316/292 355/373/349 385/403/379
f 397/415/391 395/413/389 357/375/351
f 365/383/359 358/376/352 396/414/390
f 398/416/392 399/417/393 388/406/382
f 215/233/209 398/416/392 370/388/364
f 399/417/393 397/415/391 372/390/366
f 400/418/394 302/320/296 393/411/387
f 344/362/338 240/258/234 366/384/360
f 355/373/349 298/316/292 401/419/395
f 345/363/339 366/384/360 268/286/262
f 365/383/359 362/380/356 266/284/260
f 368/386/362 360/378/354 362/380/356
f 326/344/320 259/277/253 302/320/296
f 364/382/358 266/284/260 268/286/262
f 333/351/327 242/260/236 259/277/253
f 340/358/334 240/258/234 242/260/236
f 390/408/384 393/411/387 394/412/388
f 299/317/293 298/316/292 369/387/363
f 402/420/396 447/465/441 403/421/397
f 405/423/399 440/458/434 406/424/400
f 39/57/33 41/59/35 408/426/402
f 409/427/403 434/452/428 410/428/404
f 412/430/406 434/452/428 413/431/407
f 415/433/409 450/468/444 416/434/410
f 418/436/412 456/474/450 419/437/413
f 421/439/415 428/446/422 419/437/413
f 411/429/405 410/428/404 423/441/417
f 425/443/419 443/461/437 426/444/420
f 420/438/414 419/437/413 428/446/422
f 430/448/424 446/464/440 431/449/425
f 429/447/423 507/525/501 433/451/427
f 434/452/428 409/427/403 435/453/429
f 403/421/397 441/459/435 436/454/430
f 425/443/419 457/475/451 437/455/431
f 434/452/428 412/430/406 439/457/433
f 416/434/410 407/425/401 406/424/400
f 440/458/434 430/448/424 441/459/435
f 442/460/436 477/495/471 424/442/418
f 428/446/422 426/444/420 443/461/437
f 404/422/398 436/454/430 444/462/438
f 420/438/414 433/451/427 445/463/439
f 438/456/432 464/482/458 443/461/437
f 34/52/28 448/466/442 402/420/396
f 446/464/440 405/423/399 421/439/415
f 447/465/441 402/420/396 448/466/442
f 450/468/444 452/470/446 451/469/445
f 452/470/446 450/468/444 415/433/409
f 447/465/441 406/424/400 440/458/434
f 426/444/420 428/446/422 421/439/415
f 430/448/424 440/458/434 405/423/399
f 421/439/415 405/423/399 407/425/401
f 415/433/409 417/435/411 449/467/443
f 454/472/448 436/454/430 441/459/435
f 450/468/444 453/471/447 407/425/401
f 456/474/450 474/492/468 422/440/416
f 427/445/421 451/469/445 457/475/451
f 436/454/430 454/472/448 458/476/452
f 453/471/447 450/468/444 427/445/421
f 410/428/404 439/457/433 459/477/453
f 457/475/451 463/481/457 460/478/454
f 34/52/28 408/426/402 415/433/409
f 29/47/23 402/420/396 404/422/398
f 461/479/455 451/469/445 452/470/446
f 408/426/402 41/59/35 462/480/456
f 451/469/445 461/479/455 463/481/457
f 454/472/448 412/430/406 414/432/408
f 464/482/458 507/525/501 429/447/423
f 449/467/443 417/435/411 406/424/400
f 462/480/456 41/59/35 42/60/36
f 462/480/456 91/109/85 465/483/459
f 461/479/455 465/483/459 466/484/460
f 467/485/461 460/478/454 463/481/457
f 468/486/462 467/485/461 466/484/460
f 469/487/463 97/115/91 150/168/144
f 465/483/459 111/129/105 469/487/463
f 91/109/85 45/63/39 111/129/105
f 111/129/105 96/114/90 97/115/91
f 455/473/449 475/493/469 470/488/464
f 430/448/424 432/450/426 471/489/465
f 446/464/440 422/440/416 472/490/466
f 459/477/453 476/494/470 473/491/467
f 455/473/449 441/459/435 471/489/465
f 439/457/433 470/488/464 476/494/470
f 412/430/406 454/472/448 455/473/449
f 418/436/412 445/463/439 477/495/471
f 423/441/417 459/477/453 474/492/468
f 442/460/436 474/492/468 456/474/450
f 474/492/468 473/491/467 472/490/466
f 432/450/426 470/488/464 475/493/469
f 432/450/426 431/449/425 476/494/470
f 431/449/425 472/490/466 473/491/467
f 478/496/472 515/533/509 479/497/473
f 481/499/475 511/529/505 482/500/476
f 484/502/478 232/250/226 231/249/225
f 409/427/403 411/429/405 485/503/479
f 487/505/481 486/504/480 488/506/482
f 490/508/484 518/536/512 491/509/485
f 493/511/487 502/520/496 494/512/488
f 496/514/490 524/542/518 494/512/488
f 411/429/405 424/442/418 498/516/492
f 499/517/493 519/537/513 500/518/494
f 502/520/496 506/524/500 497/515/491
f 503/521/497 542/560/536 504/522/498
f 506/524/500 502/520/496 433/451/427
f 435/453/429 409/427/403 486/504/480
f 478/496/472 480/498/474 508/526/502
f 437/455/431 526/544/520 499/517/493
f 486/504/480 485/503/479 510/528/504
f 490/508/484 492/510/486 481/499/475
f 511/529/505 478/496/472 509/527/503
f 512/530/506 498/516/492 424/442/418
f 497/515/491 506/524/500 501/519/495
f 480/498/474 529/547/523 513/531/507
f 445/463/439 433/451/427 502/520/496
f 501/519/495 464/482/458 438/456/432
f 479/497/473 514/532/508 224/242/218
f 505/523/499 524/542/518 496/514/490
f 514/532/508 479/497/473 515/533/509
f 517/535/511 520/538/514 518/536/512
f 491/509/485 518/536/512 520/538/514
f 511/529/505 481/499/475 515/533/509
f 496/514/490 497/515/491 500/518/494
f 482/500/476 511/529/505 503/521/497
f 483/501/477 482/500/476 496/514/490
f 516/534/510 492/510/486 491/509/485
f 509/527/503 508/526/502 522/540/516
f 483/501/477 521/539/515 518/536/512
f 495/513/489 494/512/488 524/542/518
f 526/544/520 517/535/511 519/537/513
f 508/526/502 513/531/507 527/545/521
f 521/539/515 500/518/494 519/537/513
f 485/503/479 498/516/492 528/546/522
f 460/478/454 532/550/526 526/544/520
f 224/242/218 514/532/508 491/509/485
f 480/498/474 479/497/473 218/236/212
f 520/538/514 517/535/511 530/548/524
f 531/549/525 232/250/226 484/502/478
f 517/535/511 526/544/520 532/550/526
f 522/540/516 527/545/521 489/507/483
f 464/482/458 501/519/495 506/524/500
f 481/499/475 492/510/486 516/534/510
f 531/549/525 281/299/275 283/301/277
f 533/551/527 281/299/275 531/549/525
f 534/552/528 533/551/527 530/548/524
f 467/485/461 534/552/528 532/550/526
f 535/553/529 534/552/528 467/485/461
f 150/168/144 338/356/332 535/553/529
f 535/553/529 300/318/294 533/551/527
f 300/318/294 236/254/230 281/299/275
f 338/356/332 286/304/280 300/318/294
f 536/554/530 541/559/535 523/541/517
f 537/555/531 542/560/536 503/521/497
f 505/523/499 504/522/498 538/556/532
f 539/557/533 540/558/534 528/546/522
f 523/541/517 541/559/535 537/555/531
f 540/558/534 536/554/530 510/528/504
f 523/541/517 522/540/516 488/506/482
f 477/495/471 445/463/439 493/511/487
f 498/516/492 512/530/506 525/543/519
f 512/530/506 493/511/487 495/513/489
f 538/556/532 539/557/533 525/543/519
f 541/559/535 536/554/530 542/560/536
f 542/560/536 536/554/530 540/558/534
f 504/522/498 540/558/534 539/557/533
f 543/561/537 579/597/573 544/562/538
f 546/564/540 625/643/619 547/565/541
f 549/567/543 762/780/756 550/568/544
f 552/570/546 603/621/597 553/571/547
f 555/573/549 554/572/548 556/574/550
f 558/576/552 604/622/598 552/570/546
f 560/578/554 588/606/582 561/579/555
f 563/581/557 578/596/572 564/582/558
f 566/584/560 873/891/867 567/585/561
f 569/587/563 585/603/579 570/588/564
f 572/590/566 587/605/581 573/591/567
f 545/563/539 590/608/584 553/571/547
f 575/593/569 599/617/593 576/594/570
f 561/579/555 564/582/558 578/596/572
f 580/598/574 617/635/611 577/595/571
f 581/599/575 607/625/601 582/600/576
f 584/602/578 570/588/564 585/603/579
f 565/583/559 564/582/558 573/591/567
f 588/606/582 573/591/567 564/582/558
f 555/573/549 593/611/587 549/567/543
f 579/597/573 543/561/537 562/580/556
f 589/607/583 707/725/701 565/583/559
f 576/594/570 570/588/564 584/602/578
f 590/608/584 556/574/550 554/572/548
f 565/583/559 707/725/701 591/609/585
f 592/610/586 600/618/594 593/611/587
f 548/566/542 547/565/541 595/613/589
f 563/581/557 591/609/585 597/615/591
f 599/617/593 571/589/565 570/588/564
f 600/618/594 762/780/756 549/567/543
f 579/597/573 578/596/572 601/619/595
f 602/620/596 618/636/612 551/569/545
f 603/621/597 552/570/546 604/622/598
f 567/585/561 614/632/608 588/606/582
f 577/595/571 616/634/610 606/624/600
f 607/625/601 581/599/575 566/584/560
f 568/586/562 567/585/561 560/578/554
f 574/592/568 614/632/608 608/626/602
f 610/628/604 572/590/566 574/592/568
f 611/629/605 711/729/705 612/630/606
f 605/623/599 560/578/554 562/580/556
f 567/585/561 873/891/867 608/626/602
f 613/631/607 612/630/606 615/633/609
f 589/607/583 611/629/605 613/631/607
f 558/576/552 551/569/545 618/636/612
f 616/634/610 615/633/609 619/637/613
f 611/629/605 589/607/583 587/605/581
f 573/591/567 588/606/582 614/632/608
f 607/625/601 568/586/562 605/623/599
f 620/638/614 647/665/641 621/639/615
f 557/575/551 655/673/649 623/641/617
f 624/642/618 627/645/621 625/643/619
f 626/644/620 625/643/619 627/645/621
f 629/647/623 620/638/614 622/640/616
f 631/649/625 547/565/541 625/643/619
f 31/49/25 30/48/24 622/640/616
f 630/648/624 622/640/616 30/48/24
f 627/645/621 624/642/618 633/651/627
f 635/653/629 626/644/620 628/646/622
f 636/654/630 628/646/622 637/655/631
f 639/657/633 623/641/617 414/432/408
f 640/658/634 708/726/702 641/659/635
f 632/650/626 30/48/24 27/45/21
f 601/619/595 598/616/592 634/652/628
f 590/608/584 545/563/539 630/648/624
f 31/49/25 621/639/615 644/662/638
f 546/564/540 647/665/641 620/638/614
f 635/653/629 640/658/634 642/660/636
f 586/604/580 585/603/579 646/664/640
f 647/665/641 546/564/540 548/566/542
f 649/667/643 639/657/633 650/668/644
f 652/670/646 674/692/668 653/671/647
f 27/45/21 26/44/20 444/462/438
f 655/673/649 643/661/637 444/462/438
f 645/663/639 652/670/646 656/674/650
f 628/646/622 627/645/621 634/652/628
f 624/642/618 620/638/614 629/647/623
f 621/639/615 647/665/641 648/666/642
f 556/574/550 643/661/637 655/673/649
f 637/655/631 634/652/628 598/616/592
f 632/650/626 643/661/637 556/574/550
f 435/453/429 650/668/644 639/657/633
f 646/664/640 659/677/653 657/675/651
f 598/616/592 601/619/595 578/596/572
f 629/647/623 630/648/624 545/563/539
f 597/615/591 586/604/580 638/656/632
f 594/612/588 623/641/617 639/657/633
f 585/603/579 569/587/563 659/677/653
f 592/610/586 594/612/588 649/667/643
f 660/678/654 654/672/648 661/679/655
f 656/674/650 660/678/654 663/681/657
f 665/683/659 674/692/668 642/660/636
f 547/565/541 631/649/625 666/684/660
f 642/660/636 674/692/668 652/670/646
f 631/649/625 656/674/650 664/682/658
f 648/666/642 548/566/542 596/614/590
f 644/662/638 648/666/642 667/685/661
f 668/686/662 678/696/672 596/614/590
f 661/679/655 670/688/664 669/687/663
f 654/672/648 653/671/647 670/688/664
f 660/678/654 662/680/656 671/689/665
f 670/688/664 676/694/670 672/690/666
f 662/680/656 669/687/663 673/691/667
f 674/692/668 665/683/659 675/693/669
f 653/671/647 675/693/669 676/694/670
f 669/687/663 672/690/666 677/695/671
f 162/180/156 160/178/154 35/53/29
f 678/696/672 162/180/156 667/685/661
f 679/697/673 668/686/662 595/613/589
f 680/698/674 679/697/673 666/684/660
f 199/217/193 161/179/155 162/180/156
f 668/686/662 679/697/673 681/699/675
f 683/701/677 680/698/674 664/682/658
f 684/702/678 683/701/677 663/681/657
f 685/703/679 684/702/678 671/689/665
f 686/704/680 685/703/679 673/691/667
f 679/697/673 680/698/674 687/705/681
f 680/698/674 683/701/677 688/706/682
f 689/707/683 694/712/688 690/708/684
f 202/220/196 698/716/692 692/710/686
f 693/711/687 690/708/684 694/712/688
f 696/714/690 689/707/683 691/709/685
f 199/217/193 682/700/676 698/716/692
f 699/717/693 710/728/704 700/718/694
f 543/561/537 553/571/547 603/621/597
f 683/701/677 684/702/678 702/720/696
f 682/700/676 199/217/193 678/696/672
f 700/718/694 710/728/704 703/721/697
f 623/641/617 655/673/649 458/476/452
f 656/674/650 652/670/646 654/672/648
f 626/644/620 635/653/629 645/663/639
f 658/676/652 636/654/630 638/656/632
f 640/658/634 635/653/629 636/654/630
f 583/601/577 582/600/576 618/636/612
f 604/622/598 558/576/552 582/600/576
f 617/635/611 613/631/607 616/634/610
f 706/724/700 705/723/699 618/636/612
f 707/725/701 580/598/574 584/602/578
f 554/572/548 555/573/549 559/577/553
f 591/609/585 584/602/578 586/604/580
f 707/725/701 589/607/583 617/635/611
f 551/569/545 558/576/552 559/577/553
f 593/611/587 555/573/549 557/575/551
f 658/676/652 657/675/651 708/726/702
f 633/651/627 629/647/623 544/562/538
f 200/218/194 692/710/686 709/727/703
f 700/718/694 704/722/698 694/712/688
f 689/707/683 696/714/690 701/719/695
f 688/706/682 694/712/688 704/722/698
f 688/706/682 702/720/696 695/713/689
f 698/716/692 703/721/697 710/728/704
f 681/699/675 687/705/681 704/722/698
f 692/710/686 710/728/704 699/717/693
f 703/721/697 698/716/692 682/700/676
f 711/729/705 611/629/605 572/590/566
f 712/730/706 742/760/736 713/731/707
f 715/733/709 785/803/779 716/734/710
f 550/568/544 762/780/756 718/736/712
f 720/738/714 758/776/752 721/739/715
f 723/741/717 758/776/752 724/742/718
f 720/738/714 778/796/772 726/744/720
f 728/746/722 755/773/749 729/747/723
f 731/749/725 746/764/740 732/750/726
f 734/752/728 766/784/760 735/753/729
f 569/587/563 571/589/565 737/755/731
f 739/757/733 754/772/748 740/758/734
f 742/760/736 712/730/706 721/739/715
f 744/762/738 599/617/593 575/593/569
f 746/764/740 731/749/725 728/746/722
f 747/765/741 744/762/738 745/763/739
f 749/767/743 767/785/761 750/768/744
f 738/756/732 737/755/731 752/770/746
f 733/751/727 740/758/734 754/772/748
f 731/749/725 754/772/748 755/773/749
f 724/742/718 727/745/721 718/736/712
f 730/748/724 712/730/706 714/732/708
f 733/751/727 855/873/849 757/775/751
f 752/770/746 737/755/731 744/762/738
f 758/776/752 723/741/717 743/761/737
f 759/777/753 855/873/849 733/751/727
f 592/610/586 813/831/807 756/774/750
f 717/735/711 820/838/814 760/778/754
f 732/750/726 811/829/805 761/779/755
f 737/755/731 571/589/565 599/617/593
f 600/618/594 756/774/750 718/736/712
f 763/781/757 746/764/740 714/732/708
f 719/737/713 776/794/770 602/620/596
f 764/782/758 778/796/772 720/738/714
f 729/747/723 755/773/749 765/783/759
f 606/624/600 777/795/771 745/763/739
f 767/785/761 734/752/728 736/754/730
f 764/782/758 729/747/723 766/784/760
f 739/757/733 769/787/763 768/786/762
f 769/787/763 739/757/733 741/759/735
f 771/789/765 774/792/768 772/790/766
f 764/782/758 722/740/716 730/748/724
f 768/786/762 735/753/729 766/784/760
f 774/792/768 777/795/771 775/793/769
f 774/792/768 771/789/765 757/775/751
f 776/794/770 719/737/713 726/744/720
f 606/624/600 619/637/613 775/793/769
f 771/789/765 741/759/735 740/758/734
f 765/783/759 755/773/749 754/772/748
f 778/796/772 764/782/758 734/752/728
f 779/797/773 788/806/782 780/798/774
f 725/743/719 813/831/807 782/800/776
f 784/802/778 716/734/710 785/803/779
f 787/805/781 794/812/788 786/804/780
f 788/806/782 779/797/773 789/807/783
f 791/809/785 787/805/781 785/803/779
f 788/806/782 221/239/215 222/240/216
f 221/239/215 788/806/782 790/808/784
f 786/804/780 803/821/797 793/811/787
f 794/812/788 787/805/781 795/813/789
f 797/815/791 794/812/788 796/814/790
f 489/507/483 782/800/776 799/817/793
f 641/659/635 708/726/702 800/818/794
f 217/235/211 221/239/215 792/810/786
f 803/821/797 811/829/805 763/781/757
f 743/761/737 792/810/786 790/808/784
f 227/245/221 780/798/774 222/240/216
f 779/797/773 781/799/775 716/734/710
f 801/819/795 800/818/794 795/813/789
f 753/771/747 798/816/792 805/823/799
f 781/799/775 819/837/813 717/735/711
f 806/824/800 651/669/645 650/668/644
f 807/825/801 826/844/820 808/826/802
f 802/820/796 513/531/507 529/547/523
f 783/801/777 527/545/521 513/531/507
f 810/828/804 809/827/803 804/822/798
f 794/812/788 797/815/791 803/821/797
f 784/802/778 793/811/787 789/807/783
f 227/245/221 819/837/813 781/799/775
f 723/741/717 725/743/719 783/801/777
f 811/829/805 803/821/797 797/815/791
f 723/741/717 802/820/796 792/810/786
f 799/817/793 650/668/644 435/453/429
f 812/830/806 657/675/651 659/677/653
f 746/764/740 763/781/757 811/829/805
f 742/760/736 790/808/784 789/807/783
f 761/779/755 797/815/791 798/816/792
f 813/831/807 806/824/800 799/817/793
f 805/823/799 659/677/653 569/587/563
f 592/610/586 651/669/645 806/824/800
f 814/832/808 824/842/818 815/833/809
f 816/834/810 814/832/808 810/828/804
f 641/659/635 801/819/795 808/826/802
f 715/733/709 760/778/754 818/836/812
f 809/827/803 808/826/802 801/819/795
f 817/835/811 810/828/804 791/809/785
f 819/837/813 821/839/815 820/838/814
f 227/245/221 226/244/220 821/839/815
f 820/838/814 830/848/824 822/840/816
f 823/841/817 825/843/819 815/833/809
f 807/825/801 815/833/809 825/843/819
f 827/845/821 824/842/818 814/832/808
f 672/690/666 676/694/670 825/843/819
f 828/846/822 823/841/817 824/842/818
f 826/844/820 675/693/669 665/683/659
f 676/694/670 675/693/669 826/844/820
f 677/695/671 672/690/666 823/841/817
f 226/244/220 349/367/343 829/847/823
f 821/839/815 829/847/823 830/848/824
f 760/778/754 822/840/816 831/849/825
f 818/836/812 831/849/825 832/850/826
f 829/847/823 350/368/344 383/401/377
f 822/840/816 847/865/841 833/851/827
f 817/835/811 832/850/826 834/852/828
f 816/834/810 834/852/828 835/853/829
f 827/845/821 835/853/829 836/854/830
f 686/704/680 677/695/671 828/846/822
f 831/849/825 833/851/827 837/855/831
f 832/850/826 837/855/831 838/856/832
f 839/857/833 845/863/839 840/858/834
f 389/407/383 384/402/378 842/860/836
f 844/862/838 858/876/852 845/863/839
f 846/864/840 1023/1041/1017 841/859/835
f 383/401/377 389/407/383 843/861/837
f 848/866/842 853/871/847 849/867/843
f 712/730/706 730/748/724 722/740/716
f 834/852/828 838/856/832 851/869/845
f 830/848/824 383/401/377 847/865/841
f 848/866/842 857/875/851 852/870/846
f 782/800/776 489/507/483 527/545/521
f 810/828/804 814/832/808 807/825/801
f 804/822/798 795/813/789 787/805/781
f 798/816/792 796/814/790 812/830/806
f 796/814/790 795/813/789 800/818/794
f 776/794/770 749/767/743 751/769/745
f 767/785/761 749/767/743 726/744/720
f 777/795/771 774/792/768 748/766/742
f 602/620/596 776/794/770 854/872/848
f 759/777/753 752/770/746 747/765/741
f 758/776/752 720/738/714 727/745/721
f 753/771/747 752/770/746 759/777/753
f 855/873/849 747/765/741 748/766/742
f 727/745/721 726/744/720 719/737/713
f 725/743/719 724/742/718 756/774/750
f 708/726/702 657/675/651 812/830/806
f 713/731/707 789/807/783 793/811/787
f 384/402/378 354/372/348 856/874/850
f 848/866/842 840/858/834 845/863/839
f 840/858/834 848/866/842 850/868/844
f 857/875/851 845/863/839 838/856/832
f 858/876/852 851/869/845 838/856/832
f 843/861/837 842/860/836 853/871/847
f 833/851/827 852/870/846 857/875/851
f 842/860/836 856/874/850 849/867/843
f 847/865/841 843/861/837 852/870/846
f 773/791/767 770/788/764 741/759/735
f 859/877/853 102/120/96 140/158/134
f 119/137/113 117/135/111 860/878/854
f 120/138/114 119/137/113 861/879/855
f 79/97/73 861/879/855 860/878/854
f 861/879/855 79/97/73 863/881/857
f 58/76/52 864/882/858 859/877/853
f 117/135/111 59/77/53 859/877/853
f 864/882/858 58/76/52 126/144/120
f 862/880/856 863/881/857 84/102/78
f 81/99/75 102/120/96 859/877/853
f 206/224/200 866/884/860 865/883/859
f 866/884/860 81/99/75 864/882/858
f 865/883/859 126/144/120 132/150/126
f 867/885/861 868/886/862 330/348/324
f 868/886/862 341/359/335 307/325/301
f 325/343/319 871/889/865 869/887/863
f 269/287/263 330/348/324 868/886/862
f 869/887/863 871/889/865 276/294/270
f 251/269/245 867/885/861 870/888/864
f 867/885/861 251/269/245 341/359/335
f 870/888/864 872/890/866 320/338/314
f 275/293/269 276/294/270 871/889/865
f 273/291/267 870/888/864 867/885/861
f 391/409/385 394/412/388 872/890/866
f 870/888/864 273/291/267 392/410/386
f 321/339/315 320/338/314 872/890/866
f 711/729/705 581/599/575 583/601/577
f 609/627/603 873/891/867 566/584/560
f 610/628/604 566/584/560 581/599/575
f 706/724/700 619/637/613 615/633/609
f 612/630/606 583/601/577 705/723/699
f 751/769/745 750/768/744 773/791/767
f 736/754/730 735/753/729 769/787/763
f 750/768/744 736/754/730 770/788/764
f 775/793/769 619/637/613 706/724/700
f 854/872/848 751/769/745 772/790/766
f 874/892/868 982/1000/976 875/893/869
f 877/895/871 972/990/966 878/896/872
f 880/898/874 926/944/920 881/899/875
f 883/901/877 905/923/899 884/902/878
f 886/904/880 697/715/691 887/905/881
f 889/907/883 994/1012/988 885/903/879
f 890/908/884 998/1016/992 891/909/885
f 893/911/887 967/985/961 894/912/888
f 896/914/890 999/1017/993 897/915/891
f 899/917/893 975/993/969 900/918/894
f 901/919/895 888/906/882 898/916/892
f 901/919/895 923/941/917 886/904/880
f 888/906/882 887/905/881 896/914/890
f 903/921/897 967/985/961 893/911/887
f 904/922/898 884/902/878 905/923/899
f 907/925/901 939/957/933 908/926/902
f 910/928/904 957/975/951 911/929/905
f 913/931/907 962/980/956 914/932/908
f 916/934/910 938/956/932 917/935/911
f 919/937/913 943/961/937 920/938/914
f 922/940/916 984/1002/978 886/904/880
f 880/898/874 890/908/884 904/922/898
f 924/942/918 961/979/955 894/912/888
f 926/944/920 880/898/874 906/924/900
f 928/946/922 962/980/956 913/931/907
f 919/937/913 902/920/896 930/948/924
f 932/950/926 883/901/877 885/903/879
f 921/939/915 920/938/914 933/951/927
f 935/953/929 907/925/901 909/927/903
f 935/953/929 916/934/910 918/936/912
f 937/955/931 958/976/952 938/956/932
f 939/957/933 969/987/963 940/958/934
f 927/945/921 971/989/965 940/958/934
f 941/959/935 957/975/951 910/928/904
f 882/900/876 998/1016/992 890/908/884
f 915/933/909 914/932/908 909/927/903
f 943/961/937 919/937/913 931/949/925
f 897/915/891 930/948/924 902/920/896
f 914/932/908 937/955/931 916/934/910
f 945/963/939 955/973/949 946/964/940
f 948/966/942 976/994/970 899/917/893
f 944/962/938 970/988/964 924/942/918
f 950/968/944 997/1015/991 951/969/945
f 936/954/930 918/936/912 953/971/947
f 955/973/949 971/989/965 927/945/921
f 956/974/950 993/1011/987 957/975/951
f 928/946/922 978/996/972 958/976/952
f 957/975/951 993/1011/987 959/977/953
f 901/919/895 921/939/915 934/952/928
f 960/978/954 948/966/942 949/967/943
f 949/967/943 899/917/893 893/911/887
f 962/980/956 928/946/922 937/955/931
f 904/922/898 890/908/884 892/910/886
f 884/902/878 904/922/898 963/981/957
f 922/940/916 923/941/917 934/952/928
f 905/923/899 883/901/877 947/965/941
f 906/924/900 905/923/899 946/964/940
f 961/979/955 949/967/943 895/913/889
f 959/977/953 981/999/975 965/983/959
f 902/920/896 919/937/913 921/939/915
f 925/943/919 894/912/888 967/985/961
f 969/987/963 881/899/875 926/944/920
f 970/988/964 960/978/954 961/979/955
f 971/989/965 915/933/909 908/926/902
f 956/974/950 947/965/941 883/901/877
f 972/990/966 950/968/944 973/991/967
f 929/947/923 913/931/907 955/973/949
f 943/961/937 924/942/918 925/943/919
f 913/931/907 915/933/909 971/989/965
f 958/976/952 910/928/904 912/930/906
f 959/977/953 966/984/960 917/935/911
f 973/991/967 974/992/968 110/128/104
f 974/992/968 973/991/967 950/968/944
f 975/993/969 899/917/893 976/994/970
f 942/960/936 910/928/904 958/976/952
f 979/997/973 981/999/975 980/998/974
f 974/992/968 952/970/946 981/999/975
f 982/1000/976 989/1007/983 979/997/973
f 983/1001/977 701/719/695 696/714/690
f 985/1003/979 992/1010/986 986/1004/980
f 879/897/873 878/896/872 166/184/160
f 877/895/871 992/1010/986 985/1003/979
f 878/896/872 973/991/967 109/127/103
f 974/992/968 979/997/973 989/1007/983
f 165/183/159 709/727/703 990/1008/984
f 697/715/691 886/904/880 984/1002/978
f 701/719/695 983/1001/977 991/1009/985
f 992/1010/986 877/895/871 879/897/873
f 709/727/703 699/717/693 991/1009/985
f 968/986/962 967/985/961 985/1003/979
f 988/1006/982 985/1003/979 967/985/961
f 929/947/923 942/960/936 978/996/972
f 993/1011/987 956/974/950 932/950/926
f 947/965/941 956/974/950 941/959/935
f 945/963/939 941/959/935 942/960/936
f 980/998/974 932/950/926 876/894/870
f 994/1012/988 874/892/868 876/894/870
f 995/1013/989 987/1005/981 986/1004/980
f 920/938/914 925/943/919 968/986/962
f 972/990/966 877/895/871 988/1006/982
f 986/1004/980 992/1010/986 990/1008/984
f 950/968/944 972/990/966 996/1014/990
f 964/982/958 983/1001/977 984/1002/978
f 933/951/927 968/986/962 987/1005/981
f 952/970/946 951/969/945 965/983/959
f 976/994/970 948/966/942 935/953/929
f 930/948/924 897/915/891 998/1016/992
f 970/988/964 944/962/938 969/987/963
f 931/949/925 930/948/924 882/900/876
f 960/978/954 970/988/964 939/957/933
f 998/1016/992 897/915/891 999/1017/993
f 969/987/963 944/962/938 931/949/925
f 977/995/971 976/994/970 936/954/930
f 907/925/901 935/953/929 948/966/942
f 988/1006/982 903/921/897 1000/1018/994
f 997/1015/991 996/1014/990 1000/1018/994
f 1002/1020/996 975/993/969 977/995/971
f 975/993/969 1002/1020/996 1003/1021/997
f 900/918/894 1003/1021/997 1004/1022/998
f 1000/1018/994 903/921/897 1004/1022/998
f 1001/1019/995 1000/1018/994 1005/1023/999
f 1001/1019/995 1006/1024/1000 1007/1025/1001
f 1007/1025/1001 1002/1020/996 954/972/948
f 1002/1020/996 1007/1025/1001 1006/1024/1000
f 1006/1024/1000 1005/1023/999 1004/1022/998
f 933/951/927 995/1013/989 964/982/958
f 938/956/932 912/930/906 911/929/905
f 953/971/947 966/984/960 1008/1026/1002
f 966/984/960 965/983/959 951/969/945
f 953/971/947 918/936/912 917/935/911
f 997/1015/991 1001/1019/995 1008/1026/1002
f 959/977/953 993/1011/987 980/998/974
f 995/1013/989 991/1009/985 983/1001/977
f 1009/1027/1003 1119/1137/1113 1010/1028/1004
f 1012/1030/1006 1110/1128/1104 1013/1031/1007
f 1015/1033/1009 1062/1080/1056 1016/1034/1010
f 1018/1036/1012 1025/1043/1019 1019/1037/1013
f 1021/1039/1015 1039/1057/1033 1022/1040/1016
f 1024/1042/1018 1019/1037/1013 1025/1043/1019
f 1027/1045/1021 1103/1121/1097 1028/1046/1022
f 1030/1048/1024 1102/1120/1096 1031/1049/1025
f 1033/1051/1027 1134/1152/1128 1034/1052/1028
f 1036/1054/1030 1113/1131/1107 1037/1055/1031
f 1038/1056/1032 1067/1085/1061 1035/1053/1029
f 1038/1056/1032 1039/1057/1033 1021/1039/1015
f 1034/1052/1028 1022/1040/1016 1039/1057/1033
f 1041/1059/1035 1036/1054/1030 1030/1048/1024
f 1020/1038/1014 1019/1037/1013 1042/1060/1036
f 1044/1062/1038 1075/1093/1069 1045/1063/1039
f 1047/1065/1041 1080/1098/1074 1048/1066/1042
f 1050/1068/1044 1081/1099/1075 1051/1069/1045
f 1053/1071/1047 1072/1090/1066 1054/1072/1048
f 1056/1074/1050 1083/1101/1077 1057/1075/1051
f 1021/1039/1015 1128/1146/1122 1059/1077/1053
f 1042/1060/1036 1027/1045/1021 1016/1034/1010
f 1060/1078/1054 1108/1126/1102 1031/1049/1025
f 1043/1061/1037 1016/1034/1010 1062/1080/1056
f 1052/1070/1046 1051/1069/1045 1064/1082/1058
f 1057/1075/1051 1082/1100/1076 1066/1084/1060
f 1068/1086/1062 1009/1027/1003 1025/1043/1019
f 1069/1087/1063 1056/1074/1050 1058/1076/1052
f 1071/1089/1065 1053/1071/1047 1044/1062/1038
f 1072/1090/1066 1053/1071/1047 1071/1089/1065
f 1055/1073/1049 1099/1117/1093 1074/1092/1068
f 1075/1093/1069 1077/1095/1071 1076/1094/1070
f 1063/1081/1057 1062/1080/1056 1077/1095/1071
f 1079/1097/1073 1115/1133/1109 1048/1066/1042
f 1017/1035/1011 1016/1034/1010 1027/1045/1021
f 1050/1068/1044 1075/1093/1069 1044/1062/1038
f 1082/1100/1076 1057/1075/1051 1083/1101/1077
f 1067/1085/1061 1066/1084/1060 1033/1051/1027
f 1053/1071/1047 1074/1092/1068 1081/1099/1075
f 1085/1103/1079 1096/1114/1090 1086/1104/1080
f 1037/1055/1031 1114/1132/1108 1088/1106/1082
f 1084/1102/1078 1083/1101/1077 1060/1078/1054
f 1091/1109/1085 1112/1130/1106 1092/1110/1086
f 1094/1112/1088 1072/1090/1066 1073/1091/1067
f 1063/1081/1057 1078/1096/1072 1096/1114/1090
f 1097/1115/1091 1079/1097/1073 1080/1098/1074
f 1099/1117/1093 1131/1149/1125 1064/1082/1058
f 1100/1118/1094 1098/1116/1092 1080/1098/1074
f 1070/1088/1064 1058/1076/1052 1038/1056/1032
f 1101/1119/1095 1061/1079/1055 1089/1107/1083
f 1030/1048/1024 1037/1055/1031 1089/1107/1083
f 1051/1069/1045 1081/1099/1075 1074/1092/1068
f 1103/1121/1097 1027/1045/1021 1042/1060/1036
f 1104/1122/1098 1042/1060/1036 1019/1037/1013
f 1070/1088/1064 1040/1058/1034 1059/1077/1053
f 1087/1105/1081 1018/1036/1012 1020/1038/1014
f 1085/1103/1079 1020/1038/1014 1043/1061/1037
f 1061/1079/1055 1031/1049/1025 1102/1120/1096
f 1106/1124/1100 1118/1136/1112 1100/1118/1094
f 1058/1076/1052 1057/1075/1051 1067/1085/1061
f 1108/1126/1102 1130/1148/1124 1032/1050/1026
f 1062/1080/1056 1015/1033/1009 1076/1094/1070
f 1090/1108/1084 1060/1078/1054 1061/1079/1055
f 1077/1095/1071 1075/1093/1069 1050/1068/1044
f 1018/1036/1012 1087/1105/1081 1097/1115/1091
f 1109/1127/1103 1091/1109/1085 1110/1128/1104
f 1096/1114/1090 1052/1070/1046 1065/1083/1059
f 1083/1101/1077 1056/1074/1050 1108/1126/1102
f 1078/1096/1072 1050/1068/1044 1052/1070/1046
f 1049/1067/1043 1048/1066/1042 1099/1117/1093
f 1054/1072/1048 1107/1125/1101 1100/1118/1094
f 401/419/395 297/315/291 1111/1129/1105
f 1112/1130/1106 1091/1109/1085 1109/1127/1103
f 1113/1131/1107 1135/1153/1129 1114/1132/1108
f 1115/1133/1109 1131/1149/1125 1099/1117/1093
f 1116/1134/1110 1119/1137/1113 1117/1135/1111
f 1111/1129/1105 1116/1134/1110 1118/1136/1112
f 1119/1137/1113 1116/1134/1110 1120/1138/1114
f 1121/1139/1115 1128/1146/1122 846/864/840
f 1122/1140/1116 1126/1144/1120 1123/1141/1117
f 1014/1032/1008 354/372/348 356/374/350
f 1125/1143/1119 1123/1141/1117 1126/1144/1120
f 356/374/350 401/419/395 1109/1127/1103
f 297/315/291 1120/1138/1114 1116/1134/1110
f 354/372/348 1014/1032/1008 1127/1145/1121
f 1128/1146/1122 1021/1039/1015 1023/1041/1017
f 1129/1147/1123 1121/1139/1115 850/868/844
f 1014/1032/1008 1013/1031/1007 1126/1144/1120
f 1129/1147/1123 849/867/843 856/874/850
f 1123/1141/1117 1032/1050/1026 1130/1148/1124
f 1032/1050/1026 1123/1141/1117 1125/1143/1119
f 1065/1083/1059 1064/1082/1058 1131/1149/1125
f 1068/1086/1062 1097/1115/1091 1098/1116/1092
f 1087/1105/1081 1086/1104/1080 1079/1097/1073
f 1086/1104/1080 1065/1083/1059 1115/1133/1109
f 1117/1135/1111 1119/1137/1113 1009/1027/1003
f 1009/1027/1003 1011/1029/1005 1026/1044/1020
f 1122/1140/1116 1124/1142/1118 1132/1150/1126
f 1130/1148/1124 1108/1126/1102 1056/1074/1050
f 1110/1128/1104 1133/1151/1127 1125/1143/1119
f 1122/1140/1116 1129/1147/1123 1127/1145/1121
f 1091/1109/1085 1093/1111/1087 1133/1151/1127
f 1128/1146/1122 1121/1139/1115 1105/1123/1099
f 1069/1087/1063 1132/1150/1126 1124/1142/1118
f 1112/1130/1106 1118/1136/1112 1106/1124/1100
f 1114/1132/1108 1073/1091/1067 1071/1089/1065
f 1066/1084/1060 1017/1035/1011 1029/1047/1023
f 1090/1108/1084 1045/1063/1039 1076/1094/1070
f 1082/1100/1076 1015/1033/1009 1017/1035/1011
f 1101/1119/1095 1046/1064/1040 1045/1063/1039
f 1134/1152/1128 1033/1051/1027 1029/1047/1023
f 1082/1100/1076 1084/1102/1078 1076/1094/1070
f 1135/1153/1129 1095/1113/1089 1073/1091/1067
f 1046/1064/1040 1101/1119/1095 1088/1106/1082
f 1125/1143/1119 1133/1151/1127 1136/1154/1130
f 1136/1154/1130 1133/1151/1127 1093/1111/1087
f 1135/1153/1129 1113/1131/1107 1138/1156/1132
f 1139/1157/1133 1138/1156/1132 1113/1131/1107
f 1140/1158/1134 1139/1157/1133 1036/1054/1030
f 1136/1154/1130 1141/1159/1135 1140/1158/1134
f 1141/1159/1135 1136/1154/1130 1137/1155/1131
f 1143/1161/1137 1142/1160/1136 1137/1155/1131
f 1095/1113/1089 1138/1156/1132 1143/1161/1137
f 1138/1156/1132 1139/1157/1133 1142/1160/1136
f 1140/1158/1134 1141/1159/1135 1142/1160/1136
f 1070/1088/1064 1105/1123/1099 1132/1150/1126
f 1047/1065/1041 1049/1067/1043 1055/1073/1049
f 1144/1162/1138 1107/1125/1101 1094/1112/1088
f 1092/1110/1086 1106/1124/1100 1107/1125/1101
f 1107/1125/1101 1054/1072/1048 1072/1090/1066
f 1093/1111/1087 1092/1110/1086 1144/1162/1138
f 1100/1118/1094 1118/1136/1112 1117/1135/1111
f 1121/1139/1115 1129/1147/1123 1132/1150/1126
f 1145/1163/1139 1223/1241/1217 896/914/890
f 1146/1164/1140 1223/1241/1217 1147/1165/1141
f 994/1012/988 889/907/883 1149/1167/1143
f 697/715/691 691/709/685 1145/1163/1139
f 1151/1169/1145 1225/1243/1219 1152/1170/1146
f 989/1007/983 982/1000/976 1154/1172/1148
f 889/907/883 963/981/957 1156/1174/1150
f 963/981/957 892/910/886 1151/1169/1145
f 1157/1175/1151 1171/1189/1165 1158/1176/1152
f 1159/1177/1153 1158/1176/1152 1160/1178/1154
f 1162/1180/1156 1167/1185/1161 1163/1181/1157
f 1165/1183/1159 1162/1180/1156 1164/1182/1158
f 1161/1179/1155 1160/1178/1154 1163/1181/1157
f 1168/1186/1162 1157/1175/1151 203/221/197
f 1168/1186/1162 182/200/176 108/126/102
f 1158/1176/1152 1172/1190/1166 1169/1187/1163
f 1170/1188/1164 1175/1193/1169 1164/1182/1158
f 1171/1189/1165 1173/1191/1167 1172/1190/1166
f 1173/1191/1167 1181/1199/1175 1174/1192/1168
f 1175/1193/1169 1170/1188/1164 1176/1194/1170
f 1178/1196/1172 1175/1193/1169 1177/1195/1171
f 1169/1187/1163 1180/1198/1174 1176/1194/1170
f 1172/1190/1166 1174/1192/1168 1180/1198/1174
f 1181/1199/1175 1219/1237/1213 1182/1200/1176
f 1180/1198/1174 1184/1202/1178 1183/1201/1177
f 1174/1192/1168 1182/1200/1176 1184/1202/1178
f 1177/1195/1171 1176/1194/1170 1183/1201/1177
f 1179/1197/1173 1177/1195/1171 1185/1203/1179
f 1182/1200/1176 1195/1213/1189 1187/1205/1181
f 1183/1201/1177 1190/1208/1184 1188/1206/1182
f 1186/1204/1180 1185/1203/1179 1188/1206/1182
f 1184/1202/1178 1187/1205/1181 1190/1208/1184
f 1191/1209/1185 1204/1222/1198 1192/1210/1186
f 1187/1205/1181 1196/1214/1190 1194/1212/1188
f 1195/1213/1189 1210/1228/1204 1196/1214/1190
f 1190/1208/1184 1194/1212/1188 1197/1215/1191
f 1188/1206/1182 1197/1215/1191 1198/1216/1192
f 1148/1166/1142 1147/1165/1141 1192/1210/1186
f 1200/1218/1194 1206/1224/1200 1201/1219/1195
f 1194/1212/1188 1232/1250/1226 1203/1221/1197
f 1204/1222/1198 1208/1226/1202 1199/1217/1193
f 1205/1223/1199 1209/1227/1203 1206/1224/1200
f 1197/1215/1191 1203/1221/1197 1207/1225/1201
f 1208/1226/1202 1204/1222/1198 1209/1227/1203
f 1210/1228/1204 1195/1213/1189 1211/1229/1205
f 1201/1219/1195 1206/1224/1200 1213/1231/1207
f 1201/1219/1195 1214/1232/1208 1215/1233/1209
f 1206/1224/1200 1209/1227/1203 1217/1235/1211
f 1210/1228/1204 1220/1238/1214 1218/1236/1212
f 1204/1222/1198 1191/1209/1185 1217/1235/1211
f 1195/1213/1189 1182/1200/1176 1219/1237/1213
f 1220/1238/1214 1210/1228/1204 1212/1230/1206
f 1145/1163/1139 691/709/685 690/708/684
f 1222/1240/1216 690/708/684 693/711/687
f 1193/1211/1187 1192/1210/1186 1147/1165/1141
f 1223/1241/1217 1145/1163/1139 1222/1240/1216
f 1153/1171/1147 1152/1170/1146 1221/1239/1215
f 1224/1242/1218 1202/1220/1196 1201/1219/1195
f 1225/1243/1219 1151/1169/1145 892/910/886
f 1212/1230/1206 1211/1229/1205 1226/1244/1220
f 1153/1171/1147 1226/1244/1220 1156/1174/1150
f 1211/1229/1205 1219/1237/1213 1227/1245/1221
f 1226/1244/1220 1227/1245/1221 1149/1167/1143
f 1228/1246/1222 1229/1247/1223 1173/1191/1167
f 1229/1247/1223 1230/1248/1224 1181/1199/1175
f 1219/1237/1213 1181/1199/1175 1230/1248/1224
f 1231/1249/1225 1150/1168/1144 1230/1248/1224
f 1150/1168/1144 1149/1167/1143 1227/1245/1221
f 1160/1178/1154 1169/1187/1163 1170/1188/1164
f 1196/1214/1190 1218/1236/1212 1232/1250/1226
f 1175/1193/1169 1178/1196/1172 1166/1184/1160
f 1231/1249/1225 1154/1172/1148 982/1000/976
f 1228/1246/1222 1168/1186/1162 1155/1173/1149
f 1171/1189/1165 1157/1175/1151 1168/1186/1162
f 213/231/207 1161/1179/1155 1167/1185/1161
f 214/232/208 1162/1180/1156 1165/1183/1159
f 216/234/210 1167/1185/1161 1162/1180/1156
f 211/229/205 1159/1177/1153 1161/1179/1155
f 203/221/197 1157/1175/1151 1159/1177/1153
f 110/128/104 989/1007/983 1155/1173/1149
f 1150/1168/1144 1231/1249/1225 874/892/868
f 1154/1172/1148 1231/1249/1225 1229/1247/1223
f 891/909/885 999/1017/993 1146/1164/1140
f 1148/1166/1142 1152/1170/1146 1225/1243/1219
f 1224/1242/1218 1207/1225/1201 1203/1221/1197
f 1205/1223/1199 1218/1236/1212 1220/1238/1214
f 1202/1220/1196 1203/1221/1197 1232/1250/1226
f 1200/1218/1194 1232/1250/1226 1218/1236/1212
f 1221/1239/1215 1199/1217/1193 1208/1226/1202
f 1152/1170/1146 1148/1166/1142 1199/1217/1193
f 1223/1241/1217 1146/1164/1140 999/1017/993
f 1233/1251/1227 1022/1040/1016 1034/1052/1028
f 1235/1253/1229 1280/1304/1274 1236/1254/1230
f 1237/1255/1231 1024/1042/1018 1026/1044/1020
f 1023/1041/1017 1022/1040/1016 1233/1251/1227
f 1239/1257/1233 1302/1328/1296 1240/1258/1234
f 1120/1138/1114 1254/1273/1248 1242/1260/1236
f 1243/1261/1237 1104/1122/1098 1024/1042/1018
f 1104/1122/1098 1243/1261/1237 1239/1257/1233
f 1244/1262/1238 1258/1277/1252 1245/1263/1239
f 1247/1265/1241 1244/1262/1238 1246/1264/1240
f 1249/1267/1243 1252/1271/1246 1250/1268/1244
f 1165/1270/1159 1166/1337/1160 1252/1271/1246
f 1250/1268/1244 1247/1265/1241 1248/1266/1242
f 1253/1272/1247 387/405/381 386/404/380
f 299/317/293 387/405/381 1253/1272/1247
f 1244/1262/1238 1247/1265/1241 1255/1274/1249
f 1252/1271/1246 1261/1280/1255 1257/1276/1251
f 1258/1277/1252 1244/1262/1238 1256/1275/1250
f 1260/1279/1254 1266/1286/1260 1259/1278/1253
f 1261/1280/1255 1263/1283/1257 1262/1281/1256
f 1178/1282/1172 1179/1289/1173 1263/1283/1257
f 1262/1281/1256 1264/1284/1258 1255/1274/1249
f 1264/1284/1258 1260/1279/1254 1256/1275/1250
f 1265/1285/1259 1298/1324/1292 1266/1286/1260
f 1267/1287/1261 1268/1288/1262 1264/1284/1258
f 1268/1288/1262 1265/1285/1259 1260/1279/1254
f 1263/1283/1257 1269/1290/1263 1267/1287/1261
f 1179/1289/1173 1186/1293/1180 1269/1290/1263
f 1270/1291/1264 1278/1300/1272 1265/1285/1259
f 1271/1292/1265 1272/1294/1266 1267/1287/1261
f 1186/1293/1180 1189/1303/1183 1271/1292/1265
f 1272/1294/1266 1270/1291/1264 1268/1288/1262
f 1273/1295/1267 1286/1310/1280 1274/1296/1268
f 1276/1298/1270 1277/1299/1271 1270/1291/1264
f 1277/1299/1271 1291/1316/1285 1278/1300/1272
f 1279/1301/1273 1276/1298/1270 1272/1294/1266
f 1198/1302/1192 1279/1301/1273 1271/1292/1265
f 1280/1304/1274 1285/1309/1279 1273/1295/1267
f 1281/1305/1275 1293/1318/1287 1282/1306/1276
f 1284/1308/1278 1309/1336/1303 1276/1298/1270
f 1285/1309/1279 1289/1314/1283 1286/1310/1280
f 1282/1306/1276 1288/1313/1282 1287/1311/1281
f 1207/1312/1201 1284/1308/1278 1279/1301/1273
f 1288/1313/1282 1286/1310/1280 1289/1314/1283
f 1290/1315/1284 1278/1300/1272 1291/1316/1285
f 1293/1318/1287 1295/1321/1289 1294/1319/1288
f 1216/1320/1210 1215/1414/1209 1295/1321/1289
f 1282/1306/1276 1294/1319/1288 1296/1322/1290
f 1297/1323/1291 1299/1325/1293 1291/1316/1285
f 1296/1322/1290 1274/1296/1268 1286/1310/1280
f 1298/1324/1292 1265/1285/1259 1278/1300/1272
f 1292/1317/1286 1291/1316/1285 1299/1325/1293
f 1301/1327/1295 839/857/833 841/859/835
f 844/862/838 839/857/833 1301/1327/1295
f 1236/1254/1230 1273/1295/1267 1275/1297/1269
f 1234/1252/1228 1236/1254/1230 1301/1327/1295
f 1302/1328/1296 1292/1317/1286 1300/1326/1294
f 1224/1329/1218 1216/1320/1210 1293/1318/1287
f 1241/1259/1235 1028/1046/1022 1103/1121/1097
f 1303/1330/1297 1290/1315/1284 1292/1317/1286
f 1243/1261/1237 1303/1330/1297 1302/1328/1296
f 1304/1331/1298 1298/1324/1292 1290/1315/1284
f 1237/1255/1231 1304/1331/1298 1303/1330/1297
f 1305/1332/1299 1258/1277/1252 1259/1278/1253
f 1266/1286/1260 1307/1334/1301 1306/1333/1300
f 1298/1324/1292 1304/1331/1298 1307/1334/1301
f 1308/1335/1302 1306/1333/1300 1307/1334/1301
f 1304/1331/1298 1237/1255/1231 1238/1256/1232
f 1247/1265/1241 1250/1268/1244 1257/1276/1251
f 1309/1336/1303 1297/1323/1291 1277/1299/1271
f 1166/1337/1160 1178/1282/1172 1261/1280/1255
f 1308/1335/1302 1011/1029/1005 1010/1028/1004
f 1242/1260/1236 1254/1273/1248 1253/1272/1247
f 1305/1332/1299 1253/1272/1247 1245/1263/1239
f 1251/1269/1245 1248/1266/1242 397/415/391
f 1165/1270/1159 1249/1267/1243 398/416/392
f 1249/1267/1243 1251/1269/1245 399/417/393
f 1248/1266/1242 1246/1264/1240 395/413/389
f 1246/1264/1240 1245/1263/1239 386/404/380
f 297/315/291 299/317/293 1254/1273/1248
f 1238/1256/1232 1026/1044/1020 1011/1029/1005
f 1242/1260/1236 1305/1332/1299 1306/1333/1300
f 1235/1253/1229 1134/1152/1128 1028/1046/1022
f 1241/1259/1235 1240/1258/1234 1280/1304/1274
f 1284/1308/1278 1207/1312/1201 1224/1329/1218
f 1299/1325/1293 1297/1323/1291 1287/1311/1281
f 1309/1336/1303 1284/1308/1278 1281/1305/1275
f 1297/1323/1291 1309/1336/1303 1283/1307/1277
f 1289/1314/1283 1285/1309/1279 1300/1326/1294
f 1285/1309/1279 1280/1304/1274 1240/1258/1234
f 1234/1252/1228 1034/1052/1028 1134/1152/1128
f 702/720/696 1354/1382/1348 1310/1338/1304
f 1311/1339/1305 1354/1382/1348 702/720/696
f 1312/1340/1306 1311/1339/1305 684/702/678
f 1313/1341/1307 1312/1340/1306 685/703/679
f 1314/1342/1308 1322/1350/1316 1315/1343/1309
f 1317/1345/1311 1357/1385/1351 1318/1346/1312
f 1316/1344/1310 1315/1343/1309 1320/1348/1314
f 1322/1350/1316 1317/1345/1311 1319/1347/1313
f 1319/1347/1313 1318/1346/1312 1323/1351/1317
f 1315/1343/1309 1319/1347/1313 1324/1352/1318
f 1325/1353/1319 1355/1383/1349 1326/1354/1320
f 1316/1344/1310 1329/1357/1323 1328/1356/1322
f 1321/1349/1315 1330/1358/1324 1329/1357/1323
f 1330/1358/1324 1356/1384/1350 1331/1359/1325
f 1326/1354/1320 1355/1383/1349 1332/1360/1326
f 1326/1354/1320 1333/1361/1327 1334/1362/1328
f 1193/1211/1187 1337/1365/1331 1336/1364/1330
f 1337/1365/1331 1325/1353/1319 1327/1355/1321
f 1213/1231/1207 1217/1235/1211 1338/1366/1332
f 1191/1209/1185 1336/1364/1330 1338/1366/1332
f 1213/1231/1207 1339/1367/1333 1340/1368/1334
f 1214/1232/1208 1340/1368/1334 1341/1369/1335
f 1338/1366/1332 1343/1371/1337 1342/1370/1336
f 1336/1364/1330 1327/1355/1321 1343/1371/1337
f 1339/1367/1333 1342/1370/1336 1344/1372/1338
f 1340/1368/1334 1344/1372/1338 1345/1373/1339
f 1327/1355/1321 1326/1354/1320 1335/1363/1329
f 1342/1370/1336 1348/1376/1342 1346/1374/1340
f 1344/1372/1338 1346/1374/1340 1347/1375/1341
f 1343/1371/1337 1335/1363/1329 1348/1376/1342
f 1348/1376/1342 1351/1379/1345 1349/1377/1343
f 1346/1374/1340 1349/1377/1343 1350/1378/1344
f 1335/1363/1329 1334/1362/1328 1351/1379/1345
f 1337/1365/1331 1193/1211/1187 693/711/687
f 1329/1357/1323 1331/1359/1325 1353/1381/1347
f 1325/1353/1319 1337/1365/1331 1352/1380/1346
f 1352/1380/1346 693/711/687 695/713/689
f 1354/1382/1348 1311/1339/1305 1322/1350/1316
f 1353/1381/1347 1352/1380/1346 1310/1338/1304
f 1353/1381/1347 1331/1359/1325 1355/1383/1349
f 1356/1384/1350 1332/1360/1326 1355/1383/1349
f 1310/1338/1304 1354/1382/1348 1314/1342/1308
f 1311/1339/1305 1312/1340/1306 1317/1345/1311
f 1312/1340/1306 1313/1341/1307 1357/1385/1351
f 851/869/845 858/876/852 1358/1386/1352
f 851/869/845 1359/1387/1353 1360/1388/1354
f 836/854/830 835/853/829 1360/1388/1354
f 686/704/680 836/854/830 1361/1389/1355
f 1362/1390/1356 1366/1394/1360 1363/1391/1357
f 1365/1393/1359 1368/1396/1362 1318/1346/1312
f 1366/1394/1360 1375/1403/1369 1367/1395/1361
f 1364/1392/1358 1363/1391/1357 1368/1396/1362
f 1368/1396/1362 1369/1397/1363 1323/1351/1317
f 1363/1391/1357 1367/1395/1361 1369/1397/1363
f 1370/1398/1364 1379/1407/1373 1371/1399/1365
f 1373/1401/1367 1374/1402/1368 1366/1394/1360
f 1374/1402/1368 1377/1405/1371 1375/1403/1369
f 1376/1404/1370 1396/1429/1390 1377/1405/1371
f 1370/1398/1364 1397/1430/1391 1378/1406/1372
f 1380/1408/1374 1397/1430/1391 1370/1398/1364
f 1382/1410/1376 1383/1411/1377 1275/1297/1269
f 1372/1400/1366 1371/1399/1365 1383/1411/1377
f 1294/1319/1288 1385/1413/1379 1384/1412/1378
f 1296/1322/1290 1384/1412/1378 1382/1410/1376
f 1295/1321/1289 1386/1415/1380 1385/1413/1379
f 1215/1414/1209 1341/1418/1335 1386/1415/1380
f 1385/1413/1379 1388/1417/1382 1387/1416/1381
f 1387/1416/1381 1372/1400/1366 1382/1410/1376
f 1386/1415/1380 1389/1419/1383 1388/1417/1382
f 1341/1418/1335 1345/1421/1339 1389/1419/1383
f 1381/1409/1375 1370/1398/1364 1372/1400/1366
f 1390/1420/1384 1391/1422/1385 1388/1417/1382
f 1345/1421/1339 1347/1425/1341 1390/1420/1384
f 1391/1422/1385 1381/1409/1375 1387/1416/1381
f 1392/1423/1386 1393/1426/1387 1391/1422/1385
f 1350/1424/1344 1392/1423/1386 1390/1420/1384
f 1393/1426/1387 1380/1408/1374 1381/1409/1375
f 1383/1411/1377 1394/1427/1388 844/862/838
f 1373/1401/1367 1395/1428/1389 1376/1404/1370
f 1371/1399/1365 1395/1428/1389 1394/1427/1388
f 1394/1427/1388 1358/1386/1352 858/876/852
f 1359/1387/1353 1362/1390/1356 1364/1392/1358
f 1395/1428/1389 1373/1401/1367 1358/1386/1352
f 1395/1428/1389 1371/1399/1365 1379/1407/1373
f 1379/1407/1373 1378/1406/1372 1396/1429/1390
f 1373/1401/1367 1362/1390/1356 1359/1387/1353
f 1360/1388/1354 1364/1392/1358 1365/1393/1359
f 1361/1389/1355 1365/1393/1359 1357/1385/1351
