<?xml version="1.0" encoding="utf-8"?>
<COLLADA xmlns="http://www.collada.org/2005/11/COLLADASchema" version="1.4.1" xmlns:xsi="http://www.w3.org/2001/XMLSchema-instance">
  <asset>
    <contributor>
      <author>Blender User</author>
      <authoring_tool>Blender 2.93.0 commit date:2021-06-02, commit time:11:21, hash:84da05a8b806</authoring_tool>
    </contributor>
    <created>2021-06-05T13:38:59</created>
    <modified>2021-06-05T13:38:59</modified>
    <unit name="meter" meter="1"/>
    <up_axis>Z_UP</up_axis>
  </asset>
  <library_cameras>
    <camera id="fbCamera_003-camera" name="fbCamData.008">
      <optics>
        <technique_common>
          <perspective>
            <xfov sid="xfov">15.06709</xfov>
            <aspect_ratio>1.777778</aspect_ratio>
            <znear sid="znear">0.1</znear>
            <zfar sid="zfar">1000</zfar>
          </perspective>
        </technique_common>
      </optics>
      <extra>
        <technique profile="blender">
          <shiftx sid="shiftx" type="float">0</shiftx>
          <shifty sid="shifty" type="float">0</shifty>
          <dof_distance sid="dof_distance" type="float">10</dof_distance>
        </technique>
      </extra>
    </camera>
    <camera id="fbCamera-camera" name="fbCamData.007">
      <optics>
        <technique_common>
          <perspective>
            <xfov sid="xfov">4.826045</xfov>
            <aspect_ratio>1.777778</aspect_ratio>
            <znear sid="znear">0.1</znear>
            <zfar sid="zfar">1000</zfar>
          </perspective>
        </technique_common>
      </optics>
      <extra>
        <technique profile="blender">
          <shiftx sid="shiftx" type="float">0</shiftx>
          <shifty sid="shifty" type="float">0</shifty>
          <dof_distance sid="dof_distance" type="float">10</dof_distance>
        </technique>
      </extra>
    </camera>
    <camera id="fbCamera_002-camera" name="fbCamData.005">
      <optics>
        <technique_common>
          <perspective>
            <xfov sid="xfov">10.73512</xfov>
            <aspect_ratio>1.777778</aspect_ratio>
            <znear sid="znear">0.1</znear>
            <zfar sid="zfar">1000</zfar>
          </perspective>
        </technique_common>
      </optics>
      <extra>
        <technique profile="blender">
          <shiftx sid="shiftx" type="float">0</shiftx>
          <shifty sid="shifty" type="float">0</shifty>
          <dof_distance sid="dof_distance" type="float">10</dof_distance>
        </technique>
      </extra>
    </camera>
    <camera id="fbCamera_001-camera" name="fbCamData.004">
      <optics>
        <technique_common>
          <perspective>
            <xfov sid="xfov">36.15044</xfov>
            <aspect_ratio>1.777778</aspect_ratio>
            <znear sid="znear">0.1</znear>
            <zfar sid="zfar">1000</zfar>
          </perspective>
        </technique_common>
      </optics>
      <extra>
        <technique profile="blender">
          <shiftx sid="shiftx" type="float">0</shiftx>
          <shifty sid="shifty" type="float">0</shifty>
          <dof_distance sid="dof_distance" type="float">10</dof_distance>
        </technique>
      </extra>
    </camera>
    <camera id="Camera-camera" name="Camera">
      <optics>
        <technique_common>
          <perspective>
            <xfov sid="xfov">39.59775</xfov>
            <aspect_ratio>1.777778</aspect_ratio>
            <znear sid="znear">0.1</znear>
            <zfar sid="zfar">100</zfar>
          </perspective>
        </technique_common>
      </optics>
      <extra>
        <technique profile="blender">
          <shiftx sid="shiftx" type="float">0</shiftx>
          <shifty sid="shifty" type="float">0</shifty>
          <dof_distance sid="dof_distance" type="float">10</dof_distance>
        </technique>
      </extra>
    </camera>
  </library_cameras>
  <library_lights>
    <light id="Light-light" name="Light">
      <technique_common>
        <point>
          <color sid="color">1015.7 1015.7 1015.7</color>
          <constant_attenuation>1</constant_attenuation>
          <linear_attenuation>0</linear_attenuation>
          <quadratic_attenuation>0.00111109</quadratic_attenuation>
        </point>
      </technique_common>
      <extra>
        <technique profile="blender">
          <type sid="type" type="int">0</type>
          <flag sid="flag" type="int">0</flag>
          <mode sid="mode" type="int">1</mode>
          <gamma sid="blender_gamma" type="float">1</gamma>
          <red sid="red" type="float">1</red>
          <green sid="green" type="float">1</green>
          <blue sid="blue" type="float">1</blue>
          <shadow_r sid="blender_shadow_r" type="float">0</shadow_r>
          <shadow_g sid="blender_shadow_g" type="float">0</shadow_g>
          <shadow_b sid="blender_shadow_b" type="float">0</shadow_b>
          <energy sid="blender_energy" type="float">1015.7</energy>
          <dist sid="blender_dist" type="float">29.99998</dist>
          <spotsize sid="spotsize" type="float">75</spotsize>
          <spotblend sid="spotblend" type="float">0.15</spotblend>
          <att1 sid="att1" type="float">0</att1>
          <att2 sid="att2" type="float">1</att2>
          <falloff_type sid="falloff_type" type="int">2</falloff_type>
          <clipsta sid="clipsta" type="float">0.04999995</clipsta>
          <clipend sid="clipend" type="float">30.002</clipend>
          <bias sid="bias" type="float">1</bias>
          <soft sid="soft" type="float">3</soft>
          <bufsize sid="bufsize" type="int">2880</bufsize>
          <samp sid="samp" type="int">3</samp>
          <buffers sid="buffers" type="int">1</buffers>
          <area_shape sid="area_shape" type="int">1</area_shape>
          <area_size sid="area_size" type="float">0.63</area_size>
          <area_sizey sid="area_sizey" type="float">0.1</area_sizey>
          <area_sizez sid="area_sizez" type="float">1</area_sizez>
        </technique>
      </extra>
    </light>
  </library_lights>
  <library_effects>
    <effect id="kt_facebuilder_material-effect">
      <profile_COMMON>
        <newparam sid="kt_facebuilder_texture-surface">
          <surface type="2D">
            <init_from>kt_facebuilder_texture</init_from>
          </surface>
        </newparam>
        <newparam sid="kt_facebuilder_texture-sampler">
          <sampler2D>
            <source>kt_facebuilder_texture-surface</source>
          </sampler2D>
        </newparam>
        <technique sid="common">
          <lambert>
            <emission>
              <color sid="emission">0 0 0 1</color>
            </emission>
            <diffuse>
              <texture texture="kt_facebuilder_texture-sampler" texcoord="UVMap"/>
            </diffuse>
            <index_of_refraction>
              <float sid="ior">1.45</float>
            </index_of_refraction>
          </lambert>
        </technique>
      </profile_COMMON>
    </effect>
  </library_effects>
  <library_images>
    <image id="kt_facebuilder_texture" name="kt_facebuilder_texture">
      <init_from>kt_facebuilder_texture.png</init_from>
    </image>
  </library_images>
  <library_materials>
    <material id="kt_facebuilder_material-material" name="kt_facebuilder_material">
      <instance_effect url="#kt_facebuilder_material-effect"/>
    </material>
  </library_materials>
  <library_geometries>
    <geometry id="FaceBuilderHead_mesh-mesh" name="FaceBuilderHead_mesh">
      <mesh>
        <source id="FaceBuilderHead_mesh-mesh-positions">
          <float_array id="FaceBuilderHead_mesh-mesh-positions-array" count="4317">1.659908 -8.710418 4.052495 -2.777168 -8.167499 0.5139708 2.776303 -8.141879 0.5198986 -1.722437 -8.816345 4.039018 0.7977764 -8.441176 2.209212 -0.828143 -8.45085 2.174789 -4.548802 -6.618311 0.2666718 -5.191772 -3.012672 0.2175341 -4.343332 -6.707515 2.925745 -3.763571 -7.810276 4.333221 -2.085755 -8.840711 4.945992 -1.14501 -9.042674 5.046001 -2.953051 -8.405418 4.769842 -3.955235 -7.228817 4.816416 -3.476953 -7.390733 2.490909 -4.355606 -6.735236 1.460757 -3.27297 -7.889036 5.435178 -4.259826 -6.463964 5.260219 -2.709894 -7.764039 6.809243 -1.481434 -8.256155 7.159767 -3.645387 -7.136671 6.155786 -4.257871 -7.141139 3.702534 -4.763801 -6.172669 1.045389 -4.958012 -5.447262 0.6729643 -5.037835 -4.653357 0.4236243 -5.130674 -3.801503 0.3484419 -2.365342 -8.455056 5.774168 -1.29962 -8.789865 5.930672 -3.876617 -7.571408 0.2717727 -3.567465 -7.335189 2.219155 -1.849301 -7.993272 3.036518 -3.58679 -7.341181 2.641308 5.346328 -3.013633 0.2885172 -3.029746 -7.795559 1.938918 -1.408936 -7.88113 2.904934 -3.47065 -7.622419 2.882433 -2.440843 -8.140499 3.258921 -3.150173 -7.79592 1.36228 -2.494786 -8.377857 3.718374 -1.720878 -8.466655 3.607182 -1.011037 -8.693189 3.471247 -2.062859 -8.121079 1.157988 -2.636443 -8.005521 1.143312 -1.184227 -8.308604 1.649834 -3.994551 -7.566048 3.408282 -0.9407123 -9.039522 4.213616 -2.639186 -8.552481 4.1331 -3.797251 -7.414079 1.32668 -1.582072 -8.000543 1.671627 -2.040693 -7.98899 1.531451 -2.576488 -7.925823 1.534322 -3.124107 -8.048041 3.283104 -3.525525 -7.369001 2.364098 -4.253279 -7.128564 0.7711436 -4.53527 -6.110287 2.963797 4.399267 -6.7538 1.542549 4.299252 -7.16377 0.8186175 2.373744 -8.051323 3.201638 3.018839 -7.893962 3.088793 2.44339 -7.980746 2.172411 1.916665 -7.938228 2.213496 1.177723 -7.779571 2.448748 1.425768 -7.79214 2.866692 3.793067 -7.205436 2.822062 2.993408 -7.861724 3.021451 3.429082 -7.365336 2.694221 2.363803 -8.011013 3.148211 1.81285 -7.92432 3.085379 1.469426 -7.75246 2.803081 1.547628 -7.83231 2.342416 1.902405 -7.927043 2.302622 1.214302 -7.739103 2.463174 1.200361 -7.974942 1.962335 1.557569 -7.902962 2.029055 0.7923971 -8.339815 2.822712 1.723233 -8.120717 3.382963 2.405639 -8.154309 3.484118 3.523123 -7.606161 3.074853 0.9316114 -8.016696 2.338942 1.296188 -7.67437 2.592466 3.575884 -7.299207 2.711378 3.015274 -7.779044 1.997012 1.38286 -7.845814 2.959698 -4.566082 -5.779333 4.160887 -4.366925 -6.517617 3.937139 3.909547 -7.610548 0.2825677 3.567631 -7.31737 2.293998 3.473985 -7.363631 2.563088 3.524551 -7.347951 2.440366 3.075772 -7.987481 3.341671 2.557872 -7.900565 1.589767 2.017672 -7.961088 1.587896 1.551759 -7.96896 1.722256 3.814733 -7.41729 1.384083 2.612704 -8.45326 4.173371 0.8670375 -8.979523 4.223652 4.011017 -7.525977 3.489856 1.149482 -8.276321 1.690588 2.62615 -7.981031 1.18702 2.04367 -8.07808 1.198897 0.9510322 -8.651915 3.494977 1.654189 -8.38034 3.628954 2.44484 -8.294254 3.763366 3.143369 -7.781962 1.414733 2.383199 -8.074971 3.295953 3.434431 -7.570452 2.950825 -4.760625 -5.326579 2.945016 -2.429537 -8.11625 3.162742 -2.46649 -8.000396 2.115159 -1.940292 -7.965752 2.16452 3.421174 -7.360603 2.653394 3.986358 -6.879085 2.432739 5.430821 -3.545918 1.555932 5.302326 -4.448665 1.708324 3.485396 -7.321197 2.63125 -3.380644 -8.000675 -0.1758166 -2.041561 -8.357802 0.6965243 -1.529231 -8.48507 0.9513601 -1.574151 -8.216128 1.335613 -1.399066 -7.773121 2.327205 5.085171 -5.289532 1.857691 -1.384147 -7.826215 2.264664 -3.332429 -7.564589 2.442956 -2.978275 -7.845765 2.272232 -2.433022 -7.992463 2.214572 3.655014 -7.126677 6.202894 1.456973 -8.260229 7.177666 2.695837 -7.768097 6.842697 4.323274 -6.445624 5.333195 3.293366 -7.833238 5.481374 1.259618 -8.762458 5.951233 2.347572 -8.410634 5.808553 -3.42798 -7.416065 2.536281 4.778055 -5.982314 2.063543 4.363654 -6.515096 2.296362 5.451117 -2.703056 1.183676 3.319049 -7.502562 2.80022 -2.388751 -8.438021 -0.09323036 -1.833366 -8.526592 0.2075393 3.356524 -7.541238 2.842117 3.757414 -7.085003 2.504284 -1.98889 -8.440928 -0.5509271 4.484402 -6.492713 4.046561 4.704002 -5.768924 4.264265 4.913239 -5.325046 3.053472 4.648158 -6.100046 3.081448 5.291187 -3.838702 0.4184651 5.186486 -4.711946 0.4892309 5.076817 -5.502465 0.7388337 4.842901 -6.209307 1.117931 4.665142 -5.473145 5.791464 4.98222 -4.852093 4.441426 5.163244 -4.37075 2.999927 4.322357 -7.103269 3.797637 3.996005 -6.107174 6.877208 3.013977 -6.675403 7.773078 1.678321 -7.19164 8.445096 3.633294 -7.193191 2.54517 3.561463 -7.259202 2.585161 4.023179 -7.180006 4.896453 -3.069156 -7.95285 3.043244 2.962482 -8.322291 4.802601 2.049706 -8.753995 4.973065 -3.426046 -8.144284 3.873006 -3.91509 -7.082565 1.811131 -3.413293 -7.525655 1.933296 -0.9967271 -7.994511 2.723828 -0.966661 -8.018464 2.296494 -3.553554 -7.656897 2.999228 -2.463155 -8.222857 3.444259 -1.782225 -8.179993 3.349241 -0.8199255 -8.336096 2.784035 -1.583539 -7.926624 1.982783 4.408095 -6.682698 3.038437 -1.235315 -7.998686 1.922055 -1.926103 -7.948588 2.258285 -1.566577 -7.838897 2.304563 -1.278356 -7.667003 2.52357 -1.472633 -7.787014 2.74101 -2.416956 -8.072593 3.107515 -3.440885 -7.407288 2.626414 -3.040664 -7.917232 2.975049 -3.80595 -7.251739 2.738082 -1.437101 -7.831349 2.807937 -1.193586 -7.758124 2.39244 -1.219998 -7.715544 2.404366 -3.052089 -7.76921 1.677799 -3.424728 -7.80485 0.885088 -3.706518 -7.660439 3.1638 3.803292 -7.75118 4.406243 -1.856328 -7.942541 2.967357 -3.497994 -7.378917 2.624403 -3.012991 -7.844895 2.186221 -3.370628 -7.567696 2.340195 -1.241987 -7.73541 2.563016 -1.570851 -7.885055 2.204021 -3.668055 -7.307554 2.683332 -3.669247 -7.259241 2.04469 -1.83236 -8.027569 3.146822 -1.14563 -7.81407 2.624075 -1.999591 -7.964351 1.871404 -3.383941 -7.554598 2.129372 -1.11159 -7.850511 2.349283 -1.324995 -7.887568 2.132881 -2.543053 -7.942056 1.842712 -3.096258 -7.978343 3.129263 -1.308425 -8.080205 3.100111 -0.5909427 -8.929711 3.557216 -3.515332 -7.495104 1.693229 -3.221863 -8.123631 3.540846 -1.173218 -8.395531 3.290496 -4.052737 -7.101417 2.827438 1.081252 -8.987411 5.059876 0.9680331 -7.996407 2.779755 4.618988 -6.676878 0.2978448 3.931375 -7.076126 1.888978 -3.035418 -6.658223 7.739533 -4.001711 -6.088164 6.832167 -5.016089 -4.387849 2.916482 -4.875898 -4.852404 4.359969 -4.638931 -5.458425 5.732209 -3.754671 -7.108066 2.416321 -3.392202 -7.592796 2.778853 -1.709931 -7.181228 8.426528 -3.349414 -7.550802 2.736973 2.030168 -8.306612 0.7140173 1.515632 -8.439857 0.9839355 1.546816 -8.17144 1.3797 1.382294 -7.781658 2.365799 1.360369 -7.829197 2.303187 3.422052 -7.38453 2.60579 3.324204 -7.541173 2.514303 3.389173 -8.014739 -0.2026737 -3.634792 -7.218885 2.46196 -3.564852 -7.287209 2.508795 -5.317363 -2.769957 1.138173 -0.01744037 -7.472479 8.696467 -0.01397758 -8.474011 7.291418 -0.02504593 -8.881864 5.986549 -0.039514 -9.06524 5.080239 -0.03502893 -9.024088 3.585168 -0.04291939 -9.090438 4.23115 2.371607 -8.416122 -0.117438 3.410053 -7.511722 1.994393 -3.490305 -7.354825 2.56103 -5.160899 -4.443737 1.629052 -5.285545 -3.574132 1.495512 -3.969283 -6.896733 2.339301 -3.429867 -7.396965 2.584713 1.966309 -8.465976 -0.5922998 -4.964365 -5.273681 1.765629 -4.692618 -5.973611 1.962472 -4.311541 -6.520929 2.192111 2.961963 -7.831896 2.338105 2.409651 -7.975742 2.269323 1.817605 -8.495767 0.1976709 3.189367 -8.062593 3.612389 4.06729 -7.06317 2.924724 3.436975 -7.811795 0.9229582 3.692621 -7.616055 3.243909 3.037209 -7.748771 1.733453 3.514971 -7.482855 1.752512 3.672614 -7.243892 2.118279 0.5263142 -8.906947 3.56949 1.259933 -8.054969 3.148512 3.045001 -7.918185 3.178447 2.520878 -7.915909 1.900128 1.295726 -7.878696 2.172571 3.653865 -7.262553 2.756613 1.548582 -7.870487 2.244696 3.423492 -8.083653 3.949271 1.081587 -7.860451 2.398349 1.132061 -7.81455 2.689018 1.786963 -7.964692 3.189617 1.821338 -7.879949 3.021817 3.487879 -7.33715 2.693144 2.997902 -7.830832 2.250972 3.364979 -7.54688 2.411775 1.248572 -7.737737 2.633076 3.380543 -7.539041 2.195037 1.97542 -7.933608 1.926829 1.116207 -8.362035 3.326966 1.526205 -8.567016 -0.230266 -1.536948 -8.557423 -0.2078375 -0.6656741 -8.676568 2.909169 1.150726 -8.638123 1.301562 1.377436 -8.659137 0.5494861 0.6364816 -8.677721 2.932456 -1.383861 -8.689323 0.5404273 -1.172815 -8.669598 1.263451 -2.906097 -8.261267 -0.6463057 4.768373 -5.992856 -0.2968023 4.230678 -7.174525 -0.3712736 2.887065 -8.280173 -0.7012001 -4.651201 -5.904126 -0.3097219 -4.179125 -7.105034 -0.3533192 -5.242268 -3.224559 2.908902 5.356833 -3.157399 2.956239 -0.0210945 -9.048619 3.037859 0.3592141 -8.941914 3.005336 -0.3968088 -8.943688 2.996087 -4.610702 -5.011932 -0.9835724 4.794566 -5.140531 -0.9819174 -4.992555 -3.079315 -0.5950883 -1.630005 -8.517617 -0.8786394 2.419784 -8.387506 -1.096801 5.045806 -4.021494 -0.6108742 1.613129 -8.581827 -0.9278762 5.194108 -3.148747 -0.511284 -4.845042 -3.918107 -0.664918 -2.453687 -8.329699 -1.020989 -3.738656 -7.597072 -0.8890309 3.754271 -7.662764 -0.9551869 -3.303567 -7.532247 2.489714 -3.318946 -7.511564 2.698531 -1.570875 -7.788645 2.352963 -2.99029 -7.827802 2.917752 -2.395817 -8.003398 3.037547 -3.398549 -7.417063 2.595921 -1.40471 -7.703178 2.36056 -1.873368 -7.902993 2.900676 -1.916391 -7.913529 2.316213 1.555697 -7.78398 2.389096 3.293326 -7.507185 2.561331 1.349887 -7.629925 2.57108 -1.506419 -7.724136 2.687255 -2.947798 -7.80935 2.319572 -1.329676 -7.622862 2.508143 2.931046 -7.796277 2.384484 1.501566 -7.702518 2.751376 2.387978 -7.937282 2.323786 -2.412397 -7.951612 2.273401 1.891794 -7.896695 2.356757 1.834083 -7.855372 2.960402 3.296313 -7.470571 2.763645 1.398115 -7.711744 2.397676 3.387681 -7.379664 2.664229 2.348618 -7.954119 3.081908 2.954857 -7.783432 2.971915 -3.39354 -7.425465 2.562482 -1.247686 -7.676913 2.409078 -3.403976 -7.423019 2.631399 1.252544 -7.699804 2.467827 3.390535 -7.38151 2.699116 3.384401 -7.391791 2.631717 -5.223199 -2.394913 0.1082906 5.355869 -2.353844 0.1831506 5.407648 -2.065696 0.8852295 -5.295883 -2.169042 0.8429618 1.793445 -5.718174 9.25747 -5.21503 -3.801145 4.611012 4.283688 -4.886795 7.427796 -0.01977729 -5.960088 9.610672 -4.293579 -4.864678 7.38019 -1.828284 -5.708127 9.237909 4.98976 -4.379934 6.225748 -4.982238 -4.355523 6.169502 5.266927 -3.801114 4.674366 -5.362573 -2.353286 2.054102 3.22966 -5.28462 8.484923 5.480784 -2.22722 2.063755 -3.253525 -5.268072 8.449387 -0.6169447 -8.852923 2.390374 -0.8968083 -8.924483 1.588985 0.8633616 -8.905707 1.622519 -1.102509 -8.95148 0.8675363 0.5875493 -8.85 2.415019 1.273157 -8.80674 0.2494776 -1.276275 -8.819078 0.2536591 1.094281 -8.926353 0.8911746 1.301087 -8.659985 -0.5657044 -1.301522 -8.620978 -0.5453099 3.229717 -7.993878 -1.392582 -4.267324 -6.457971 -1.20111 -3.255987 -7.918668 -1.296964 2.057082 -8.506983 -1.37697 -2.089716 -8.40048 -1.286696 4.360438 -6.57386 -1.259688 5.260881 -2.481693 -0.4443129 -5.083096 -2.461323 -0.5431944 5.468932 -1.570502 1.58444 -5.364981 -1.733976 1.588614 -0.3787857 -10.0587 -0.2488144 -0.6023937 -10.14842 -0.1271758 -0.378445 -9.442191 -0.540174 -0.8859626 -9.189826 -0.417358 0.9008198 -9.792507 0.6571511 0.9155121 -9.201415 -0.4004352 0.4049077 -10.05828 -0.2392064 0.6206629 -10.14986 -0.1161102 0.4169771 -9.446542 -0.5292788 -0.9093427 -9.79364 0.6440202 -0.7415713 -10.36183 0.5537677 -0.8856744 -10.10139 0.4685816 0.001246452 -10.87489 0.2491707 -0.4264453 -10.489 0.914461 0.3363502 -9.170722 2.500749 -0.3190232 -10.63204 -0.0731489 -0.5519117 -10.40951 -0.0724439 0.4955457 -9.353048 -0.7049701 1.292925 -8.906161 0.1569742 -0.6590536 -9.238108 1.843139 1.358849 -8.810641 -0.1367717 -0.3890162 -9.504251 2.03189 -0.2953327 -9.762865 -0.3887817 -0.3783386 -10.76163 0.2248912 -0.2382474 -10.17787 -0.3886637 -0.6725297 -9.589905 1.398216 -1.270606 -8.873578 -0.4042788 0.676049 -9.225522 -0.4252442 0.3835012 -9.598833 -0.2271993 0.7436916 -9.454281 -0.1096952 -0.8813331 -9.268543 1.157785 -0.01830422 -9.27981 2.555586 -0.02540206 -9.612521 2.110487 -1.035864 -9.844964 0.01062595 -0.4142628 -10.7001 0.6038907 -0.7314265 -10.1611 0.7961636 -0.6771281 -10.4867 0.2043546 -0.6956105 -9.707147 -0.08883118 -0.2078346 -9.895885 -0.4970198 -1.176229 -9.304119 0.3033018 -0.8829174 -9.561216 0.8606476 -0.7085096 -9.910493 1.053146 -1.188912 -9.4446 -0.1478679 0.2751691 -10.43273 -0.254575 0.7347682 -9.159531 -0.6450856 -0.02592468 -9.968679 1.65814 0.007089436 -10.53564 -0.2522813 -1.072354 -9.144456 0.5715397 -1.27127 -9.066167 -0.2994115 -1.131037 -9.246508 0.4138129 0.01465207 -9.757102 -0.620021 -0.009738147 -10.62165 0.943441 -0.003092586 -10.81876 0.6412557 -0.9649251 -9.019532 -0.5816269 -0.2192609 -9.647826 -0.6113657 -0.01867276 -10.32633 1.265137 0.0142129 -9.575314 -0.7720372 -1.0529 -9.771726 0.2892013 0.01051181 -10.2747 -0.4000622 -0.398855 -9.862632 1.581902 -0.4098926 -10.21674 1.207357 0.4417381 -9.397607 -0.3231967 0.00421983 -10.7501 -0.04748421 0.01336371 -10.00038 -0.5126697 1.055378 -9.775905 0.3006642 1.344638 -8.987547 -0.067496 0.729698 -9.709659 -0.07590854 0.2673291 -9.520771 -0.760782 0.7167013 -10.16602 0.8083817 0.4085294 -10.70633 0.6133658 0.3318175 -9.764764 -0.3777986 -0.6358343 -9.220927 -0.4431058 -0.3718505 -9.173513 2.487961 -0.2601336 -10.43249 -0.2634456 -0.7086031 -9.147777 -0.6607005 -1.354714 -8.798319 -0.1237521 0.348543 -9.859728 1.590626 0.3742328 -10.21896 1.213616 0.8553023 -9.252475 1.182149 -0.393747 -9.394111 -0.3363776 -0.4645624 -9.345097 -0.712102 -0.2359214 -9.51236 -0.7614079 -1.33592 -8.977597 -0.06081354 -0.9505661 -9.52603 -0.2436026 -0.8455283 -9.861714 -0.1464154 -1.221048 -9.36808 0.1317576 -0.8556731 -10.21041 0.1586911 0.6296783 -9.581228 1.415943 0.6782515 -9.908925 1.0658 0.2375599 -9.895829 -0.4878622 1.178464 -9.298945 0.308801 0.6819005 -10.49364 0.2194362 1.046804 -9.854256 0.02236503 0.9764414 -9.535381 -0.2304486 0.8659766 -9.867694 -0.1339355 0.3390225 -9.498782 2.044503 0.615737 -9.227458 1.867296 1.228656 -9.372304 0.1362023 0.8619328 -10.21754 0.1730617 0.562299 -10.41195 -0.05919414 0.3278133 -10.6346 -0.06234312 0.3811323 -10.76669 0.2362961 0.883691 -10.10845 0.4821998 0.7375445 -10.37098 0.5677833 0.4079972 -10.49431 0.9218145 -1.292234 -8.9113 0.1628414 -0.7022014 -9.451496 -0.1249 1.285993 -9.086335 -0.2997238 1.204652 -9.457873 -0.1414403 0.2529658 -9.651101 -0.6038244 1.131191 -9.235114 0.4207983 -0.3376753 -9.595843 -0.239921 0.2606854 -10.17658 -0.3805988 0.86623 -9.551831 0.8762495 1.070931 -9.127375 0.5829111 1.281432 -8.900273 -0.409848 0.98237 -9.041055 -0.5685557 0.4475942 -10.29908 -0.2107391 -0.4309102 -10.29914 -0.2213147 -1.039876 -9.646636 0.4254193 -0.6864812 -9.275705 -0.2385175 -0.5694522 -9.848341 -0.05383133 0.4235742 -9.750294 -0.07200556 0.6030049 -9.848994 -0.04304635 0.7307721 -9.279013 -0.2212302 -0.3832897 -9.75049 -0.08346384 -0.5413068 -9.277083 -0.2911301 1.306123 -8.99342 0.1254044 -1.302274 -8.995194 0.1298601 0.5890218 -9.279796 -0.2753555 1.03857 -9.644922 0.4369624 -0.7797166 -9.082438 -0.8971794 1.047702 -8.868631 -0.810764 0.01285392 -9.480973 -0.943646 0.7893347 -9.109273 -0.8943973 -0.5137343 -9.31541 -0.9200858 -1.045278 -8.827507 -0.8055948 0.2745045 -9.458143 -0.9386978 -0.247503 -9.443831 -0.9312171 0.5326845 -9.331357 -0.9236373 2.420667 -7.823324 -4.470768 -1.301888 -8.780079 -1.160646 -4.022538 -2.285248 -3.42896 1.292352 -8.851755 -1.207058 4.316737 -2.37725 -3.396905 0.4045616 -9.397462 -1.416081 -2.398723 -7.744197 -4.42081 -0.3915981 -9.374546 -1.399884 -1.686406 -8.087782 -2.415315 -1.753377 -8.136446 -2.332826 -1.455108 -8.51067 -2.268942 -1.139206 -8.900522 -2.662529 -1.307025 -8.942843 -1.840482 -1.07005 -8.847291 -2.495759 -1.746006 -8.093514 -2.457283 -1.439633 -8.513786 -2.565864 -1.666381 -8.615838 -1.9887 -1.148061 -8.813468 -2.215994 -1.714241 -8.603448 -1.765088 -1.370954 -8.48607 -2.4563 -1.631349 -8.070154 -2.384973 -2.032579 -8.285891 -2.050522 -1.306694 -8.89469 -1.546646 -1.615735 -8.062538 -2.398293 -0.3856613 -9.385185 -1.937241 -0.4021479 -9.433365 -1.661169 -1.336388 -8.421893 -2.344148 -1.238254 -8.89901 -2.077025 -1.566537 -8.571619 -2.167856 -1.828838 -8.194138 -2.276961 -1.923095 -8.26415 -2.181107 -1.99981 -7.957251 -2.358081 -0.3659445 -9.264667 -2.142908 -1.294218 -8.423484 -2.388237 -1.821461 -8.075614 -2.521708 -1.528031 -8.504301 -2.727437 -1.208719 -8.892998 -2.882042 -0.3334392 -9.093585 -2.417451 -0.9807021 -8.751306 -2.378666 -0.3539686 -9.275954 -2.591811 -0.3849142 -9.37076 -2.808456 -0.3455581 -9.063842 -2.326345 -0.4067142 -9.385712 -3.07344 -1.7529 -7.928117 -2.3858 1.801281 -8.072872 -2.502322 -0.6745847 -8.974306 -2.383777 -0.8741404 -9.179669 -1.447338 -1.113183 -8.821044 -3.940327 -0.8669039 -9.098045 -1.165385 -0.8832951 -9.063881 -3.304191 -0.9595197 -8.920886 -3.606862 -1.344371 -8.753258 -4.313806 -1.613962 -8.63248 -4.790872 -0.8864938 -9.239407 -1.727585 -4.834413 -2.991256 -1.276486 -4.560625 -2.406662 -2.292242 -4.67152 -3.796358 -1.573692 -4.328155 -3.102593 -2.922322 -3.46803 -3.768198 -4.46574 -4.005767 -4.183042 -3.680717 -4.288352 -4.465379 -2.925235 -2.927474 -5.03909 -5.23564 -4.453939 -4.732872 -2.058837 -3.565386 -5.301116 -4.426438 -3.922271 -5.476065 -3.605252 -4.12116 -5.65966 -2.836984 -4.2291 -5.943696 -2.046046 -1.397493 -8.070508 -5.879592 -1.626503 -8.445727 -5.432318 -4.426091 -1.817653 -2.526492 -4.529864 -3.552309 -2.300699 0.1805752 -6.296698 -6.553103 0.097247 -7.05998 -6.37079 0.01584702 -7.955758 -6.205113 -0.01348632 -8.611397 -6.024477 -0.02913022 -9.079147 -5.697723 0.01718264 -9.387863 -1.335583 0.0127052 -9.421412 -1.135905 -0.04149037 -9.312121 -5.140106 -0.02995759 -9.17596 -4.196111 -0.04168719 -9.304718 -4.626148 -1.913263 -7.961217 -2.373438 -0.02098953 -9.081822 -3.806857 0.003491163 -9.317375 -2.642525 0.01643979 -9.093253 -2.435922 -0.009489774 -9.432991 -3.112262 0.01711189 -9.404423 -1.5172 0.01084816 -9.478542 -1.706936 0.01073086 -9.442199 -1.940672 0.01885128 -9.099564 -2.336802 -0.003724694 -9.414298 -2.864664 -0.01570147 -9.208455 -3.460745 -4.699826 -2.780819 -1.848545 0.01294445 -9.314497 -2.151355 -0.7493031 -9.192596 -4.544351 -0.7854854 -6.20959 -6.458523 -0.8439482 -9.183088 -1.994456 -2.288856 -7.888076 -2.787519 -2.581084 -7.923934 -2.284668 -2.710106 -7.71444 -2.903384 -2.92378 -7.784019 -2.227615 -2.774387 -8.085498 -1.570756 -0.4984976 -9.046275 -3.742519 -1.579552 -8.513922 -3.679359 -0.7380761 -9.125347 -2.53915 -1.924943 -7.295162 -5.769228 -3.260144 -7.344814 -2.816899 -1.908673 -8.252627 -3.963841 -0.5972683 -9.07589 -4.127921 -2.288953 -7.961232 -2.311792 -1.954344 -8.164546 -3.258244 -1.392472 -8.670305 -3.37711 -0.7045233 -8.930855 -2.307681 -0.520234 -9.322178 -1.145453 -0.2377038 -9.40668 -1.117987 -2.323267 -7.892031 -3.460735 -3.392466 -7.492318 -2.087477 -2.920046 -7.374505 -3.609494 -2.422489 -8.199538 -1.755402 -0.8895234 -9.189253 -5.070218 -0.7950678 -9.075456 -2.1668 -1.827333 -8.532983 -1.50591 -1.726335 -6.079985 -6.123574 -0.646287 -7.859975 -6.162149 -1.376616 -7.062025 -6.115662 -0.8380042 -9.196859 -3.007751 -2.475767 -6.244536 -5.616657 -3.855804 -7.018353 -1.792777 -3.780282 -6.722049 -2.59893 -3.070685 -6.429562 -4.867019 -3.585732 -6.600616 -3.41878 -3.367575 -6.523068 -4.12794 -0.6719091 -7.072864 -6.303309 -2.285038 -7.606581 -5.172843 -0.7911533 -9.19684 -2.733927 -0.8888138 -8.94161 -5.639863 -2.063772 -7.972763 -2.675403 -2.19756 -8.264488 -1.909717 -1.739557 -8.324131 -3.048074 -1.613374 -8.434351 -2.87489 -1.28224 -8.798185 -3.117957 -0.4398768 -9.185047 -3.412211 -2.111596 -7.953054 -2.335082 -1.911662 -8.038586 -2.582005 -0.7634159 -8.466758 -6.007675 -1.843761 -7.954225 -2.379356 -1.020004 -8.719776 -2.316308 1.135587 -8.870209 -2.29132 1.071975 -8.83633 -3.989295 0.8639626 -9.141395 -1.187203 0.859485 -9.090584 -3.364963 0.9255056 -8.941253 -3.663496 1.303215 -8.769689 -4.351881 1.578128 -8.652418 -4.812057 0.8720059 -9.28125 -1.779138 5.073617 -3.109983 -1.188905 4.811573 -2.538252 -2.199703 1.651417 -8.207736 -2.535233 1.075253 -8.906126 -2.588606 1.702553 -8.225555 -2.576646 1.421905 -8.611245 -2.673224 1.136043 -8.957531 -2.757743 1.279439 -9.028784 -1.918469 0.8652046 -9.226862 -1.488552 1.620717 -8.740494 -2.089909 1.399417 -8.077876 -5.86621 0.7435801 -9.154494 -2.602036 1.373418 -8.723626 -3.459039 1.864049 -8.192739 -2.688673 2.243206 -8.106735 -2.440513 4.628538 -1.888141 -2.43778 0.5440011 -9.062829 -4.149507 1.774533 -8.313858 -2.396243 1.862792 -8.394654 -2.302356 1.950285 -8.092148 -2.48416 1.890614 -8.315345 -4.027747 1.506373 -8.607167 -2.830416 1.198198 -8.948711 -2.974694 0.3846604 -9.393407 -3.099616 1.685974 -8.732617 -1.864595 3.262491 -7.516265 -2.943043 2.006572 -7.325273 -5.767981 1.598276 -8.456159 -5.429409 1.595162 -8.540745 -2.973586 1.773894 -8.221583 -2.632903 1.980876 -8.429673 -2.173717 0.6807626 -9.180298 -4.5555 0.6917064 -8.999368 -2.435763 2.940904 -7.516335 -3.706419 3.378257 -7.641146 -2.220205 2.313877 -8.007354 -3.555145 2.884656 -7.94674 -2.36549 2.685658 -7.872973 -3.017477 2.542078 -8.082899 -2.417346 1.268139 -8.855986 -3.205887 0.4086186 -9.188779 -3.439035 2.253469 -8.035703 -2.898257 2.387163 -8.344868 -1.879243 0.8143938 -9.188906 -5.080298 0.8014308 -9.102481 -2.21573 1.803513 -8.656433 -1.599218 2.73326 -8.199367 -1.687261 0.4092994 -9.449553 -1.680868 1.42607 -8.599151 -2.366404 1.02754 -8.763854 -2.392132 1.292317 -8.981553 -1.616213 1.596481 -8.16867 -2.510085 1.330997 -8.496829 -2.441959 0.3881438 -9.272566 -2.162848 1.296595 -8.503433 -2.489388 0.3603539 -9.100112 -2.441712 0.9936558 -8.801276 -2.462009 0.3605953 -9.283946 -2.620404 1.729932 -8.035632 -2.499028 4.912975 -3.948288 -1.53611 4.62223 -3.265621 -2.89407 0.3784294 -9.07005 -2.346533 1.553557 -8.564286 -3.753482 1.612579 -8.171641 -2.493978 0.4559117 -9.040287 -3.76892 1.710206 -8.249857 -2.450536 0.7231222 -8.952 -2.354109 1.934977 -8.264888 -3.353763 1.211007 -8.969455 -2.151221 0.8268268 -8.954212 -5.643231 0.7872086 -9.224691 -2.797157 0.7363302 -8.475653 -6.003417 2.327169 -7.65164 -5.185228 3.483038 -6.681628 -4.211682 1.520642 -8.677506 -2.265391 3.211925 -6.55407 -4.915052 3.838881 -6.901711 -2.722564 3.898405 -7.156053 -1.903502 2.671359 -6.327962 -5.634772 0.8247976 -9.222608 -3.069179 1.514053 -7.086301 -6.104906 0.6848038 -7.867871 -6.155705 2.021701 -8.125183 -2.782105 2.003196 -6.137588 -6.119071 0.8415979 -7.087611 -6.291532 1.116954 -6.241012 -6.441138 4.362436 -6.110818 -2.129909 4.288615 -5.857115 -2.926733 1.36196 -8.577636 -2.563854 4.124027 -5.672801 -3.684375 3.796113 -5.467191 -4.471831 4.677898 -4.908854 -2.088145 3.239002 -5.167119 -5.260214 4.549413 -4.658946 -2.965201 4.299827 -4.363613 -3.714774 3.83084 -3.916292 -4.486266 1.864971 -8.088369 -2.49882 0.8385584 -9.215226 -2.04423 2.157071 -8.416127 -2.033215 3.671081 -6.779142 -3.527771 2.063255 -8.092203 -2.462064 0.2638759 -9.425897 -1.129868 0.3742938 -9.378641 -2.836661 4.802558 -3.72642 -2.270323 0.5291526 -9.346658 -1.159594 1.722476 -8.427333 -3.143034 4.958478 -2.924417 -1.756953 0.3981266 -9.394627 -1.956835 2.5726 -4.827323 -6.088266 -2.111538 -4.725536 -6.070675 1.194273 -7.709089 -6.05492 -1.142839 -7.697698 -6.067012 0.2309297 -9.40768 -1.294575 -0.1990728 -9.387532 -1.28599 -0.6535773 -8.916827 -2.357686 0.02153283 -9.015332 -2.395325 -0.6723731 -8.891241 -2.330733 0.02238857 -9.02185 -2.379543 1.29683 -8.465047 -2.453261 1.284912 -8.476098 -2.474914 0.974393 -8.754208 -2.436441 0.9933504 -8.73078 -2.411041 -1.58146 -8.043447 -2.395357 -1.575104 -8.040335 -2.395223 0.6751566 -8.938846 -2.40416 -0.3252951 -8.989196 -2.357944 -0.9806578 -8.686747 -2.336588 0.3579154 -9.010238 -2.398539 0.3625427 -8.993797 -2.378276 1.574065 -8.140232 -2.49961 1.567352 -8.138195 -2.501576 -0.9586393 -8.709169 -2.356142 -0.3231288 -9.005611 -2.376656 0.6949953 -8.910869 -2.375317 -1.279455 -8.399672 -2.37529 -1.2952 -8.392647 -2.357701 -1.69685 -7.908627 -2.389519 1.685905 -8.010262 -2.496855 -4.693082 -1.952812 -1.91053 -4.617334 -1.452821 -2.030128 5.027627 -2.330547 -1.432118 -4.937189 -2.398124 -1.102387 -4.80541 -2.230381 -1.565685 4.73747 -1.492975 -1.919628 5.150169 -2.470174 -0.9827423 4.892065 -2.049156 -1.771026 4.450287 -0.9226341 -2.1852 -4.337443 -0.9582819 -2.233333 -4.131884 -0.7737086 -2.865852 4.329838 -0.7385149 -2.831339 -0.9189195 -5.303502 -6.743189 -2.958361 -3.275366 -5.289662 3.43235 -3.386364 -5.295469 -3.557555 -1.892826 -4.473719 3.962239 -1.944079 -4.44068 0.2920306 -5.500102 -6.932986 1.447844 -5.366912 -6.750926 4.651032 -0.9115536 -1.83059 -4.600775 -0.9556547 -1.874397 4.238158 -0.4383365 -3.74986 -3.872013 -0.4598612 -3.780314 2.360728 -7.97736 2.691746 1.862381 -7.908885 2.637517 1.522306 -7.726618 2.550008 -2.950765 -7.827635 2.642758 2.929029 -7.800108 2.705254 -2.39504 -8.000636 2.645943 -3.304807 -7.509195 2.610021 -1.898984 -7.931972 2.588391 3.288672 -7.474728 2.678561 -1.53505 -7.735128 2.501744 1.41538 -7.638613 2.51389 -1.406806 -7.633363 2.464274 5.0407 -1.865311 -1.268422 -5.595057 0.2750402 0.8813317 5.609009 0.6013759 0.8002916 5.397653 -0.152133 1.014113 -5.147177 -0.4517754 0.404722 -5.582878 -0.8383919 1.561545 5.504323 -0.5871806 -0.8061005 -5.239385 -0.7114416 -0.5665908 -5.378045 -0.3730103 1.029784 5.65032 -0.6108537 1.5314 5.211762 -0.2302861 0.4415931 5.143808 0.181412 0.2524249 -4.895567 -1.838404 -1.422156 -5.099279 -0.091053 0.2374768 5.334475 -0.5663365 -0.5227533 -5.420958 -0.7253435 -0.8717686 -5.537443 -0.3533694 -1.792904 -5.691084 0.5569506 1.361958 -5.349595 -0.9833919 0.282989 5.535267 -0.7121547 -1.162871 -5.909731 -0.3973962 2.222452 -5.813128 1.055932 0.5703357 5.403744 -0.1843391 -0.6477883 -5.845093 0.9304846 1.41326 5.217841 -0.2242133 -0.4721216 5.427427 0.03847259 1.169158 5.170451 -1.355285 -1.808424 -5.088315 -0.1624167 -0.2926104 5.332005 0.1746795 -0.4237944 -5.597876 -0.4038682 -1.201387 -5.836019 0.08146512 2.030297 -5.264189 -1.926021 0.005373001 -5.368597 -1.351587 1.332829 -5.719131 0.1251168 -1.013345 -5.806937 0.8006095 1.363218 -4.868182 -1.622132 -1.7882 -5.295548 -1.710932 0.6283611 -5.74973 -0.3908511 1.852821 -5.29972 -1.206295 -1.266137 -5.326481 -1.177721 -0.9190364 -4.99932 -1.954309 -1.000911 -5.835774 0.8727582 0.6885015 -5.130177 -0.04215967 -1.172238 -5.33968 -1.203531 -0.5659446 -5.47051 0.2833088 -1.341525 -5.803192 0.4750747 1.853044 -6.012358 0.5186595 2.091083 5.489216 0.1639561 1.365366 -5.617727 -0.3502876 -1.563823 -5.606781 -0.4480784 1.594846 -5.705728 -0.1514849 2.157161 -5.783372 -0.7649026 2.09417 -5.830422 -0.5847313 2.060596 -4.885681 -1.370484 -2.01431 -4.943219 -0.8650312 -1.864658 -5.227234 -0.8997488 -2.071979 -5.334375 -0.3247821 -1.863527 -5.611922 0.6561774 0.5243569 -5.398945 -1.146071 -0.1703364 -6.051746 1.018363 1.438271 -5.647869 -0.01523119 -0.7491823 -5.480803 -0.04993736 -0.5463085 -5.667095 -0.8354028 2.162019 -5.138029 -1.990666 -0.5271515 -5.3836 -0.8743917 -1.962395 -5.621286 0.3172359 1.340019 -5.703052 0.2072405 1.850414 -5.582472 -0.1127395 1.625129 -5.358681 0.05491924 0.7096855 -5.936637 0.0162664 2.148117 -5.00773 -0.4428575 -1.560646 -5.985984 0.9136499 1.398934 -5.780908 0.2708787 -1.229886 -5.837509 0.4930564 2.087754 -5.828639 -0.05779623 2.33246 -5.733134 0.6008026 1.300063 -5.314851 -0.7709686 0.775343 -5.805562 -0.5029258 1.968791 -5.947169 0.5084489 1.958197 -5.126737 -1.40743 -1.917932 -5.17271 -0.4211534 -0.5089076 -5.350663 -0.3763566 -0.6747533 -5.485188 -0.8252232 -1.215386 -5.280553 -0.07354688 -0.4293922 -5.556871 -1.085722 1.79645 -5.424566 -0.2299731 1.163998 -5.512185 -0.1278612 1.403294 -5.380945 -1.03941 1.086739 -5.959466 -0.01879739 2.273877 -6.059273 1.190653 0.6488603 -5.765264 0.584521 0.7282993 -5.56726 -0.3612432 -0.9458286 -5.198182 -1.376426 -1.599622 -5.461922 -0.8857505 -1.630375 -6.013308 1.051771 0.741891 -5.6969 0.2411122 1.929393 -5.720096 0.3647817 -1.35927 5.616212 -0.2507426 -1.182106 -5.997501 0.9559729 -0.09362787 -5.892673 0.6559957 -0.8237097 -5.706056 0.2423086 -0.3851085 -5.762888 0.4564935 0.1041374 -5.443989 0.3002739 0.2219547 -5.37791 0.1740685 -0.2196852 -5.573098 0.6031484 -0.8412114 -5.714436 0.8860681 -0.1654434 -5.478856 0.542734 -0.1022917 -5.283795 0.2711412 -0.736697 5.460767 0.6062445 0.2109123 -5.185199 0.09151667 -0.1113752 -5.245879 0.1814286 0.2500744 5.774161 0.7328069 0.08930611 5.459465 -0.8429432 1.087813 5.745105 0.4916253 -0.4231852 -5.357394 -1.548095 -0.09597301 -5.375825 -1.309182 0.455366 -5.234051 -1.596961 -0.5414282 -5.843236 -0.4873999 2.309949 -5.725133 -0.4807057 2.232453 5.689024 0.3143573 -1.064203 5.709121 1.163508 1.290394 5.800636 0.4152987 1.953932 5.445533 -1.086014 -0.4693377 5.822982 0.8861667 -0.88701 5.754888 0.8344225 1.792218 5.769323 1.216625 0.6089825 5.353065 -1.110243 -1.172696 5.77673 -0.107144 1.795576 -5.131503 -1.57561 -0.9404144 5.448085 0.4686247 -0.2515003 5.421874 0.8454642 -0.9294975 5.544428 1.18371 -0.2627422 5.159845 -1.964399 -0.8684371 5.405001 -1.096608 -0.8190577 5.38812 -1.577879 0.6712237 4.973446 -1.640578 -1.641108 5.459997 -1.169185 1.327309 5.375368 -1.849916 0.08501553 5.428236 -0.8011946 0.333465 5.903769 0.007674038 2.011895 5.630884 -0.8705074 1.757835 5.649462 -0.1965072 1.569517 5.809785 0.1357082 1.902975 5.743416 -0.1969708 2.126708 -5.625081 -0.6125809 1.590721 -4.97405 -0.5442683 -0.1065671 -5.022907 -0.4024039 -0.2878236 -4.998139 -0.2180364 -0.03805005 -5.27178 -0.8573073 -0.2149094 5.347105 0.7983161 -0.1862797 -5.948592 1.109437 -0.1180675 -5.843665 0.7624881 -0.8884703 -5.850365 0.6782137 0.03202503 -5.79508 0.4158772 -0.5678387 5.174136 0.4792778 -0.8036506 5.34907 0.4820145 -1.414515 5.234781 0.3931971 -0.1106778 5.233949 -1.515817 -0.8202611 5.451428 -1.442904 -0.01154065 5.452568 -1.1521 0.5021316 5.342586 -1.519527 -0.4361861 5.86283 -0.1987372 2.203694 -5.131194 -0.6932473 0.08748048 5.263679 0.4793862 0.2539884 5.913192 1.228785 -0.1832588 5.923654 -0.1038907 2.127187 5.283507 -1.963023 -0.4220327 5.869082 -0.3151397 1.986661 5.672883 0.9297851 1.266914 5.921276 1.366331 0.6400584 5.925811 0.8737422 1.980961 5.35334 0.3693102 0.6702338 5.580707 0.1772704 1.612395 5.655996 0.5395302 1.808848 5.203878 -0.5004473 0.1420543 5.557477 0.6364277 1.336731 5.373435 -0.7735019 -1.931187 5.901099 1.259917 1.301991 5.713664 -0.5860742 2.083612 5.496348 -1.007525 -0.09992533 5.520962 0.1862735 -0.5536108 5.907341 0.3446748 2.058647 5.059084 -0.1683794 -0.2517737 5.931019 1.374272 1.333053 5.375944 -0.6894453 -0.1529439 5.624496 0.5664746 -1.418551 5.475928 0.9524759 0.4285874 5.266687 -0.1878796 -1.897938 5.211358 -0.812632 -2.048269 4.929892 -0.7982817 -1.841506 5.025752 0.04385101 -0.01433509 4.942964 -1.363386 -1.906544 5.698028 0.1444503 2.051092 -5.895917 -0.2915382 2.093407 5.598518 -0.2118348 -1.562315 5.678509 0.1703722 -0.7802007 5.839446 -0.227767 1.902923 -5.806565 -0.1707872 1.972468 5.810621 1.404118 -0.2130385 5.92815 0.3099817 2.167974 5.125416 0.1055257 -0.2469042 5.731738 1.003913 -0.9643251 5.833126 0.9909053 -0.03420579 5.787607 0.6823596 -0.6552963 5.679718 -0.3568953 1.557013 5.707399 1.298193 1.305762 5.92104 1.520004 0.5463439 5.741675 0.8930195 0.6865535 5.879887 0.857964 1.865081 5.647566 1.399307 0.4675949 5.834597 -0.5115557 2.020277 5.608211 -0.2063029 -0.9179888 5.491412 -0.2149294 -1.805793 5.042453 0.1260018 -1.220841 4.951185 -0.319688 -1.584116 5.726952 0.4633051 -1.267244 5.371101 -0.5596845 0.7720801 5.025328 -0.3248465 -0.05404061 5.250353 -1.30615 -1.489084 5.584153 0.8873034 1.257174 5.747157 0.8544299 1.966345 5.799147 0.272971 2.207061 5.482702 -0.776462 -1.582692 5.639402 0.5651017 1.812805 -5.121376 -0.6775884 -0.2148433 5.527623 -0.1079143 -0.7011367 -5.010705 -0.4008247 0.08134573 -5.113999 -0.6207443 -0.3412919 5.496759 -0.4174202 1.131241 5.241698 0.1833671 0.5948927 -5.59333 -0.3279142 1.605269 -5.482591 -0.2898111 -0.7329908 -5.219015 -0.07737547 0.5622146 5.618345 -0.07317286 1.578028 -5.639488 0.01127874 1.771788 5.054999 -0.15334 0.1195108 -5.118198 -1.510246 -1.151786 -5.438655 -0.6458854 1.141721 -5.091974 -0.003047108 -0.05999761 -5.092782 -1.240805 -2.098663 5.679366 0.7881096 1.68106 5.212339 -0.4724681 -0.1705726 5.186744 -0.4150749 -0.3094483 5.124272 0.2908545 -0.05015295 -5.73426 0.4256659 1.752031 5.203272 -1.447146 -1.027843 5.114757 -1.1891 -2.022405 5.621215 0.3204183 1.754109 5.249144 0.8206707 -0.08748251 5.034741 0.5425961 -0.684836 -5.704674 0.3466969 2.112842 5.595156 -1.124597 2.030347 5.724418 -0.23615 2.30464 -5.648661 -0.8619585 2.300882 -5.519577 -1.329414 2.069754 -5.729118 -0.120992 2.383881 -5.632712 0.6325182 1.481782 -4.850946 0.02600556 -1.152159 -5.292657 0.5953156 -0.01592278 4.676014 -0.3268392 -1.605567 5.430762 0.9732126 0.5450728 -5.061487 0.3541898 -0.6307283 5.590163 0.9222835 1.38937 -4.657998 -0.4338821 -1.602164 -5.483647 0.712885 0.6295388 5.690798 0.6295755 2.023052 5.69213 -0.6243207 2.236931 5.742078 0.1425549 2.306949 -5.698124 -0.4883824 2.375936 4.845281 0.1772961 -1.185004 -5.778763 1.35921 3.715877 -5.644222 1.340013 2.116665 -5.547533 1.935881 2.744716 -0.01883888 -3.844305 10.26076 -5.411059 1.532964 1.209121 -5.252064 2.186726 1.704128 -4.305668 0.2489694 -2.179714 -4.275866 1.695442 -1.370619 -8.22423e-4 3.02604 9.439896 -5.826129 0.899392 2.930107 0.01157909 4.910514 7.814698 0.02523052 5.903816 5.852869 0.0377413 6.076879 3.866724 0.07387763 4.971227 -0.6178128 -5.461598 -2.219474 3.567769 -4.553063 0.9146273 -1.329995 -1.937928 -3.764705 9.902349 -5.465583 -2.712112 4.989482 -5.857033 -0.5589066 3.89728 -1.483389 5.265568 0.5832903 -1.687887 5.627064 2.060192 -4.006556 3.973737 1.449786 -3.691574 3.834639 0.1942023 -4.625694 2.06428 -0.3604037 -4.946835 2.225922 0.6548863 -5.158545 1.527539 0.3179044 -4.863161 1.324543 -0.5278313 -0.01507985 -1.615507 10.51836 -0.009554088 0.6929932 10.29601 -4.212139 2.893507 -0.05917483 -5.697845 -1.648545 5.224166 -4.568685 3.030332 1.066171 -3.106486 4.925282 1.807625 -5.216094 0.9592177 0.117617 -4.956257 0.7416132 -0.5814005 -5.507396 -1.712951 2.594346 -4.596403 -3.490676 7.816269 -3.472104 -3.637236 9.027071 -5.259389 -3.161147 6.506752 -5.699845 -1.355396 3.887603 -5.900947 0.4404821 4.571048 -5.900713 0.2188429 3.554378 -5.851639 -0.6035575 5.146404 -2.808935 4.699528 0.4257525 -5.77843 -0.5117024 2.974242 4.720115 2.16782 -0.3682584 0.05474025 5.45649 0.6341916 3.992753 2.689337 -1.118931 1.403445 4.869103 -0.6698012 -4.4643 -0.1976844 -1.815526 -5.64137 0.9093818 1.712534 -5.676187 -1.084033 2.892271 -5.763398 0.5541122 2.402115 5.031673 2.338931 0.6514577 -5.441644 1.024786 0.8522337 -5.810751 0.04227697 2.816416 -4.698775 0.3668903 -1.226176 -3.666006 -1.885867 9.265884 -5.500711 -1.920535 6.68899 4.442837 0.3437537 -2.191092 4.396663 1.78194 -1.376704 4.647362 1.046262 -1.361907 5.327346 2.306921 1.70772 5.473577 1.731175 1.16074 5.611604 2.053359 2.756428 5.657109 1.164198 1.637327 5.828814 1.466677 3.734972 5.868351 1.087596 2.90191 5.726504 -1.617645 5.282575 5.89773 -0.4246968 3.908776 5.883478 -0.5593895 5.200984 5.942111 0.3770547 3.549246 5.940639 0.5126418 4.6119 5.742976 -1.235255 3.908861 2.595776 4.425204 -0.7826403 -4.868516 -2.003781 8.037128 3.433773 3.608577 -0.9090222 1.969793 5.788725 3.749731 5.726517 -0.8885144 2.863767 5.780725 0.8012608 2.3355 5.461217 1.261503 0.7771809 5.841197 0.2684852 2.767003 4.754757 0.5125519 -1.260761 3.647645 -1.90216 9.303813 5.513228 -1.940926 6.750765 4.863972 -2.028422 8.09007 1.979471 -1.71254 10.2002 5.09273 -0.3457173 7.811671 2.164271 0.4981299 9.941629 3.897698 0.02041763 9.052391 5.685927 -0.5488266 6.505981 2.306694 2.736879 9.128704 5.764503 0.7754276 5.779348 5.228987 1.331081 6.975836 4.104371 2.048175 8.209677 4.12299 3.773614 6.784802 5.620914 1.963732 4.725214 5.144695 2.755338 5.729744 2.334496 4.60075 7.558915 3.83489 4.740528 5.059729 5.317669 2.70458 3.5311 4.784469 3.643481 4.299853 2.201436 5.600766 5.658898 4.961535 3.014958 2.31309 4.402717 3.966237 2.86511 3.485109 4.998984 3.361141 -2.006945 -1.704303 10.17982 5.697589 1.54211 2.076226 -2.179994 0.5070114 9.919278 -3.410194 5.012221 3.321933 -3.281671 3.617574 -0.9465242 -2.444227 4.434602 -0.8113123 -3.850597 2.665586 -1.148764 -5.087009 -0.3206815 7.756655 -1.254205 4.873843 -0.6849974 5.494553 -2.697573 5.048544 1.90474 -3.773957 9.922176 5.519078 -2.116806 3.596031 5.817077 -0.3033722 2.938656 0.0469377 5.885336 2.134951 5.001255 0.9201631 -0.6348139 5.247862 1.167477 0.0507524 3.198448 4.913635 1.843208 2.916847 4.689035 0.4581608 4.656846 3.061183 1.105238 4.31323 2.924694 -0.02613604 4.945408 1.483518 -0.5721578 5.231997 1.706987 0.2692708 1.592666 5.260089 0.6008009 1.780969 5.620726 2.079832 4.097014 3.964436 1.496183 3.797421 3.827208 0.2358844 -1.894661 5.79607 3.728373 -4.326611 3.978174 2.815085 4.53928 -0.09427952 -1.819977 -2.149631 5.60921 5.635077 -4.724874 3.659834 4.246005 -4.884733 2.985812 2.267565 -4.091408 3.791286 6.74057 -4.095537 2.066318 8.166024 5.26777 -3.185031 6.565675 -5.573537 1.945538 4.669269 -5.104481 2.776103 5.672522 5.583025 -1.540552 2.57611 -2.309102 4.610414 7.533667 3.448224 -3.652992 9.064447 -5.733075 0.7790333 5.715635 -3.779407 4.756443 5.017254 -2.305094 2.746717 9.104579 -5.254075 2.680859 3.47978 -5.665991 -0.534059 6.441411 -3.904643 0.03783714 9.011331 -5.208916 1.355274 6.918516 4.58684 -3.513381 7.867475 -3.921319 1.09988 -2.694572 4.183363 1.155196 -2.690163 -2.818627 3.538333 -2.107281 -0.9750375 4.712243 -1.849766 -2.006605 4.331 -1.962632 -3.398896 2.463889 -2.32445 1.267988 4.707323 -1.83668 3.692129 2.470077 -2.29152 0.1439196 4.787661 -1.798083 3.119029 3.526083 -2.073211 2.307599 4.321159 -1.937208 0.2528359 4.88197 -2.999974 0.3379724 4.973383 -4.300753 0.3636785 5.150881 -5.572774 0.3571437 -4.992213 -7.397028 2.200231 4.647668 -5.648028 3.375316 -2.904685 -6.078766 1.290184 5.03015 -5.583804 2.987225 3.99707 -5.764039 3.539108 2.730233 -4.784322 3.708644 3.01176 -5.966512 4.227431 -0.1346789 -4.713165 2.128405 4.466918 -4.377843 1.239555 4.861818 -4.309443 4.017028 1.305132 -3.991157 2.883641 3.740622 -4.514336 2.144634 4.369573 -3.120672 3.976054 -1.569721 -5.413523 2.890604 3.584745 -3.282764 2.572015 -4.069497 -6.738873 0.4094268 -4.509464 -7.900662 0.4409748 -4.135849 -8.408593 1.580832 -4.771234 -7.24906 3.514709 2.537296 -3.551653 1.239508 4.773337 -3.024511 -0.559115 5.033906 -5.594638 4.217345 1.826623 -6.259856 -2.99381 2.550014 -3.589665 -1.629726 4.3815 -3.143178 -0.7298884 4.781056 -3.035946 -2.37516 3.599438 -3.314903 -3.359373 -1.195669 -6.335168 -3.388719 -0.8640923 -7.159873 -3.485976 1.305689 -4.026301 2.633907 -3.535576 -7.394592 1.654251 -4.271123 -7.780633 -3.601359 0.1876232 -5.766738 -3.664061 0.4965142 -6.695019 3.415377 -2.478242 -6.863376 2.678555 -3.134422 -8.014481 1.684126 -3.88127 -8.316491 3.465769 -2.134859 -7.584116 -3.376909 1.543341 -5.219532 -3.481561 1.847781 -6.303526 4.123837 -0.8910475 -7.114564 4.054107 -1.228517 -6.291036 -3.393751 -1.529729 -5.454974 -0.5644962 4.864999 -4.320427 -2.206919 3.754878 -4.544902 -1.87417 -3.445592 -7.387854 -2.248932 4.010861 -5.79421 4.398282 0.4739938 -6.648061 4.292725 0.1671354 -5.720343 -3.664982 -0.1297879 -4.75391 -0.8611975 -4.211115 -7.7588 -2.698583 -2.411149 -6.886017 -1.859274 -3.062615 -8.020917 -0.8240534 -3.837162 -8.306046 -2.971275 3.030037 -6.004739 -0.8974663 -4.69893 -7.22348 -1.923794 -3.967279 -6.720744 -2.701124 -2.084892 -7.614335 -2.861934 2.748068 -4.82241 -1.462984 4.656539 -5.669334 -1.450531 4.475815 -4.399106 4.060545 1.523973 -5.176051 -2.763952 -2.818283 -6.089579 2.725054 -2.808588 -8.647563 3.550144 -1.82577 -8.297713 1.709125 -3.532093 -8.947963 4.543852 2.230239 -7.343523 0.3648896 5.583222 -6.805408 -1.659916 5.086375 -6.901396 -3.325997 3.46219 -7.164751 -3.802927 2.250575 -7.385951 -2.570357 4.427079 -7.009268 0.4564393 -3.792185 -9.049391 -0.6619775 5.463639 -6.834576 4.068971 3.444788 -7.12749 4.619512 0.814101 -7.608335 -1.88599 -2.75208 -8.662804 -3.509109 -0.5573905 -7.967053 2.403412 5.077247 -6.879995 4.253347 -0.581452 -7.921723 -2.773351 -1.786739 -8.331782 -0.8181465 -3.498562 -8.94734 1.39791 5.459104 -6.823166 -3.87905 0.8358207 -7.654729 3.314579 4.413536 -6.979386 -1.942122 5.65772 -7.941037 -3.879032 -0.1721009 -9.112277 5.890459 1.654784 -9.852234 5.120182 1.238381 -8.72474 -3.443085 -1.080414 -10.72221 -0.9989245 -2.795013 -11.20357 -2.274765 -2.076331 -11.02112 -3.025608 -1.392813 -9.470774 0.4531939 -3.370829 -10.1309 0.4440367 -3.069255 -11.26205 -0.8740348 -3.077379 -10.04195 -2.034472 -2.346385 -9.792466 -3.03013 4.967228 -8.06494 0.3499168 6.727405 -8.746975 -4.501875 0.1776261 -10.33178 0.3584678 6.148645 -7.845244 -4.577767 4.614795 -9.201013 -2.282413 6.271062 -8.843515 -0.9713551 6.619764 -8.770213 -3.545534 5.609493 -8.988494 -3.883464 3.986679 -8.245418 -0.8156667 6.029645 -7.874517 3.758016 4.953893 -8.035521 -5.214443 3.23107 -9.50106 -4.395995 1.259263 -8.76908 5.278992 4.598562 -9.166402 2.990647 6.261725 -8.822375 1.67563 6.614654 -8.758308 4.186897 -1.111804 -10.6884 5.913431 3.212527 -9.461581 1.858531 -2.821857 -11.1966 4.252126 5.596343 -8.959664 3.078229 -2.112254 -11.00055 5.113167 2.710072 -8.435634 1.759049 -3.105236 -10.03635 3.79232 -1.426069 -9.43591 4.61128 -0.1951645 -9.068674 5.210292 0.1549241 -10.28966 4.608561 3.969857 -8.209527 2.669801 5.648458 -7.920019 -4.389946 2.729573 -8.476436 1.537409 6.024563 -7.862809 -5.191471 1.675153 -9.895104 2.863145 -2.388427 -9.772432 5.989304 0.4701589 -11.56482 0.3402103 7.656904 -9.865643 7.082779 2.073564 -11.17116 5.191039 6.69504 -10.0654 1.888008 7.597531 -9.862657 6.535161 5.658303 -10.30309 -5.858319 5.673796 -10.33663 1.978756 -2.698797 -12.39198 -4.508201 6.707908 -10.0939 -1.20486 7.602762 -9.874643 -2.899976 7.327687 -9.942099 -5.298774 0.4921047 -11.60555 3.358716 -1.945661 -12.204 7.380268 3.888894 -10.73092 0.4349132 -2.879934 -12.42819 -2.575627 -1.912165 -12.22504 -1.138365 -2.672187 -12.39932 -3.922949 -0.8300902 -11.94189 -6.404494 2.093199 -11.21262 -6.705251 3.906799 -10.76871 4.651296 -0.8601793 -11.90835 3.586267 7.318353 -9.920927</float_array>
          <technique_common>
            <accessor source="#FaceBuilderHead_mesh-mesh-positions-array" count="1439" stride="3">
              <param name="X" type="float"/>
              <param name="Y" type="float"/>
              <param name="Z" type="float"/>
            </accessor>
          </technique_common>
        </source>
        <source id="FaceBuilderHead_mesh-mesh-normals">
          <float_array id="FaceBuilderHead_mesh-mesh-normals-array" count="4119">0.2234928 -0.9743898 0.02481216 0.6410202 -0.7521092 -0.1530525 0.3694375 -0.917322 0.1484464 0.3460236 -0.934459 0.08398807 0.5165362 -0.8548103 -0.04989874 0.3623816 -0.9311322 0.04089534 0.3102583 -0.9502156 -0.02881008 0.3875312 -0.9208216 -0.0436728 0.2534919 -0.9635502 0.0855146 0.8381466 -0.5188861 0.1681298 0.7096977 -0.6911115 -0.1367268 0.5278033 -0.8488985 0.02819997 0.3175472 -0.9227941 0.2182087 0.3250328 -0.899471 0.2920717 0.6416354 -0.7480252 0.1695951 0.5446569 -0.7627211 0.3487196 0.8186463 -0.5249298 0.2329528 0.7502855 -0.5402215 0.381094 0.7924727 -0.5625989 0.23552 0.8522397 -0.4667863 -0.2362161 0.8816627 -0.3824943 0.2763494 0.5299087 -0.614478 -0.5844774 0.1481702 -0.7417668 -0.6540854 0.2645978 -0.7327255 -0.6269779 0.6406199 -0.7603451 -0.1071515 0.7247983 -0.6811255 0.1036124 0.6710883 -0.7230015 0.1640411 0.4514731 -0.8644308 0.2212044 0.2354262 -0.9345023 0.2669832 0.5136099 -0.8466674 -0.1391376 0.4925453 -0.7458525 -0.4484454 0.7126494 -0.6573795 -0.244915 0.05777293 -0.9443882 0.3237178 0.3107791 -0.8660798 0.391564 0.06604254 -0.9558166 0.2864489 7.93507e-4 -0.9837659 0.1794547 0.4963102 -0.7587486 0.4218729 0.2339917 -0.8970243 0.3749606 0.01648008 -0.9124487 -0.4088593 0.002441525 -0.8545413 -0.519378 -0.05777269 -0.8776081 -0.4758848 0.7557154 -0.6391627 0.1427075 0.6514425 -0.7555757 -0.06876081 0.6523163 -0.756997 -0.03793525 0.4694406 -0.7803664 -0.4131028 0.2127797 -0.964101 -0.1588523 0.3375419 -0.9256766 -0.1708462 0.5769011 -0.7698118 0.2730842 0.05023443 -0.8873427 0.4583663 0.5223987 -0.7846815 0.3337284 0.7619184 -0.6051704 0.2307577 0.8819152 -0.4529058 0.130775 0.7776095 -0.6262322 0.05618661 0.56808 -0.7489658 -0.3410799 -0.1134387 -0.9346716 -0.3369286 0.1643781 -0.8263462 -0.5386388 0.2436333 -0.8023144 -0.544917 0.161815 -0.6646869 -0.7293884 0.1690161 -0.7277032 -0.6647418 0.5332241 -0.742888 0.4047095 0.6391927 -0.6822246 0.354968 0.3163018 -0.866656 -0.3858247 0.4471955 -0.7390491 -0.5038083 0.2810227 -0.8751745 -0.3938224 0.2748575 -0.895042 -0.351217 0.6861215 -0.5494588 0.4767937 0.8401377 -0.413324 0.3511866 0.198743 -0.9299599 0.3093152 0.3581159 -0.9022786 0.2400969 0.5939916 -0.7581229 0.2691167 0.5494673 -0.8047297 0.2247127 0.7609451 -0.6383783 -0.1159134 0.5063203 -0.8544574 0.1163712 -0.110296 -0.9927255 0.04828119 -0.01577836 -0.9995008 0.02737563 0.7544804 -0.6460174 0.1158485 -0.03970569 -0.8673613 -0.4960928 0.01831161 -0.9239761 -0.3820118 0.009796679 -0.7841314 -0.6205177 0.1217723 -0.9683495 0.2178778 0.1825964 -0.9786901 -0.09393811 0.3341806 -0.7012909 -0.6296939 0.3080012 -0.8566474 -0.4138727 0.9972908 -0.06711065 -0.03012198 0.997624 0.009033501 -0.06830072 0.9919766 -0.0638144 -0.1091345 0.8470531 -0.4731655 0.2421067 0.6818636 -0.6670312 0.3002189 0.2398798 -0.9004343 0.3628716 0.205152 -0.9717103 0.1170117 -0.1207653 -0.9460103 0.3007994 -0.1211292 -0.9580169 0.2598679 -0.1728311 -0.9603223 0.2188848 0.07550472 -0.6531435 0.7534605 -0.2975017 -0.8211205 0.4870873 -0.05261409 -0.6927425 0.7192632 0.4271475 -0.6540582 -0.624302 0.3884807 -0.9178387 0.08157819 0.6102659 -0.7887434 0.07388746 0.1262877 -0.8858455 -0.4464629 0.4762923 -0.7305529 0.4893243 0.5106416 -0.7285768 0.4565317 0.7348736 -0.5925012 -0.3300049 0.2382935 -0.8145257 -0.5289275 0.6759264 -0.7369636 0.002899229 0.05328691 -0.9352683 -0.3499054 0.5467239 -0.7126882 0.4395093 0.574164 -0.7420519 0.3459694 0.5633861 -0.7848036 -0.2582237 0.515132 -0.7953584 -0.3194435 0.4490296 -0.729471 -0.5159888 0.4273647 -0.8091026 -0.4033763 0.5192918 -0.761862 -0.3871722 -0.1444481 -0.8136155 0.5631736 0.1503657 -0.8777185 -0.4549731 -0.1856806 -0.9659422 -0.1802176 0.4403021 -0.8978171 0.007660329 0.4373673 -0.8931375 -0.1049547 0.5255931 -0.7469147 -0.4072721 0.02932894 -0.9979165 -0.05746763 0.01556491 -0.9986572 -0.04941093 0.113103 -0.9925351 -0.04562568 0.3332681 -0.8701286 -0.3630546 0.327712 -0.9172152 -0.2265418 0.2059111 -0.8619764 -0.4632467 -3.05192e-5 -0.9733796 0.2291992 0.6850368 -0.6318415 -0.3626306 0.5286932 -0.727285 -0.4376528 0.436084 -0.7704486 0.4650158 0.305405 -0.8646071 0.3989766 0.6666278 -0.7290698 0.1551284 0.663053 -0.7057184 0.2496443 0.9043949 -0.4198475 0.07614445 0.8848712 -0.4580613 -0.08475154 0.668524 -0.7429299 0.03363215 0.8184043 -0.5612795 -0.1232062 0.9388394 -0.2852042 -0.1929745 0.9001989 -0.3938523 -0.1858018 0.73166 -0.6648235 0.1506107 0.9889781 -0.06561648 -0.1327285 0.9817957 -0.04455769 -0.1846398 0.9929929 -0.03543239 -0.1127367 0.9454253 -0.3167287 0.07651174 0.9082104 -0.3671723 0.2008445 0.8825326 -0.4284328 0.1938599 0.9659174 -0.2482087 -0.07345855 0.9842033 -0.1729505 0.0378434 0.9520146 -0.2902067 0.09720349 0.2926478 -0.8354302 0.4652028 -0.005737602 -0.6717026 0.7407987 -0.00125128 -0.8870196 0.46173 0.9275133 -0.3734651 0.01559537 0.9530476 -0.2923721 0.07886111 0.6857662 -0.7244645 -0.06982791 0.8595384 -0.4866567 -0.1560744 0.9767504 -0.2038648 0.06631708 0.9946736 -0.1029709 -0.00463885 0.9901801 -0.1371816 0.02691751 0.5563721 -0.7111369 0.4298074 0.3686739 -0.6081897 0.7029829 0.7971842 -0.440876 0.412463 0.7515693 -0.5691857 0.3334237 0.8989892 -0.4379127 0.007141351 0.8337273 -0.5032334 0.2272775 0.02551358 -0.9942365 0.1041296 0.3286305 -0.9431038 0.05057024 0.1689526 -0.9833493 0.0669279 0.5155547 -0.8477523 0.1245779 0.4471925 -0.8479964 0.284466 0.01165825 -0.9658683 0.2587714 0.2119879 -0.9381366 0.2737898 0.6559194 -0.7019425 0.2775725 0.9398915 -0.3292993 0.09036654 0.9782994 -0.1533905 -0.1392905 0.9630089 -0.1986202 -0.1821092 0.9772648 -0.1043767 -0.1845514 0.9830272 -0.1181402 -0.1403583 0.9717977 -0.1447838 -0.1861376 0.9738234 -0.225198 0.03088498 0.628546 -0.5134575 0.5842014 0.3639765 -0.8265314 -0.42938 0.4324505 -0.8232125 -0.3678424 0.5041473 -0.859788 0.0812422 0.5840693 -0.8105495 0.04327565 0.5767478 -0.8167797 0.01525944 0.9566497 -0.2852919 0.05856597 0.9219993 -0.3147695 0.2254719 0.9977963 -0.01510697 -0.06460922 0.7983779 -0.3630544 0.4804001 0.3736145 -0.391224 0.8410447 -0.006073236 -0.4062669 0.9137343 0.6244317 -0.3767343 0.6842195 -0.3651306 -0.9268957 0.08685737 -0.4805243 -0.8683314 -0.1228702 -0.1803372 -0.9817376 -0.06058031 -0.3241122 -0.9451748 0.03994941 -0.3388895 -0.9395149 -0.04965531 -0.2822712 -0.9492359 -0.1388314 -0.2586173 -0.9647029 0.04965424 -0.8288121 -0.5425108 0.13694 -0.4121912 -0.9057158 -0.0988819 -0.7397258 -0.64652 -0.1865947 -0.5723828 -0.7890978 -0.2229409 -0.5525246 -0.8333953 0.01300126 -0.355911 -0.9081194 0.2205598 -0.3311665 -0.8960204 0.2957639 -0.6241075 -0.7667214 0.1504266 -0.8190171 -0.5324405 0.2138185 -0.5339392 -0.7717474 0.3454201 -0.8408661 -0.4771378 -0.2555071 -0.7947282 -0.5474285 0.2621626 -0.8776831 -0.3821666 0.2891734 -0.1254037 -0.7377117 -0.6633668 -0.4903575 -0.6131072 -0.6193942 -0.2389932 -0.7217408 -0.6495942 -0.6596763 -0.7371039 -0.1466456 -0.7330391 -0.6744118 0.08844441 -0.6532533 -0.7470985 -0.1228989 -0.4854615 -0.8493669 0.2071306 -0.2682351 -0.9234563 0.2743695 -0.3865828 -0.8958821 0.218973 -0.5503187 -0.8251423 -0.1276304 -0.5295675 -0.7334961 -0.4260772 -0.3559466 -0.8605832 -0.3642783 -0.3132455 -0.870642 0.3792884 -0.07376509 -0.9381626 0.3382451 -0.08514785 -0.9567386 0.2782108 0.01181083 -0.9779236 0.2086285 -0.4937079 -0.7439952 0.4502486 -0.1870496 -0.9070792 0.3771206 0.02887147 -0.8750253 -0.4832156 -0.02063119 -0.9090553 -0.4161646 0.08420097 -0.8882153 -0.4516457 -0.7647861 -0.6343766 0.1125556 -0.646393 -0.7545524 -0.1132561 -0.1587885 -0.9736365 -0.1637631 -0.421716 -0.7830342 -0.4571794 -0.2953649 -0.9324837 -0.2079273 -0.005035638 -0.8445269 0.5354896 -0.6139569 -0.7154335 0.3334844 -0.5970233 -0.6878799 0.4127768 -0.9028269 -0.4070381 0.1386499 -0.7938002 -0.5708281 0.2098489 -0.8143384 -0.577511 0.05774194 0.1217421 -0.8979432 -0.4229385 -0.6044616 -0.6836892 -0.4088951 -0.1408156 -0.7811089 -0.608309 -0.1133794 -0.6409065 -0.7591996 -0.2176939 -0.7960037 -0.5647897 -0.1459742 -0.7193111 -0.6791782 -0.5396177 -0.6995711 0.4684154 -0.1693518 -0.9650823 -0.1998406 -0.4687795 -0.7310946 -0.4957282 -0.3149906 -0.8576558 -0.4064572 -0.289228 -0.8678978 -0.4038572 -0.2516267 -0.90314 -0.3478827 -0.8442558 -0.4089283 0.3464247 -0.6831385 -0.5488852 0.4817127 -0.7494662 -0.5497469 0.3688886 -0.6287009 -0.7375943 0.246353 -0.5775504 -0.7895995 0.2072882 -0.7551046 -0.6379111 -0.1512833 0.1126775 -0.9901092 0.08359253 0.01174992 -0.9993539 0.03396791 -0.6986132 -0.7147273 0.03323531 -0.04516869 -0.892143 -0.4494896 0.01959323 -0.8267326 -0.5622539 -0.02514803 -0.751421 -0.6593437 -0.1324535 -0.9620884 0.2384162 -0.1932148 -0.9775184 -0.08441507 -0.2212599 -0.9679282 0.118992 -0.3152371 -0.6866914 -0.6550425 -0.9876177 -0.1078838 -0.113896 -0.9954301 -0.04882997 -0.08206492 -0.9939875 -0.1006836 -0.04303234 -0.8533744 -0.4592205 0.2467162 -0.7076182 -0.6670583 0.2330446 -0.5837118 -0.8061363 -0.09708184 -0.253525 -0.8860405 0.3881462 0.1547626 -0.9398984 0.3043675 0.1218934 -0.9312001 0.3435235 0.003479182 -0.6173729 0.7866629 0.3309468 -0.816838 0.4724934 0.1811608 -0.7943184 0.5798613 -0.3867397 -0.6607109 -0.6433455 -0.1754875 -0.825371 -0.5366255 -0.4077119 -0.9097906 0.07779455 -0.1200634 -0.8714214 -0.4756149 -0.205058 -0.8484317 -0.4879703 -0.4890099 -0.7396339 0.462397 -0.3138666 -0.8616376 0.3988339 -0.723663 -0.5969488 -0.3463584 -0.6846102 -0.7288633 -0.008209705 -0.05020368 -0.9321411 -0.358598 -0.5847442 -0.7322121 0.3491985 -0.5214871 -0.7496816 0.4074662 -0.5987311 -0.7635973 0.2417447 -0.5763974 -0.7586618 -0.3036417 -0.5439054 -0.7376385 -0.4000705 -0.7027898 -0.5659124 0.4310798 0.1424632 -0.6741366 0.7247373 -0.4936202 -0.7324037 -0.4689605 -0.4534228 -0.715399 -0.5316128 -0.0905199 -0.8690948 -0.4862927 -0.2421715 -0.8865891 0.3940973 0.1544876 -0.9465497 -0.2831561 -0.4500321 -0.8929532 0.01028484 -0.6779102 -0.7238408 0.1284223 -0.5018812 -0.725767 -0.4705079 -0.2996941 -0.8456439 -0.4416673 -0.4396288 -0.7612705 0.4766486 -0.4538562 -0.8859826 -0.09512943 -0.3531102 -0.9097852 -0.2181836 -0.5078142 -0.8564692 0.09265726 -0.7263172 -0.5883722 -0.3553611 -0.5459015 -0.6976442 -0.4639873 0.1814653 -0.9566144 0.2279455 -0.1235105 -0.9921432 -0.01992887 -0.6251564 -0.7772339 0.07132345 -0.6921888 -0.7063806 0.1479904 -0.6998274 -0.6773656 0.2267549 -0.7837991 -0.6131651 0.09842503 -0.9232857 -0.3800813 0.05551367 -0.9034045 -0.4127137 -0.1163094 -0.8502639 -0.5013383 -0.1603477 -0.9429545 -0.238142 -0.2326485 -0.7498328 -0.6258322 -0.2146739 -0.7610613 -0.6288208 0.1592805 -0.9261955 -0.3755077 0.03399831 -0.9654763 -0.105566 -0.2381417 -0.9824017 -0.09048837 -0.1633979 -0.9874538 -0.08444702 -0.1334306 -0.9149484 -0.3699896 0.1611742 -0.9503551 -0.3076905 0.0463885 -0.8964775 -0.4151252 0.1549165 -0.9860999 -0.1632462 0.03094625 -0.9723628 -0.2121674 -0.09744685 -0.9598639 -0.2621917 0.09958457 -0.2997272 -0.8274924 0.4747842 -0.94703 -0.3190745 0.03640896 -0.9567795 -0.2782748 0.08447736 -0.7221208 -0.6859552 -0.08948302 -0.8965635 -0.4217758 -0.1352002 -0.9734446 -0.223432 0.04983806 -0.9928308 -0.1178969 -0.01968508 -0.3795641 -0.6056484 0.6993721 -0.5657932 -0.6991615 0.4370942 -0.8076907 -0.437035 0.395773 -0.7674594 -0.5543457 0.3220357 -0.8573486 -0.4680442 0.214215 -0.9564462 -0.2773294 0.09110027 -0.3323522 -0.9391925 0.08636879 -0.1377328 -0.9859815 0.09418201 -0.5457782 -0.8252137 0.1454249 -0.4567868 -0.8316285 0.3158167 -0.204299 -0.9309736 0.3025725 -0.6780462 -0.6776494 0.2846836 -0.9765424 -0.1322076 -0.1699595 -0.9616761 -0.1585448 -0.2237024 -0.9620954 -0.1283038 -0.2406459 -0.9775283 -0.1209169 -0.1726773 -0.9678866 -0.2513868 5.18827e-4 -0.9853292 -0.1705999 -0.004730403 -0.6378989 -0.5095927 0.5774082 -0.9620651 -0.1382226 -0.2352135 -0.3424284 -0.7867308 -0.5136121 -0.4114941 -0.7953377 -0.4450961 -0.4162826 -0.7684748 -0.4859581 -0.5183395 -0.8538075 -0.04834252 -0.5862153 -0.8054661 -0.08704107 -0.9264943 -0.3173971 0.2021575 -0.9509445 -0.3088532 0.01773154 -0.8061706 -0.3612584 0.4685952 -0.3848167 -0.3899745 0.8365621 -0.6339156 -0.3746849 0.6765815 -0.4062448 -0.7618578 -0.5045175 -0.9953292 -0.03238105 -0.0909478 0.934723 -0.353142 0.03979748 0.7964126 -0.3670914 -0.4805943 0.7987483 -0.4116123 -0.4388354 0.8165595 -0.4813596 -0.3186276 0.9452316 -0.2691157 0.1847004 0.9166707 -0.3332072 0.2206528 0.8980381 -0.308156 0.3139547 -0.008179187 -0.790242 -0.6127405 0.5787681 -0.5363158 -0.6143231 0.01113951 -0.5111973 -0.8593913 0.6057837 -0.7925026 -0.07046973 0.3099212 -0.9275968 -0.2085978 0.536316 -0.8440117 0.003082394 0.8909224 -0.145547 0.4302015 0.8914831 -0.2271205 0.3920133 0.8970928 -0.1735343 0.4063378 0.3560981 -0.5000267 -0.7894098 0.6346476 -0.4811969 -0.6047083 0.4145727 -0.7046576 -0.5758361 0.825667 -0.5086333 -0.2440622 0.5382323 -0.1554025 -0.8283454 0.5700433 -0.2934756 -0.767413 0.01663315 -0.3748412 -0.9269399 0.4972513 -0.6579965 0.5654925 0.7978034 -0.5364977 0.2751004 0.797116 -0.3901956 0.4608184 0.7405033 -0.648215 -0.1774046 0.4688319 -0.8699423 -0.1529609 0.05792611 -0.4091147 -0.9106426 -0.179972 -0.1498495 -0.9721909 -0.07818949 -0.3530735 -0.9323227 0.004577875 -0.8315577 -0.5554196 0.4570773 -0.8001065 -0.3884714 -0.03000026 -0.9393776 -0.3415696 0.5368973 -0.7299936 -0.4229073 -0.009338915 -0.7333201 0.6798196 -0.01107829 -0.7916578 0.6108644 0.7730201 -0.6179522 -0.1434401 0.7887688 -0.4219585 -0.4469842 0.2113795 -0.7473361 -0.6299267 0.4710317 -0.2821795 -0.8357654 0.4898094 -0.8155758 0.3080955 0.6319234 -0.7749043 -0.0140081 0.01162767 -0.6053124 -0.7959031 0.1953246 -0.3038213 -0.9324918 0.9900411 -0.1366952 0.03366261 0.951836 -0.0403465 0.3039417 0.9495921 -0.06170898 0.3073548 0.886347 -0.2448273 0.3929994 0.8118038 -0.3588111 0.4606834 0.8974362 -0.2513529 0.3625329 0.8963733 -0.3661974 0.2498285 0.5184371 -0.8441733 -0.1363617 0.3768838 -0.9133534 -0.1540923 0.5707741 -0.2577975 -0.7795879 0.5145845 -0.5982682 0.6142297 0.6153839 -0.7861985 0.05652105 0.9141484 -0.1640114 -0.3707195 -0.006988823 -0.7562031 0.6542997 0.8198096 -0.4051743 0.4046555 0.8737637 -0.3808487 0.3024755 0.5544224 -0.6125932 0.5633342 -0.009369432 -0.9374656 0.3479521 0.8131589 -0.4567229 0.3608003 0.5667963 -0.6520965 0.5035002 -0.00463885 -0.7918139 0.610745 -0.002197384 -0.8561875 0.5166607 0.5790181 -0.7039959 0.4112517 0.7539852 -0.5813362 -0.3058668 -0.06027555 -0.7273051 -0.6836625 0.04565685 0.1145694 -0.9923655 0.5668582 -0.1702345 -0.8060349 0.7006195 0.06192255 -0.7108432 0.4853244 -0.7469393 -0.4544689 0.7947491 -0.3563721 -0.4912972 0.01489353 -0.4287092 -0.9033198 -0.7950392 -0.3598887 -0.4882548 -0.9168065 -0.3992869 0.005981802 -0.7936249 -0.408715 -0.4506791 -0.9478581 -0.2805303 0.1512215 -0.8103467 -0.4737806 -0.3447757 -0.9211389 -0.3396512 0.1901058 -0.9011245 -0.3099275 0.3031826 -0.5785491 -0.525385 -0.6239004 -0.4723193 -0.7842283 -0.4023687 -0.3360458 -0.9122464 -0.2342646 -0.6010222 -0.796256 -0.06891322 -0.5345087 -0.8451609 -0.001922667 -0.9001907 -0.2365533 0.3656491 -0.8940976 -0.1538485 0.420619 -0.9029674 -0.1879363 0.3864323 -0.3388248 -0.4974334 -0.7985975 -0.6310111 -0.4713662 -0.6161484 -0.561913 -0.2411599 -0.7912621 -0.8221601 -0.5041182 -0.2644194 -0.7408215 -0.6443201 -0.189829 -0.5613992 -0.281722 -0.7781155 -0.5144225 -0.6652458 0.5411263 -0.8041825 -0.540313 0.2476943 -0.503114 -0.8135889 0.2914612 -0.4059401 -0.7045127 -0.5821294 -0.0776093 -0.4088909 -0.9092773 0.1716369 -0.1609249 -0.971928 -0.1953524 -0.3040307 -0.9324178 -0.4729841 -0.8661305 -0.1615678 -0.004120051 -0.9933928 -0.1146903 -0.5567604 -0.7098749 -0.4313879 -0.2374722 -0.735459 -0.634592 -0.7772988 -0.6159732 -0.1279984 -0.7839505 -0.4135066 -0.4630701 -0.4561152 -0.2736691 -0.8467965 -0.6398373 -0.7681099 -0.02481216 -0.9560223 -0.06802785 0.285296 -0.9872691 -0.1588225 0.008667469 -0.9547112 -0.08954423 0.2837399 -0.8277099 -0.3650701 0.4261694 -0.897697 -0.2528225 0.3608611 -0.8110115 -0.4031253 0.4239698 -0.9098357 -0.2494937 0.3315901 -0.9007163 -0.3736174 0.2216312 -0.5269809 -0.8379446 -0.1419159 -0.3880222 -0.9091084 -0.1515282 -0.5249595 -0.1358101 -0.8402221 -0.6945487 0.08942031 -0.7138671 -0.5306701 -0.6070905 0.5914646 -0.6219576 -0.7812086 0.05368381 -0.923199 -0.1363282 -0.3593304 -0.6365756 -0.7490398 -0.1836053 -0.8341002 -0.3955643 0.3844552 -0.8849138 -0.3735285 0.278216 -0.5672606 -0.6117882 0.5512991 -0.8236594 -0.4375271 0.3607706 -0.5795082 -0.6399983 0.5045518 -0.5910038 -0.691473 0.415427 -0.7619731 -0.576752 -0.2945409 0.03991931 -0.7299619 -0.6823212 -0.04794591 0.1114567 -0.992612 -0.5718097 -0.1538478 -0.8058317 -0.8064022 -0.3384856 -0.4849156 -0.4826958 -0.7501379 -0.4519932 0.06292992 -0.3594514 -0.9310395 0.4056307 -0.6106893 -0.68009 0.08639919 -0.9333311 -0.3484656 0.4332217 -0.7426266 -0.5107102 0.4582434 -0.8678089 -0.1921479 0.6631035 -0.7134307 -0.2265179 0.6538423 -0.7140567 -0.2502265 0.1836333 -0.9182277 -0.3509084 -0.02401834 -0.7689545 -0.6388524 0.1381614 -0.7654269 -0.6285168 0.4172534 -0.7516787 -0.5107631 0.5557302 -0.7563045 -0.3452064 0.5316674 -0.8371604 -0.1284229 0.4266217 -0.9034773 -0.04150545 0.5445864 -0.821366 0.1696568 0.4728705 -0.8613849 0.1854981 0.2573392 -0.6940408 -0.6723721 0.3420003 -0.8412365 -0.4187566 0.2052125 -0.3954096 -0.8952872 0.008880913 -0.9956389 -0.09286808 0.2968302 -0.5031404 -0.811629 0.6987955 -0.6788666 0.2254444 0.433564 -0.6224814 0.6515668 0.6618168 -0.6185706 0.42352 0.4977717 -0.5735209 -0.6506129 0.09170889 -0.1948319 -0.9765399 0.1645895 -0.3363815 -0.9272313 -0.02276736 -0.8995856 -0.4361507 0.225112 -0.9477533 -0.2260276 -0.01690769 -0.9674926 -0.2523337 0.4155563 -0.347711 0.8404821 0.3350952 -0.4051051 0.8506475 0.2058487 -0.1806402 0.9617668 0.01324534 -0.8248147 0.5652481 0.2008753 -0.9520367 0.2308143 0.1391367 -0.8132742 0.565001 0.4660267 -0.7597731 0.4533918 0.09293043 -0.9703221 -0.2232466 0.4481207 -0.8651419 0.2252048 0.5025629 -0.7226994 -0.4744851 0.1710609 -0.5025926 -0.8474308 0.3861271 -0.8409832 -0.3790162 0.4703991 -0.8697791 -0.1490274 0.1815876 -0.8877955 -0.4229007 0.4190641 -0.8503054 -0.3183801 0.5568857 -0.4990516 0.6639474 -0.0967772 -0.9944768 -0.04062139 0.5337522 -0.6191757 0.5759603 0.5689333 -0.8190662 -0.07379466 0.6554807 -0.7550327 0.01644957 -0.02246195 -0.9791395 0.2019439 0.1912649 -0.981198 0.02584987 0.1963007 -0.9771698 0.08127313 0.8060835 -0.5211831 -0.280353 0.8211382 -0.5208334 -0.233377 0.6310648 -0.7651028 -0.1279647 0.706585 -0.7021597 0.08780425 -0.00137335 -0.9743471 0.2250465 -0.01431345 -0.9961763 0.08618611 0.4677358 -0.8469662 0.2527287 -0.03250259 -0.5739989 -0.8182108 0.4232408 -0.6302834 -0.6508533 0.3001893 -0.5995242 -0.741928 0.2995477 -0.4922166 -0.817309 0.02124136 -0.5779733 0.8157792 0.1991379 -0.4449093 -0.8731551 -0.01174974 -0.9989418 -0.04446589 0.6969555 -0.7105669 0.0966832 0.6232157 -0.5836924 0.5204858 0.4056658 -0.431119 0.8059601 0.2596591 -0.5980582 0.758224 0.266919 -0.5349977 0.8015809 -0.2728369 -0.9591408 -0.07489281 0.0921663 -0.6209934 0.7783781 0.08496564 -0.5823076 0.8085164 0.3640695 -0.7534399 0.5475234 0.09277778 -0.535975 -0.8391205 0.001861631 -0.9348304 0.3550897 0.2826414 -0.921171 -0.2675037 0.4572392 -0.8753833 -0.1569604 0.412738 -0.8869716 -0.207193 0.4118499 -0.9072906 0.08487248 0.3518866 -0.9341019 -0.06024491 0.5670101 -0.821507 -0.06021368 0.6281453 -0.7779638 0.01434397 0.5901105 -0.8063664 0.03927761 0.583949 -0.8117728 -0.005340754 0.1426782 -0.9304447 -0.337514 0.465971 -0.8275045 -0.3132211 0.7141485 -0.6767625 -0.1788423 0.5054523 -0.858799 0.08356046 0.404556 -0.911075 0.07922655 0.6593356 -0.7498859 0.05429351 0.5277282 -0.8406662 0.1215862 0.4532119 -0.890096 0.04825103 0.5945516 -0.7980256 -0.09830349 0.408105 -0.8947362 -0.1813765 0.1573883 -0.9818387 -0.1059327 0.298237 -0.9354243 0.1898316 -0.001953184 -0.9815307 -0.1912949 0.3753003 -0.9173906 -0.1324553 0.5161685 -0.8159266 0.2604495 0.55267 -0.8155918 -0.1713646 0.645936 -0.761237 -0.05731475 0.1810114 -0.9757099 -0.1233905 0.4865373 -0.8451687 -0.2212948 0.6569663 -0.7233771 -0.2124168 -0.01849466 -0.9967908 -0.07788521 -0.04492479 -0.9745509 -0.2196188 -0.04696863 -0.9986712 -0.02121061 0.6532328 -0.6052567 -0.4549191 0.26381 -0.4080449 -0.8740158 0.4819316 -0.3817365 -0.788682 0.5438168 -0.8025869 0.2451891 0.735367 -0.5216391 -0.4325832 0.003570675 -0.9680312 0.2508049 0.2225747 -0.9531067 0.2050568 -0.02008134 -0.998087 -0.058474 0.5817026 -0.3432838 -0.7374133 0.3210268 -0.2539466 -0.9123886 0.3706538 -0.2466244 -0.8954286 0.6558914 -0.2547145 -0.7105821 0.7780995 -0.371211 -0.5067184 -0.003814876 -0.784713 -0.6198475 0.8040286 -0.4827223 -0.347156 0.8037098 -0.5581564 -0.2061843 0.9195204 -0.3173717 -0.2318562 0.180188 -0.2194668 -0.9588361 0.1838189 -0.2204729 -0.9579156 0.4795851 -0.2566089 -0.8391366 0.005615532 -0.2089963 -0.9779003 0.2437847 -0.3214247 -0.9150166 0.3616262 -0.7273725 -0.5832287 0.00213629 -0.4414903 -0.8972635 0.001709043 -0.2190688 -0.975708 0.003967463 -0.32323 -0.9463122 0.9237089 -0.3364796 -0.1831486 0.899862 -0.2633817 -0.347676 0.8460174 -0.1595534 -0.5087213 0.9539306 -0.128149 -0.2712829 0.9672416 -0.1900118 -0.1683433 0.7800582 -0.115025 -0.6150436 0.724434 -0.2884979 -0.6260707 0.3921794 -0.5022338 -0.7706859 -0.01272648 -0.5357949 -0.8442524 0.9021666 -0.02359104 -0.4307425 0.8734291 -0.0275588 -0.4861709 0.9289705 0.1567765 -0.3353132 0.9871003 0.03912508 -0.1552491 0.942543 0.1375483 -0.3044556 0.9768639 -0.07898408 -0.1987421 0.994575 0.01293992 -0.1032143 0.9349379 0.03805667 -0.3527647 0.9663987 -0.1264421 -0.2237992 0.7444562 0.04513794 -0.6661438 0.4859918 0.2214186 -0.8454501 0.9774431 -0.1284559 -0.1676427 0.9621435 0.04620581 -0.2685981 0.9433975 0.08081376 -0.3216683 0.935518 0.08075487 -0.3439256 0.8938716 -0.2096961 -0.396259 0.9699564 -0.06305235 -0.2349661 0.9315547 0.03521865 -0.3618915 0.165415 -0.9477488 -0.2727822 -0.02966475 -0.7510191 -0.6596138 0.6300375 -0.7249826 0.2783042 0.008270621 -0.9892092 0.1462771 0.9733513 -0.009094715 -0.2291387 0.968676 -0.01446604 -0.2479066 0.4887008 -0.5880401 0.6445003 -0.4723141 -0.597229 -0.648257 -0.1200004 -0.9188944 -0.3758101 -0.1542422 -0.9441617 -0.2911498 -0.70972 -0.6688855 -0.2211104 -0.4935912 -0.8504858 -0.1817739 -0.6896145 -0.6744158 -0.263809 -0.2297187 -0.9106957 -0.3433115 -0.1920273 -0.7550165 -0.6269575 -0.4909323 -0.7172324 -0.4945335 -0.6126463 -0.7336556 -0.2939628 -0.4755513 -0.6119114 -0.6319931 -0.5807465 -0.7948986 0.175698 -0.4735028 -0.8805962 -0.01858603 -0.5037462 -0.839577 0.2033479 -0.3257878 -0.6639357 -0.6730913 -0.403674 -0.8195251 -0.4067259 -0.1212828 -0.9765191 -0.1780483 -0.246134 -0.3575276 -0.9008842 -0.348282 -0.4785978 -0.8060049 -0.4810161 -0.6562585 0.5813333 -0.7226716 -0.6547047 0.2216022 -0.6649262 -0.6096251 0.4315444 -0.2196788 -0.3145028 -0.9234876 -0.05133259 -0.07663273 -0.9957371 -0.4558339 -0.4778382 -0.7509235 -0.2660379 -0.9407616 -0.2102178 -0.226083 -0.887486 -0.401566 -0.1039795 -0.1438073 0.9841279 -0.5352532 -0.4821186 0.693589 -0.3847541 -0.3208472 0.8654603 -0.4867161 -0.732302 -0.4762786 -0.6035814 -0.7949073 -0.06174063 -0.2134193 -0.9464552 0.2422292 -0.1205808 -0.8090603 0.5752233 -0.5224021 -0.7724483 0.3611371 -0.4634419 -0.8486922 0.2548396 -0.3540527 -0.7384721 0.5738517 -0.2555958 -0.4750571 -0.8420164 -0.5366482 -0.6500573 -0.5379911 -0.4466509 -0.8098315 -0.3803629 -0.5139478 -0.8492347 -0.1210707 -0.4799787 -0.833302 -0.2742779 -0.2888618 -0.4038572 0.8680198 0.05322498 -0.9965648 -0.06344884 -0.2262655 -0.9729663 0.04626631 -0.5189784 -0.6010749 0.6077586 -0.5900314 -0.801836 -0.0944575 -0.6907432 -0.7216593 0.04562634 -0.8411073 -0.4531786 -0.2952421 -0.6716685 -0.7360337 -0.08435529 -0.01797586 -0.9418257 -0.3356208 -0.4888808 -0.846256 0.21177 -0.3340888 -0.4625118 -0.8212597 -0.05804783 -0.9974645 0.04117059 -0.1850392 -0.2121404 -0.9595608 -0.2625583 -0.4055111 -0.8755707 -0.09503531 -0.9952769 0.01980662 -0.406484 -0.9136506 0.003662288 -0.6726675 -0.6262483 0.3941214 -0.3593018 -0.4251925 0.8307307 -0.2089042 -0.5835583 0.7847412 -0.4695711 -0.6031239 0.6447828 -0.2168406 -0.5125434 0.8308306 -0.04577964 -0.5974551 0.8005947 -0.1485999 -0.5216104 -0.8401434 -0.0383628 -0.5731836 0.8185286 -0.3669011 -0.5505042 -0.7498857 -0.3047383 -0.9094843 -0.2827947 -0.4196749 -0.8771331 -0.2334749 -0.4911834 -0.8265029 -0.2750127 -0.4233304 -0.902877 0.07486331 -0.5630826 -0.7882242 0.2482752 -0.3768806 -0.9254313 -0.03921705 -0.6115816 -0.7903958 -0.03525006 -0.6212815 -0.7797377 0.07758003 -0.6736088 -0.7381559 0.03711074 -0.3918375 -0.8815199 -0.2634122 -0.1758511 -0.9234166 -0.3411425 -0.4795576 -0.8173813 -0.3192371 -0.764904 -0.6238439 -0.1604397 -0.5125602 -0.8576342 0.04177993 -0.4098066 -0.9079957 0.08719223 -0.6228357 -0.781505 0.03640937 -0.5662263 -0.8126399 0.1378561 -0.4909296 -0.8672907 0.08243197 -0.6332465 -0.7728117 -0.04196411 -0.4592536 -0.8787711 -0.1297983 -0.1924512 -0.9734565 -0.1238756 -0.3146484 -0.9308832 0.1856151 -0.3966251 -0.9069641 -0.1417913 -0.5309808 -0.8138369 0.2360695 -0.6789301 -0.728066 0.09473156 -0.6864147 -0.7260596 -0.04089611 -0.1841501 -0.976783 -0.1094707 -0.03643971 -0.996874 -0.07010221 -0.5008848 -0.3297929 -0.8002194 -0.3682693 -0.7232325 -0.5842197 -0.6928785 -0.5698554 -0.4417966 -0.7822608 -0.4561357 -0.4242739 -0.7302286 -0.6754775 0.1024523 -0.2138175 -0.9496052 0.2291992 -0.2219043 -0.9699887 0.09940069 -0.6078855 -0.268876 -0.7471151 -0.3193814 -0.2116493 -0.9236883 -0.6678565 -0.1657509 -0.7255992 -0.8078689 -0.2978351 -0.5085688 -0.8402226 -0.4153961 -0.3485286 -0.6885079 -0.6759036 -0.2628903 -0.8524028 -0.4551947 -0.2573078 -0.8327354 -0.4985243 -0.2408847 -0.9341699 -0.2468718 -0.2576452 -0.169929 -0.1903461 -0.9668985 -0.373952 -0.1851906 -0.9087707 -0.1742647 -0.2015184 -0.963858 -0.2506265 -0.3925729 -0.8849142 -0.4742977 -0.1616293 -0.8654003 -0.2404638 -0.2621022 -0.9346014 -0.9153919 -0.3365043 -0.2209587 -0.9390248 -0.2696705 -0.2133315 -0.9119762 -0.1989855 -0.3587538 -0.8475842 -0.09546458 -0.5220035 -0.9498779 -0.09198468 -0.2987824 -0.7567825 -0.0380268 -0.6525598 -0.6845152 -0.1881814 -0.7042917 -0.3959245 -0.4034627 -0.8249011 -0.8888528 0.0106818 -0.4580686 -0.8461138 0.006988883 -0.5329565 -0.9540678 0.05902457 -0.2937189 -0.9044671 0.09958416 -0.414756 -0.8942077 0.157997 -0.4188432 -0.9638097 -0.1008641 -0.2467738 -0.9701402 -0.1169185 -0.2125043 -0.962395 0.05783402 -0.2654262 -0.9051315 0.02392685 -0.4244578 -0.6634305 0.0509063 -0.7465043 -0.9681785 -0.1452389 -0.2038045 -0.9313818 0.01788419 -0.3636045 -0.9475327 -0.06473141 -0.3130365 -0.9113279 -0.05881011 -0.4074591 -0.8571109 -0.1645919 -0.4881296 -0.9603749 -0.06286931 -0.2715284 -0.95864 -0.04999047 -0.2801972 -0.1907755 -0.9516803 -0.2406439 -0.6427219 -0.6957632 0.320659 -0.9582605 -0.08838248 -0.2718922 -0.9147379 0.01944041 -0.4035797 -0.9352971 -0.0944575 -0.3410236 0.0654028 -0.9978587 -7.93501e-4 -0.2876377 -0.9564829 0.04904335 -0.507407 -0.8506528 0.1375791 -0.336445 -0.9263224 0.1695043 0.1629737 -0.9768959 -0.1382529 0.4777761 -0.8784305 0.009491384 0.6829697 -0.724507 0.09296298 0.4648042 -0.7858029 -0.4080083 -0.07330745 -0.9958767 -0.05343931 0.2845629 -0.9586451 0.00488305 0.5024131 -0.8599498 0.08981907 -0.468684 -0.8812736 -0.06076377 0.3641548 -0.9273251 0.08636921 -0.6829336 -0.7304524 -0.006409049 0.1354746 -0.1660548 -0.9767663 0.996955 -0.06646972 -0.04077297 0.8805964 -0.3552416 0.3136137 0.5175803 -0.1543066 0.8416059 0.9540844 -0.2146095 -0.2089635 0.990689 -0.1062074 -0.0851795 0.9744647 -0.08499479 -0.2078329 -0.7156167 0.6974272 0.03857636 0.1817406 0.9231082 -0.338883 -0.756023 0.6379135 -0.1466144 -0.3434047 0.1104193 0.9326741 0.3699901 0.5481641 0.7500823 0.4238787 0.1314454 0.8961301 -0.3872559 0.2517209 -0.8869439 0.5779428 0.3502998 -0.7370701 -0.3629319 0.5547438 -0.748692 0.9727002 -0.05652105 -0.2250773 -0.5943591 0.803018 -0.04358124 0.5674161 0.7073169 -0.4215946 0.7882602 0.5873497 -0.1834838 0.7085034 -0.2037157 0.6756647 0.9407499 -0.2197982 0.2582217 0.6847524 -0.4302859 0.5881906 0.5603977 0.4714031 -0.68098 -0.5071774 0.7687928 -0.3895237 -0.4110618 0.6705353 -0.6175847 0.5992332 -0.4442901 0.6659774 0.7715457 0.003479123 0.6361644 -0.1771942 0.4377058 -0.881485 -0.5103446 0.6111501 -0.6050157 0.892723 0.2484279 0.3759379 -0.03918582 0.9957295 0.08359032 -0.572052 0.4857742 0.6608933 -0.6855231 0.6605584 0.3061385 0.8053792 -0.5575304 0.2013067 0.8703739 -0.4764029 0.1244568 0.9532415 -0.2976858 0.05209648 0.8397378 0.08829224 -0.5357658 0.8760603 0.1997802 -0.4388694 0.8754842 0.228561 -0.4257785 0.6531157 -0.4861134 -0.5806321 0.9638257 -0.2663407 -0.01013231 0.7873758 -0.5865871 -0.1896184 0.8831797 -0.4559488 -0.1100198 0.9458122 -0.05877941 -0.3193501 0.7777168 -0.5319469 -0.3349465 0.3735 0.5343998 -0.7582312 0.9588909 -0.1035525 -0.264207 0.6910442 0.1545793 -0.7060902 0.1084028 -0.3075075 -0.9453507 0.03891146 0.05401825 -0.9977816 0.9837229 -0.1794219 0.009857654 0.9849538 -0.1724348 0.01150578 0.5157099 0.8563933 0.02517813 0.6113302 0.7100598 0.3494144 0.8282899 -0.1483231 -0.5403112 0.6669989 -0.06128269 -0.7425342 -0.6619049 0.6757608 -0.3243908 0.2560231 0.7719757 -0.5818125 0.267499 -0.293318 0.9178283 0.9389763 -0.2904793 -0.1842428 0.7896533 -0.1343454 -0.5986643 0.5526098 -0.8309441 0.06445634 0.7177521 -0.68119 -0.1442645 0.9682663 -0.2421047 -0.06201392 0.9672577 -0.05118131 -0.2485821 0.9631112 -0.2559609 0.08307206 0.9415723 -0.3359837 0.02359116 0.9273581 0.01290959 -0.3739525 0.7789377 0.1461557 -0.6098316 0.9624815 -0.001037597 -0.2713455 0.9580983 0.1145702 -0.2625286 0.9020052 -0.01910519 -0.4313023 0.7115473 0.4613841 0.5299295 0.7928562 0.1339179 0.5945125 0.4608433 -0.7497403 0.4748823 0.5909447 -0.4934966 0.638158 0.9993484 -0.01800626 0.03128206 0.9660888 0.1649568 -0.1986502 0.9794287 -0.02884083 -0.199719 0.9318036 -0.1852193 -0.3121475 0.9319555 -0.2284644 -0.2815368 0.7706175 -0.3849425 -0.5079056 0.9659216 -0.0890845 0.2430216 0.908991 -0.0233168 -0.4161631 0.9061143 0.09109973 -0.4131075 0.9160631 0.04233002 -0.3987939 0.8165789 -0.5019232 0.2850823 0.9310904 -0.3008006 0.2063732 0.859032 -0.4264183 -0.2832514 0.9876584 0.01690757 -0.1557083 0.6830225 -0.5900606 -0.4304751 0.9227715 0.06347942 -0.3800832 0.9285947 0.1283619 -0.3481886 0.949555 -0.07028651 0.3056228 0.9647175 -0.2630465 0.01126164 0.9856243 0.1124029 -0.1261367 0.9778789 -0.2088086 -0.01232951 0.8194724 -0.5468134 -0.1716402 0.9834942 -0.169348 -0.0637229 0.9975432 -0.06756901 -0.01849448 0.9828168 -0.1243056 -0.1364523 0.7922877 -0.34246 0.5049766 0.6316646 -0.6922461 0.3489919 0.8551111 -0.4964826 0.1492988 0.8864272 0.0750159 -0.4567489 0.9463477 -0.2927427 -0.1368493 0.8802252 -0.3626862 0.3060432 0.9354531 -0.1566871 -0.3168228 0.9884278 -0.1469503 -0.03763025 0.8034638 -0.3415645 -0.4876266 0.1064512 -0.3513682 -0.9301658 0.9449888 -0.3080888 -0.1098987 0.9334768 -0.3252688 -0.1510677 0.9047032 -0.4195438 -0.07413047 0.995743 -0.05853539 -0.07120078 0.9778846 -0.177528 -0.1105697 0.962692 -0.05835235 -0.2642337 0.9530817 -0.1344978 -0.2711929 0.9400019 -0.2404329 -0.2420505 0.9716855 -0.153204 -0.1798773 0.9850602 -0.01364195 -0.1716691 0.885986 -0.446808 -0.1240624 0.9907505 0.1204599 -0.06247311 0.9597219 0.2809247 -0.003875851 -0.5814282 0.7921047 -0.1857725 0.5500565 0.6117368 -0.5685209 0.89101 0.4539741 0.002990841 0.833943 0.5224007 -0.1778671 0.9796069 -0.2002367 -0.01660245 0.9032358 0.02639877 0.428332 0.8273448 0.4657839 0.3139204 0.7384506 0.664868 0.1124339 0.9217911 0.3876198 -0.007232964 0.9316209 0.09344893 -0.3512119 0.9322273 0.1803966 -0.3137027 -0.4830887 -0.2306337 0.8446499 -0.9796808 -0.1992565 -0.0228585 -0.993768 -0.111029 0.009888231 -0.9785283 -0.1778032 -0.1042526 -0.9372137 -0.256941 -0.2358217 -0.9547641 -0.1751499 -0.2403085 -0.2414971 0.9238113 -0.2970723 0.7192817 0.6924552 0.05603361 0.7477213 0.6570791 -0.09570831 0.2616379 0.1202136 0.9576504 -0.2734845 0.7331986 0.6225963 0.5269137 0.5366187 0.6590922 0.3224635 0.411884 -0.8522728 -0.5341136 0.4173172 -0.735234 -0.4394477 0.3133418 -0.8418449 -0.9920873 -0.003723323 -0.1254949 -0.399154 0.2341699 0.8864765 -0.9918892 -0.03842306 -0.1211593 0.4248263 0.9048007 -0.02929836 -0.5811123 0.7136867 -0.391101 0.4273877 0.8858438 -0.1806113 -0.707192 -0.3067795 0.6369976 -0.8897573 -0.3352231 0.3097701 -0.9227577 -0.1550697 0.3528056 0.386283 0.845324 -0.3690701 -0.5338419 0.5281654 -0.660344 0.3288727 0.7493023 -0.5747947 -0.7713521 -0.09415292 0.6294055 -0.5625913 -0.540709 0.6253998 0.1603183 0.527955 -0.8340035 0.2972588 0.6564109 -0.6933699 -0.06055057 0.1649881 -0.9844352 -0.8986865 0.1704168 0.4041297 0.1607165 0.9673816 0.1958141 0.683335 0.6697233 0.2907302 -0.9064173 -0.4221707 0.01339787 -0.9194179 -0.3813053 0.09631818 -0.7623138 -0.6321485 0.1388022 -0.909021 0.1064822 -0.4029175 -0.8633059 0.008484423 -0.5046099 -0.9125496 0.1142327 -0.3926884 -0.7747543 -0.5995754 -0.2006621 -0.8912302 -0.3509436 -0.2873105 -0.6912044 -0.4769884 -0.5428799 -0.8637315 -0.4815362 -0.1486298 -0.9419856 -0.1514379 -0.2995493 -0.9554696 -0.1396871 -0.2599334 -0.9654558 -0.183331 -0.1851621 -0.4094498 0.5651604 -0.7162016 -0.709597 0.1636733 -0.6853345 -0.120764 -0.2164413 -0.9687978 -0.9502285 -0.2996931 0.08514702 -0.8657082 -0.4260483 0.26274 -0.6058402 0.7912149 0.08328735 -0.6888813 0.6395316 0.3412361 -0.8575639 -0.1944084 -0.4762243 -0.7311195 -0.1169193 -0.6721563 0.6459361 0.7179306 -0.2595037 0.5005155 0.6795719 -0.5363452 -0.2586532 -0.3685235 0.8929105 -0.9237778 -0.3603371 -0.1295834 -0.7987796 -0.1576623 -0.5805977 -0.554223 -0.8322806 0.01208543 -0.788158 -0.5029256 -0.3547855 -0.6785336 -0.7170794 -0.1593407 -0.9466817 -0.3035156 -0.1080387 -0.869304 -0.4924855 0.04205518 -0.9944269 -0.08215677 -0.06607335 -0.8477596 -0.5297505 -0.02584964 -0.7404918 -0.6293097 -0.2358843 -0.9213577 -0.08325755 -0.3796949 -0.9055899 -0.110967 -0.4093817 -0.9300729 -0.3656506 -0.03555482 -0.3042804 0.7929298 -0.5278975 -0.9755855 -0.1012331 -0.1948973 -0.9841703 -0.0305798 -0.1745675 -0.760604 0.4340161 0.4828166 -0.8993973 -0.1176205 -0.4210107 -0.8357672 0.05218774 0.5465982 -0.4727392 -0.7843382 0.4016605 -0.5651592 -0.5847221 0.5819754 -0.929638 -0.3626567 0.06521898 -0.9981126 -0.05087459 0.0343945 -0.9718753 0.1241509 -0.2001126 -0.958778 0.2822987 -0.03244143 -0.8894641 -0.2700988 -0.3686466 -0.9187837 -0.2813575 -0.2769017 -0.7434055 -0.4430584 -0.5010464 -0.9604161 -0.2079899 0.185314 -0.9483888 -0.2386003 -0.2088744 -0.9317436 -0.03393703 -0.3615275 -0.9238757 -0.03360158 -0.3812147 -0.7475106 -0.6025436 0.2795878 -0.6768002 -0.5176411 0.5234398 -0.7311505 0.6594302 -0.1748449 -0.961161 0.2728081 -0.04178029 -0.6035215 -0.6712746 -0.4302933 -0.93549 -0.01486259 -0.3530405 -0.9402548 -0.01376396 -0.3401935 -0.9564767 -0.2747963 0.09818077 -0.9940125 -0.1067563 -0.02328616 -0.9740182 -0.2066755 -0.09259504 -0.9737544 -0.152872 -0.1686201 -0.9781724 -0.0912525 -0.1866862 -0.7917595 -0.3939113 0.4668521 -0.6383828 -0.7176427 0.2783101 -0.8176442 0.0618627 -0.5723906 -0.9347909 -0.312543 -0.168769 -0.8578346 -0.4558353 0.237348 -0.9275972 -0.2084148 -0.3100434 -0.8854124 -0.3942118 0.2462564 -0.9665051 -0.2324019 -0.1088916 -0.6676724 -0.5197449 -0.5329904 -0.8851717 -0.4502156 -0.1173759 -0.9294056 -0.3683685 -0.02258431 -0.8776951 -0.4789647 -0.01562571 -0.9925307 -0.09936898 -0.07077294 -0.9234127 -0.3284757 -0.1985259 -0.9437493 -0.1875107 -0.2723545 -0.01715153 -0.275249 -0.96122 -0.9037724 -0.3153879 -0.2893548 -0.9433289 -0.3181053 0.09454953 -0.9141133 -0.04016333 -0.4034648 -0.8221535 -0.5568206 -0.1183835 -0.9863238 0.1422811 -0.08319568 -0.5393455 0.6470499 -0.5389183 -0.8475208 -0.5206897 0.1029111 -0.878531 0.4776284 0.007385671 -0.8343061 0.5182787 -0.1879378 -0.9714719 -0.2369473 -0.00991857 -0.9082877 -0.02398824 0.4176579 -0.8367817 0.4144233 0.3578403 -0.7429283 0.6537209 0.1438979 -0.9416918 0.3359218 0.01931846 -0.9454428 0.08899289 -0.3133978 -0.9359085 0.1514068 -0.3180429 0.9363906 0.04199439 -0.3484379 0.905314 0.1322996 -0.403613 0.9067333 0.188946 -0.377007 0.8748903 0.263227 -0.4065446 0.9818455 -0.01193279 -0.189307 0.9873202 -0.04828101 -0.1512216 0.964461 0.1154228 -0.2376818 0.8966269 0.3099846 -0.3161801 0.9302863 0.2959752 -0.2167168 0.9823403 -0.1606817 -0.09585964 0.9853152 -0.1540918 -0.07355147 0.9800366 0.03283876 -0.1960867 0.9783781 -0.2064305 0.01275694 0.9484192 -0.1508571 0.2788248 0.9366365 -0.249617 0.2457717 0.8027173 -0.1297984 0.5820631 0.7972651 -0.2778815 0.5358642 0.3343431 -0.2394269 0.9115315 0.5924658 -0.07495468 0.8021011 0.3136434 -0.02301126 0.949262 -0.005615472 -0.2219038 0.9750525 -0.005096614 -0.00451672 0.9999769 0.6057785 -0.2598722 0.7519967 0.9820135 -0.1847321 -0.03903394 0.8313723 0.07724398 0.5503214 0.6105934 0.1394107 0.7795771 0.9836803 -0.174964 0.04196327 0.9591615 0.001892149 0.2828531 0.9939076 -0.07702958 0.07883018 0.9620491 0.1632764 0.2186378 0.3354362 0.1983441 0.9209464 0.656542 0.3614155 0.6620661 0.3586038 0.4580668 0.8133746 -0.004577875 0.222273 0.9749737 -0.00350964 0.5075011 0.861644 0.8622995 0.2656117 0.4311497 0.9951978 0.07458871 0.06338816 0.9371497 0.3346418 0.0988208 0.6779263 0.5933572 0.4339851 0.8668667 0.4411852 0.2321593 0.356495 0.7330106 0.5793159 -0.001800596 0.7862631 0.6178893 0.8185188 0.5739398 0.02490347 0.3361079 0.9090753 0.2461983 3.05192e-4 0.9599514 0.2801664 0.6442289 0.7522057 0.1384043 0.8609977 0.4595223 -0.2179961 0.8441156 0.3862276 -0.3718833 0.9427994 0.2619463 -0.2061877 0.5879444 0.8053297 -0.07593071 0.8787568 0.4762756 -0.03079336 0.765631 0.6319882 -0.1200008 0.3019534 0.9528592 -0.02972531 0.001983702 0.9999539 -0.009399831 0.7966936 0.4762338 -0.3721301 0.5024082 0.8210598 -0.2710111 0.2068882 0.9479198 -0.2421681 0.242354 0.9283372 -0.2818766 0.2770189 0.9413818 -0.1925123 0.7933939 0.5109938 -0.3307741 0.7107255 0.638304 -0.2956982 0.4952688 0.8301277 -0.2561188 0.002899289 0.981517 -0.1913532 0.7671522 0.5522691 -0.3263075 0.7202923 0.6277874 -0.2950631 0.821879 0.5519683 -0.1408761 0.9183297 0.3885124 -0.07568818 0.8629158 0.4765492 -0.1681579 0.5280753 0.8405623 -0.1207953 0.2099421 0.9763119 -0.05234056 -0.001403868 0.9989922 -0.04486352 0.002899289 0.9649287 -0.2624965 0.762433 0.6183515 -0.1906235 0.7310246 0.6506372 -0.2056073 0.9699941 0.2427808 0.0130012 0.7886758 0.5685412 -0.2339903 0.8173297 0.5074092 -0.2729621 0.9636872 0.0693078 -0.2578825 0.9078323 0.1075811 -0.4052986 0.003174006 0.9542196 -0.2990901 0.9309083 0.1462193 -0.3347083 0.9647692 0.2179672 -0.1473461 0.9894434 0.1125831 -0.09125059 0.9787032 -0.1987986 -0.05117976 0.9916648 -0.123115 -0.03799653 0.9987038 -0.00238043 -0.0508446 0.9873485 -0.1059007 -0.1180167 0.5457441 0.8144655 -0.1970013 -0.8850426 0.1048928 -0.4535385 -0.8654974 0.1912951 -0.4629476 -0.8695225 0.2313965 -0.436333 -0.8831593 0.2143656 -0.4172255 -0.9878703 0.01507639 -0.1545483 -0.9901481 -0.05215638 -0.1299485 -0.9442361 0.2352121 -0.2304206 -0.894644 0.3127927 -0.3190187 -0.899 0.2601445 -0.352312 -0.9761422 -0.1942824 -0.09695804 -0.9794789 0.1192075 -0.162514 -0.9514093 -0.1473778 0.2703707 -0.9754915 -0.2199838 0.004852533 -0.9401658 -0.247722 0.2339275 -0.810242 -0.126195 0.5723484 -0.8049666 -0.2745175 0.5259934 -0.3451443 -0.2383873 0.9077703 -0.6018699 -0.07245266 0.7953008 -0.6154935 -0.2578316 0.7447756 -0.3236877 -0.02169919 0.9459152 -0.9756388 -0.2089346 -0.0668981 -0.9772413 -0.1910474 -0.09219717 -0.8375648 0.08032613 0.5404008 -0.9618094 0.00552392 0.2736647 -0.6186263 0.1418232 0.7727793 -0.983806 -0.1738659 0.04355037 -0.9942387 -0.07550328 0.07608312 -0.9644272 0.1667551 0.2051174 -0.344316 0.1996862 0.9173723 -0.6623379 0.3640692 0.6547995 -0.3652868 0.4596528 0.8094968 -0.8669342 0.2686012 0.4198554 -0.9400515 0.3319265 0.07828164 -0.9955571 0.07706022 0.05410999 -0.6804137 0.5963042 0.4259795 -0.8696251 0.4429308 0.2180929 -0.3597604 0.7346583 0.5751954 -0.8201026 0.5721064 0.01123088 -0.3350158 0.9105581 0.2421745 -0.6428601 0.7547746 0.1305618 -0.8306753 0.3732209 -0.4131402 -0.828595 0.4582756 -0.3215803 -0.8981137 0.2927384 -0.328171 -0.5843535 0.807236 -0.08307355 -0.7675524 0.6272872 -0.1318114 -0.8855965 0.4612927 -0.05410993 -0.2976549 0.9540949 -0.03323549 -0.8700215 0.2708917 -0.4119227 -0.2320679 0.9311101 -0.281387 -0.4897773 0.8183811 -0.3006173 -0.502012 0.8191075 -0.2775731 -0.2711311 0.9424278 -0.1957491 -0.8139648 0.4400964 -0.3791788 -0.7820497 0.4933093 -0.3808468 -0.7101279 0.6305941 -0.3131607 -0.7060679 0.6173478 -0.3469148 -0.7797749 0.5235326 -0.3433146 -0.9249084 0.3669908 -0.09930878 -0.8353084 0.5260276 -0.1598591 -0.8786981 0.439349 -0.1867141 -0.1961192 0.9449188 -0.2620416 -0.5056348 0.8386554 -0.2024614 -0.2084165 0.9732616 -0.09656316 -0.7318136 0.6180695 -0.2871221 -0.7335545 0.644378 -0.2160439 -0.9713076 0.2377759 -0.004913568 -0.8055992 0.5379716 -0.2481865 -0.839524 0.4640759 -0.2825474 -0.9267637 0.1134383 -0.3581073 -0.9279183 0.3007097 -0.2203211 -0.961931 0.2272145 -0.1518629 -0.9885643 0.1197556 -0.09164786 -0.9768478 -0.2056056 -0.05911499 -0.991307 -0.1268355 -0.03497433 -0.9987889 -7.6297e-4 -0.0491963 -0.9866557 -0.1223515 -0.1074276 -0.5410168 0.8159964 -0.2035947 0.9641658 -0.2559959 -0.06964504 0.7722835 -0.4767374 -0.4198805 0.4420456 -0.649182 -0.6189981 -0.02426296 -0.6941351 -0.7194358 0.8739797 -0.4530888 -0.1756993 0.7302651 -0.6146886 -0.2981122 0.8537767 -0.498746 -0.1493918 0.4484241 -0.711045 -0.5416003 -0.01474052 -0.845461 -0.5338339 0.4388372 -0.7699107 -0.4633137 0.7206766 -0.6416933 -0.2624027 0.8445569 -0.5228239 -0.1156677 0.7526161 -0.5626003 -0.342126 -0.01065129 -0.8810682 -0.4728695 0.440644 -0.7962296 -0.4145497 0.9628742 0.229808 0.1416386 0.8526487 0.4182367 0.3131587 0.8869527 0.436518 0.1508876 0.9520681 -0.3030529 -0.04153621 0.9433355 -0.331434 -0.01641905 0.934866 -0.3537182 0.03015297 0.987522 -0.08197301 0.134465 0.9286752 0.1516814 0.3384603 0.8210274 0.4024261 0.4049287 0.676178 0.6152011 0.4053528 0.7222316 0.6252118 0.29579 0.8938733 0.4482032 -0.01022386 0.9685568 0.2487924 -3.6623e-4 0.7908805 0.6116093 -0.02102786 0.5727545 0.8197161 0.004242122 0.2563305 0.9652909 0.0500819 -0.00213629 0.9977268 0.06735539 0.565148 0.8183019 0.1048322 0.7768295 0.6168491 0.1266231 0.2697899 0.9574794 0.1022089 9.1558e-4 0.9947782 0.1020567 0.2636844 0.9344316 0.2393912 4.2727e-4 0.971796 0.2358227 0.5239611 0.8110898 0.2599967 0.2458007 0.9062337 0.3439806 -5.49352e-4 0.9425058 0.3341894 0.4799484 0.794207 0.3726727 0.999669 -0.01861637 0.01776182 0.9962808 -0.04010146 0.07626605 0.8917827 -0.3840586 -0.2392126 0.9475045 0.1857714 0.2602387 0.9732457 -0.1089217 0.2023093 -0.01953232 -0.7654542 -0.6431939 -0.9581311 -0.2135148 -0.1907777 -0.8657419 -0.3671476 -0.3401379 -0.7433983 -0.4245287 -0.5168507 -0.4573645 -0.5941222 -0.6616923 -0.8522689 -0.4544254 -0.2591049 -0.7089906 -0.6245442 -0.3275316 -0.7326116 -0.545804 -0.4066673 -0.4554424 -0.6838808 -0.5699821 -0.835079 -0.5186512 -0.1834232 -0.6970233 -0.6618349 -0.2759222 -0.4413707 -0.7629225 -0.4723783 -0.4392389 -0.7969903 -0.414579 -0.8561573 0.4262933 0.2920084 -0.9648474 0.2550749 0.06329566 -0.8862441 0.4568099 0.07678604 -0.9517518 -0.2824583 -0.1199418 -0.9395308 -0.3387011 -0.05063116 -0.8253931 -0.5484004 -0.1341016 -0.9916246 -0.07016324 0.1084341 -0.9318088 -0.3625057 0.01794523 -0.9298737 0.1523237 0.3348619 -0.9517078 0.1936437 0.2382321 -0.6773498 0.6157309 0.4025827 -0.7233031 0.6324477 0.2772051 -0.8729806 0.4663078 -0.143045 -0.9464796 0.2902643 -0.1411494 -0.7699117 0.6235713 -0.135628 -0.549281 0.8332603 -0.0629912 -0.2494641 0.9681004 0.02343875 -0.7751181 0.6296346 0.05246192 -0.5525455 0.8319769 0.05008155 -0.2599629 0.9623327 0.07959413 -0.2611234 0.9364857 0.2341138 -0.5230728 0.8158154 0.2466582 -0.2474167 0.9060146 0.3433986 -0.4816519 0.7941061 0.3706846 -0.9913433 0.03216683 -0.127294 -0.9999396 -0.01071196 0.002471983 -0.9743538 -0.1090754 0.1968178 -0.822143 0.4033961 0.401687</float_array>
          <technique_common>
            <accessor source="#FaceBuilderHead_mesh-mesh-normals-array" count="1373" stride="3">
              <param name="X" type="float"/>
              <param name="Y" type="float"/>
              <param name="Z" type="float"/>
            </accessor>
          </technique_common>
        </source>
        <source id="FaceBuilderHead_mesh-mesh-map-0">
          <float_array id="FaceBuilderHead_mesh-mesh-map-0-array" count="16332">0.5317983 0.505441 0.5215429 0.5065515 0.5254961 0.5008679 0.5317983 0.505441 0.5309104 0.5180317 0.5256588 0.5118182 0.5317983 0.505441 0.5312421 0.4915244 0.5378456 0.4954519 0.5317983 0.505441 0.545714 0.5012817 0.538387 0.5121786 0.5309104 0.5180317 0.5221394 0.5194303 0.5256588 0.5118182 0.545714 0.5012817 0.5628141 0.495886 0.5555841 0.5095784 0.538387 0.5121786 0.5555841 0.5095784 0.5469167 0.522082 0.538387 0.5121786 0.5353119 0.526547 0.5309104 0.5180317 0.5246982 0.5237222 0.5353119 0.526547 0.5279422 0.5311679 0.5195205 0.5285767 0.5279422 0.5311679 0.5220086 0.5353095 0.5232213 0.5516387 0.5183232 0.5574594 0.518426 0.5488618 0.520938 0.5657454 0.5302376 0.5670765 0.5273761 0.5723069 0.5679116 0.5568226 0.5639411 0.5529388 0.5662077 0.5499117 0.5585487 0.5279811 0.5458964 0.5334729 0.5469167 0.522082 0.5525014 0.5805619 0.5609132 0.5696343 0.5652984 0.5748455 0.5429034 0.5505687 0.5508972 0.5526522 0.5426896 0.5513029 0.5315825 0.5480046 0.5269666 0.547158 0.5313971 0.5436401 0.5400945 0.5658925 0.5320983 0.56358 0.5328524 0.5620756 0.5628283 0.5555339 0.5651983 0.557333 0.5635376 0.5579381 0.5163612 0.5694472 0.5129971 0.5808469 0.5088518 0.5700947 0.525746 0.552482 0.5291511 0.5516506 0.526949 0.5531856 0.5815852 0.5403844 0.5939311 0.5525349 0.5825717 0.5552223 0.5281918 0.5544983 0.5298511 0.5562321 0.5293506 0.557035 0.5504166 0.5624879 0.5579193 0.5607383 0.5504695 0.5644726 0.5279257 0.5536357 0.5281918 0.5544983 0.5274248 0.5534551 0.5504129 0.5671958 0.5591881 0.5663686 0.5498461 0.5698013 0.5163612 0.5694472 0.5273761 0.5723069 0.524815 0.5804277 0.5244421 0.5424075 0.5162435 0.5385441 0.5220086 0.5353095 0.5283507 0.5499236 0.5232213 0.5516387 0.5269666 0.547158 0.5545877 0.5369411 0.5669458 0.5358863 0.5620831 0.5428534 0.5128716 0.5591021 0.520938 0.5657454 0.5163612 0.5694472 0.5128716 0.5591021 0.5088518 0.5700947 0.5066507 0.5598839 0.5361317 0.5501505 0.5315825 0.5480046 0.5369778 0.5460781 0.5585487 0.5279811 0.5761626 0.5261455 0.5669458 0.5358863 0.5333138 0.5608578 0.5404412 0.5631715 0.5402505 0.5647811 0.537554 0.5409436 0.5447246 0.5451676 0.5369778 0.5460781 0.5504695 0.5644726 0.5580086 0.5620393 0.5504432 0.5657766 0.6534128 0.5664347 0.6590753 0.5448383 0.6643356 0.559628 0.5118198 0.5500384 0.5183232 0.5574594 0.5128716 0.5591021 0.5635376 0.5579381 0.5616256 0.557508 0.5628283 0.5555339 0.5609132 0.5696343 0.5498461 0.5698013 0.5591881 0.5663686 0.5371513 0.5346462 0.5454938 0.540302 0.537554 0.5409436 0.5358496 0.5512141 0.5313039 0.5508801 0.5361317 0.5501505 0.5358496 0.5512141 0.5426896 0.5513029 0.5356061 0.5518756 0.5293611 0.5524921 0.531013 0.5527292 0.5293864 0.5531557 0.5253088 0.5621567 0.5320983 0.56358 0.5302376 0.5670765 0.5532993 0.5424397 0.5620831 0.5428534 0.5602766 0.5469729 0.5183232 0.5574594 0.5253088 0.5621567 0.520938 0.5657454 0.5393344 0.570435 0.5273761 0.5723069 0.5302376 0.5670765 0.5508972 0.5526522 0.5579292 0.5555918 0.5579761 0.556433 0.5269666 0.547158 0.518426 0.5488618 0.5244421 0.5424075 0.5231769 0.5567688 0.5279978 0.5591362 0.5253088 0.5621567 0.5593125 0.5503399 0.5639411 0.5529388 0.5628283 0.5555339 0.5398927 0.5673452 0.5498461 0.5698013 0.5393344 0.570435 0.5279978 0.5591362 0.5328524 0.5620756 0.5320983 0.56358 0.5579761 0.556433 0.5607032 0.5578808 0.5602435 0.5580632 0.5259422 0.5556433 0.526949 0.5531856 0.5274001 0.5550066 0.5293611 0.5524921 0.5279257 0.5536357 0.5274248 0.5534551 0.5328524 0.5620756 0.5402505 0.5647811 0.5400945 0.5658925 0.5586472 0.5641955 0.5615114 0.5593042 0.5630459 0.5600278 0.5291511 0.5516506 0.5311207 0.5520771 0.5293611 0.5524921 0.5274001 0.5550066 0.5293506 0.557035 0.5286856 0.5579384 0.5283507 0.5499236 0.5313039 0.5508801 0.5291511 0.5516506 0.5532993 0.5424397 0.5447246 0.5451676 0.5454938 0.540302 0.5302376 0.5670765 0.5398927 0.5673452 0.5393344 0.570435 0.5504695 0.5644726 0.5404412 0.5631715 0.5504166 0.5624879 0.5369778 0.5460781 0.5313971 0.5436401 0.537554 0.5409436 0.5337022 0.5598658 0.5293506 0.557035 0.5298511 0.5562321 0.5593125 0.5503399 0.5515936 0.550787 0.5525159 0.5467246 0.5644077 0.5610615 0.5586472 0.5641955 0.5630459 0.5600278 0.5274248 0.5534551 0.5274001 0.5550066 0.526949 0.5531856 0.5504432 0.5657766 0.5586472 0.5641955 0.5504129 0.5671958 0.5088518 0.5700947 0.5 0.5797778 0.5 0.570065 0.5579292 0.5555918 0.5616256 0.557508 0.5607032 0.5578808 0.5231769 0.5567688 0.525746 0.552482 0.5259422 0.5556433 0.5333138 0.5608578 0.5286856 0.5579384 0.5293506 0.557035 0.5244421 0.5424075 0.5313971 0.5436401 0.5269666 0.547158 0.5447246 0.5451676 0.5515936 0.550787 0.5433365 0.5493723 0.5502327 0.5743416 0.5391278 0.5833026 0.5384745 0.5756683 0.5384745 0.5756683 0.524815 0.5804277 0.5273761 0.5723069 0.5066507 0.5598839 0.5 0.570065 0.5 0.5602279 0.5502327 0.5743416 0.5393344 0.570435 0.5498461 0.5698013 0.5715253 0.565294 0.5609132 0.5696343 0.5666542 0.5625203 0.5220086 0.5353095 0.5301056 0.5380621 0.5244421 0.5424075 0.5591881 0.5663686 0.5666542 0.5625203 0.5609132 0.5696343 0.5356061 0.5518756 0.5311207 0.5520771 0.5358496 0.5512141 0.5504432 0.5657766 0.5402505 0.5647811 0.5504695 0.5644726 0.5545877 0.5369411 0.5454938 0.540302 0.5458964 0.5334729 0.5504129 0.5671958 0.5400945 0.5658925 0.5504432 0.5657766 0.5301056 0.5380621 0.537554 0.5409436 0.5313971 0.5436401 0.5458964 0.5334729 0.5353119 0.526547 0.5469167 0.522082 0.5259422 0.5556433 0.5286856 0.5579384 0.5279978 0.5591362 0.5433365 0.5493723 0.5369778 0.5460781 0.5447246 0.5451676 0.5429034 0.5505687 0.5361317 0.5501505 0.5433365 0.5493723 0.5602766 0.5469729 0.5525159 0.5467246 0.5532993 0.5424397 0.5433365 0.5493723 0.5511055 0.5518618 0.5429034 0.5505687 0.5371513 0.5346462 0.5279422 0.5311679 0.5353119 0.526547 0.5293611 0.5524921 0.526949 0.5531856 0.5291511 0.5516506 0.5662077 0.5499117 0.5602766 0.5469729 0.5620831 0.5428534 0.5585067 0.5539801 0.5628283 0.5555339 0.5616256 0.557508 0.5714659 0.5460329 0.5620831 0.5428534 0.5669458 0.5358863 0.5930486 0.5345 0.5761626 0.5261455 0.5856367 0.5185459 0.5585487 0.5279811 0.5555841 0.5095784 0.5665186 0.517188 0.5749809 0.5061644 0.5555841 0.5095784 0.5628141 0.495886 0.5856367 0.5185459 0.5665186 0.517188 0.5749809 0.5061644 0.5815852 0.5403844 0.5669458 0.5358863 0.5761626 0.5261455 0.5971447 0.5092249 0.5749809 0.5061644 0.5839812 0.4901503 0.5652984 0.5748455 0.5592169 0.588719 0.5525014 0.5805619 0.6468219 0.5300448 0.6587464 0.5180559 0.6577229 0.5309544 0.5921828 0.591587 0.5900713 0.6174916 0.5764195 0.6060653 0.6056171 0.5297871 0.620388 0.551282 0.6065253 0.5509874 0.6065253 0.5509874 0.5930486 0.5345 0.6056171 0.5297871 0.5206993 0.6259354 0.5 0.6537184 0.5 0.6258621 0.5921828 0.591587 0.589948 0.5706263 0.6029809 0.5725149 0.5732379 0.5563389 0.5799486 0.5685468 0.5715253 0.565294 0.6183158 0.5749132 0.6348134 0.5516996 0.6370421 0.5791186 0.5403096 0.6234099 0.5270382 0.6516463 0.5206993 0.6259354 0.5764195 0.6060653 0.5712289 0.6320099 0.5590339 0.6166791 0.5728005 0.5806443 0.5665835 0.5970939 0.5592169 0.588719 0.5129971 0.5808469 0.5 0.5918443 0.5 0.5797778 0.5391278 0.5833026 0.5287261 0.5934978 0.524815 0.5804277 0.524815 0.5804277 0.5149801 0.592768 0.5129971 0.5808469 0.5525014 0.5805619 0.5435492 0.5927736 0.5391278 0.5833026 0.5435492 0.5927736 0.5338311 0.6057466 0.5287261 0.5934978 0.5149801 0.592768 0.5 0.6054116 0.5 0.5918443 0.5287261 0.5934978 0.5175183 0.6058714 0.5149801 0.592768 0.5592169 0.588719 0.5505533 0.603457 0.5435492 0.5927736 0.5813828 0.5857351 0.5764195 0.6060653 0.5665835 0.5970939 0.5175183 0.6058714 0.5 0.6258621 0.5 0.6054116 0.5338311 0.6057466 0.5206993 0.6259354 0.5175183 0.6058714 0.5665835 0.5970939 0.5590339 0.6166791 0.5505533 0.603457 0.5505533 0.603457 0.5403096 0.6234099 0.5338311 0.6057466 0.5511055 0.5518618 0.5585067 0.5539801 0.5579292 0.5555918 0.5715253 0.565294 0.5728005 0.5806443 0.5652984 0.5748455 0.6056171 0.5297871 0.5856367 0.5185459 0.5971447 0.5092249 0.6185407 0.5275765 0.5971447 0.5092249 0.6117922 0.4977228 0.6473831 0.5133767 0.6328801 0.5291075 0.6318322 0.5082427 0.6223426 0.6064267 0.6183158 0.5749132 0.6370421 0.5791186 0.5590339 0.6166791 0.550598 0.6437543 0.5403096 0.6234099 0.5799486 0.5685468 0.5813828 0.5857351 0.5728005 0.5806443 0.6318322 0.5082427 0.6185407 0.5275765 0.6117922 0.4977228 0.5580086 0.5620393 0.5606995 0.5590643 0.5615114 0.5593042 0.5579193 0.5607383 0.5602606 0.5589403 0.5606995 0.5590643 0.5602435 0.5580632 0.5608004 0.558475 0.5603124 0.5584856 0.5715253 0.565294 0.5679116 0.5568226 0.5732379 0.5563389 0.5618332 0.5584337 0.5607032 0.5578808 0.5616256 0.557508 0.620388 0.551282 0.6328801 0.5291075 0.6348134 0.5516996 0.6062943 0.5978893 0.6059544 0.6302579 0.5900713 0.6174916 0.6348134 0.5516996 0.6468219 0.5300448 0.6486817 0.5479208 0.5900713 0.6174916 0.5871316 0.6485117 0.5712289 0.6320099 0.6062943 0.5978893 0.6029809 0.5725149 0.6183158 0.5749132 0.550598 0.6437543 0.536527 0.6786818 0.5270382 0.6516463 0.5270382 0.6516463 0.5 0.6847521 0.5 0.6537184 0.5712289 0.6320099 0.5651538 0.6655637 0.550598 0.6437543 0.5615114 0.5593042 0.5608004 0.558475 0.5618332 0.5584337 0.5732379 0.5563389 0.5662077 0.5499117 0.5714659 0.5460329 0.6577229 0.5309544 0.6486817 0.5479208 0.6468219 0.5300448 0.5714659 0.5460329 0.5825717 0.5552223 0.5732379 0.5563389 0.6029809 0.5725149 0.5939311 0.5525349 0.6065253 0.5509874 0.6065253 0.5509874 0.6183158 0.5749132 0.6029809 0.5725149 0.5630459 0.5600278 0.5618332 0.5584337 0.5635376 0.5579381 0.5825717 0.5552223 0.589948 0.5706263 0.5799486 0.5685468 0.5635376 0.5579381 0.5644077 0.5610615 0.5630459 0.5600278 0.5666542 0.5625203 0.5651983 0.557333 0.5679116 0.5568226 0.5603124 0.5584856 0.5606995 0.5590643 0.5602606 0.5589403 0.6348134 0.5516996 0.6534128 0.5664347 0.6370421 0.5791186 0.4745039 0.5008679 0.4743412 0.5118182 0.4682018 0.505441 0.4690896 0.5180317 0.4682018 0.505441 0.4743412 0.5118182 0.4687579 0.4915244 0.4682018 0.505441 0.4621544 0.4954519 0.4616131 0.5121786 0.4621544 0.4954519 0.4682018 0.505441 0.4778606 0.5194303 0.4690896 0.5180317 0.4743412 0.5118182 0.454286 0.5012817 0.4371859 0.495886 0.4486184 0.487601 0.4444159 0.5095784 0.4616131 0.5121786 0.4530833 0.522082 0.4646881 0.526547 0.4616131 0.5121786 0.4690896 0.5180317 0.4753018 0.5237222 0.4646881 0.526547 0.4690896 0.5180317 0.4804795 0.5285767 0.4720578 0.5311679 0.4753018 0.5237222 0.4816768 0.5574594 0.4767787 0.5516387 0.481574 0.5488618 0.4697624 0.5670765 0.479062 0.5657454 0.4726239 0.5723069 0.4320884 0.5568226 0.4360589 0.5529388 0.4348017 0.557333 0.4414513 0.5279811 0.4541037 0.5334729 0.4454123 0.5369411 0.4474986 0.5805619 0.4390868 0.5696343 0.4497674 0.5743416 0.4491028 0.5526522 0.4570966 0.5505687 0.4573104 0.5513029 0.4684175 0.5480046 0.4730334 0.547158 0.4716493 0.5499236 0.4679017 0.56358 0.4599055 0.5658925 0.4671477 0.5620756 0.4348017 0.557333 0.4371718 0.5555339 0.4364624 0.5579381 0.4870029 0.5808469 0.4836388 0.5694472 0.4911482 0.5700947 0.4708489 0.5516506 0.474254 0.552482 0.473051 0.5531856 0.4060689 0.5525349 0.4184148 0.5403844 0.4174283 0.5552223 0.4701489 0.5562321 0.4718083 0.5544983 0.4706494 0.557035 0.4420807 0.5607383 0.4495834 0.5624879 0.4495306 0.5644726 0.4720743 0.5536357 0.4718083 0.5544983 0.471291 0.5543798 0.4408119 0.5663686 0.4495871 0.5671958 0.450154 0.5698013 0.4726239 0.5723069 0.4836388 0.5694472 0.475185 0.5804277 0.4837566 0.5385441 0.4755579 0.5424075 0.4779914 0.5353095 0.4716493 0.5499236 0.4767787 0.5516387 0.474254 0.552482 0.4330542 0.5358863 0.4454123 0.5369411 0.4379169 0.5428534 0.479062 0.5657454 0.4871284 0.5591021 0.4836388 0.5694472 0.4871284 0.5591021 0.4911482 0.5700947 0.4836388 0.5694472 0.4684175 0.5480046 0.4638683 0.5501505 0.4630222 0.5460781 0.4330542 0.5358863 0.4334814 0.517188 0.4414513 0.5279811 0.4595588 0.5631715 0.4666863 0.5608578 0.4597495 0.5647811 0.462446 0.5409436 0.4552754 0.5451676 0.4545062 0.540302 0.4495306 0.5644726 0.4419914 0.5620393 0.4420807 0.5607383 0.3356645 0.559628 0.3513184 0.5479208 0.3465873 0.5664347 0.4881802 0.5500384 0.4816768 0.5574594 0.481574 0.5488618 0.4364624 0.5579381 0.4383744 0.557508 0.4381669 0.5584337 0.450154 0.5698013 0.4390868 0.5696343 0.4408119 0.5663686 0.4545062 0.540302 0.4628487 0.5346462 0.462446 0.5409436 0.4686961 0.5508801 0.4641504 0.5512141 0.4638683 0.5501505 0.4641504 0.5512141 0.4573104 0.5513029 0.4570966 0.5505687 0.4706389 0.5524921 0.4689871 0.5527292 0.4688794 0.5520771 0.4746912 0.5621567 0.4679017 0.56358 0.4720022 0.5591362 0.4467007 0.5424397 0.4379169 0.5428534 0.4454123 0.5369411 0.4746912 0.5621567 0.4816768 0.5574594 0.479062 0.5657454 0.4606656 0.570435 0.4726239 0.5723069 0.4615256 0.5756683 0.4491028 0.5526522 0.4420709 0.5555918 0.4488945 0.5518618 0.481574 0.5488618 0.4730334 0.547158 0.4755579 0.5424075 0.4720022 0.5591362 0.4768232 0.5567688 0.4746912 0.5621567 0.4360589 0.5529388 0.4406875 0.5503399 0.4371718 0.5555339 0.450154 0.5698013 0.4601073 0.5673452 0.4606656 0.570435 0.4671477 0.5620756 0.4720022 0.5591362 0.4679017 0.56358 0.4392968 0.5578808 0.4420239 0.556433 0.4397565 0.5580632 0.473051 0.5531856 0.4740579 0.5556433 0.4725999 0.5550066 0.4725752 0.5534551 0.4706137 0.5531557 0.4706389 0.5524921 0.4671477 0.5620756 0.4597495 0.5647811 0.4666863 0.5608578 0.4369542 0.5600278 0.4419914 0.5620393 0.4413528 0.5641955 0.4688794 0.5520771 0.4708489 0.5516506 0.4706389 0.5524921 0.4706494 0.557035 0.4725999 0.5550066 0.4713144 0.5579384 0.4686961 0.5508801 0.4716493 0.5499236 0.4708489 0.5516506 0.4552754 0.5451676 0.4467007 0.5424397 0.4545062 0.540302 0.4601073 0.5673452 0.4697624 0.5670765 0.4606656 0.570435 0.4495834 0.5624879 0.4597495 0.5647811 0.4495306 0.5644726 0.468603 0.5436401 0.4630222 0.5460781 0.462446 0.5409436 0.4706494 0.557035 0.4662978 0.5598658 0.4701489 0.5562321 0.4406875 0.5503399 0.4484065 0.550787 0.4414933 0.5539801 0.4413528 0.5641955 0.4355924 0.5610615 0.4369542 0.5600278 0.4725752 0.5534551 0.4725999 0.5550066 0.4718083 0.5544983 0.4413528 0.5641955 0.4495568 0.5657766 0.4495871 0.5671958 0.5 0.5797778 0.4911482 0.5700947 0.5 0.570065 0.4383744 0.557508 0.4420709 0.5555918 0.4392968 0.5578808 0.4768232 0.5567688 0.474254 0.552482 0.4767787 0.5516387 0.4666863 0.5608578 0.4713144 0.5579384 0.4671477 0.5620756 0.4755579 0.5424075 0.468603 0.5436401 0.4698944 0.5380621 0.4552754 0.5451676 0.4484065 0.550787 0.4474841 0.5467246 0.4497674 0.5743416 0.4608722 0.5833026 0.4474986 0.5805619 0.475185 0.5804277 0.4615256 0.5756683 0.4726239 0.5723069 0.5 0.570065 0.4933493 0.5598839 0.5 0.5602279 0.4606656 0.570435 0.4497674 0.5743416 0.450154 0.5698013 0.4390868 0.5696343 0.4284747 0.565294 0.4333458 0.5625203 0.4698944 0.5380621 0.4779914 0.5353095 0.4755579 0.5424075 0.4408119 0.5663686 0.4333458 0.5625203 0.4355924 0.5610615 0.4643939 0.5518756 0.4688794 0.5520771 0.4689871 0.5527292 0.4495568 0.5657766 0.4597495 0.5647811 0.4599055 0.5658925 0.4545062 0.540302 0.4454123 0.5369411 0.4541037 0.5334729 0.4495871 0.5671958 0.4599055 0.5658925 0.4601073 0.5673452 0.462446 0.5409436 0.4698944 0.5380621 0.468603 0.5436401 0.4541037 0.5334729 0.4646881 0.526547 0.4628487 0.5346462 0.4713144 0.5579384 0.4740579 0.5556433 0.4720022 0.5591362 0.4566635 0.5493723 0.4630222 0.5460781 0.4638683 0.5501505 0.4570966 0.5505687 0.4638683 0.5501505 0.4641504 0.5512141 0.4474841 0.5467246 0.4397234 0.5469729 0.4467007 0.5424397 0.4566635 0.5493723 0.4488945 0.5518618 0.4484065 0.550787 0.4720578 0.5311679 0.4628487 0.5346462 0.4646881 0.526547 0.4706389 0.5524921 0.473051 0.5531856 0.4725752 0.5534551 0.4397234 0.5469729 0.4337923 0.5499117 0.4379169 0.5428534 0.4414933 0.5539801 0.4371718 0.5555339 0.4406875 0.5503399 0.4379169 0.5428534 0.4285342 0.5460329 0.4330542 0.5358863 0.4238374 0.5261455 0.4069514 0.5345 0.4143633 0.5185459 0.4444159 0.5095784 0.4414513 0.5279811 0.4334814 0.517188 0.4371859 0.495886 0.4334814 0.517188 0.4250191 0.5061644 0.4250191 0.5061644 0.4238374 0.5261455 0.4143633 0.5185459 0.4184148 0.5403844 0.4330542 0.5358863 0.4285342 0.5460329 0.4028553 0.5092249 0.4250191 0.5061644 0.4143633 0.5185459 0.4347016 0.5748455 0.4407832 0.588719 0.4271995 0.5806443 0.3412536 0.5180559 0.3531782 0.5300448 0.3422771 0.5309544 0.4099287 0.6174916 0.4078172 0.591587 0.4235805 0.6060653 0.379612 0.551282 0.394383 0.5297871 0.3934747 0.5509874 0.3934747 0.5509874 0.4069514 0.5345 0.4060689 0.5525349 0.5 0.6537184 0.4793007 0.6259354 0.5 0.6258621 0.410052 0.5706263 0.4078172 0.591587 0.3970192 0.5725149 0.4267621 0.5563389 0.4200514 0.5685468 0.4174283 0.5552223 0.3816842 0.5749132 0.3651866 0.5516996 0.379612 0.551282 0.4729619 0.6516463 0.4596905 0.6234099 0.4793007 0.6259354 0.4287711 0.6320099 0.4235805 0.6060653 0.4409661 0.6166791 0.4271995 0.5806443 0.4334165 0.5970939 0.4186172 0.5857351 0.5 0.5918443 0.4870029 0.5808469 0.5 0.5797778 0.471274 0.5934978 0.4608722 0.5833026 0.475185 0.5804277 0.4850199 0.592768 0.475185 0.5804277 0.4870029 0.5808469 0.4564508 0.5927736 0.4474986 0.5805619 0.4608722 0.5833026 0.4661689 0.6057466 0.4564508 0.5927736 0.471274 0.5934978 0.5 0.6054116 0.4850199 0.592768 0.5 0.5918443 0.4824817 0.6058714 0.471274 0.5934978 0.4850199 0.592768 0.4494467 0.603457 0.4407832 0.588719 0.4564508 0.5927736 0.4186172 0.5857351 0.4235805 0.6060653 0.4078172 0.591587 0.5 0.6258621 0.4824817 0.6058714 0.5 0.6054116 0.4793007 0.6259354 0.4661689 0.6057466 0.4824817 0.6058714 0.4409661 0.6166791 0.4334165 0.5970939 0.4494467 0.603457 0.4596905 0.6234099 0.4494467 0.603457 0.4661689 0.6057466 0.4488945 0.5518618 0.4414933 0.5539801 0.4484065 0.550787 0.4271995 0.5806443 0.4284747 0.565294 0.4347016 0.5748455 0.4143633 0.5185459 0.394383 0.5297871 0.4028553 0.5092249 0.4028553 0.5092249 0.3814593 0.5275765 0.3882078 0.4977228 0.3526169 0.5133767 0.3671199 0.5291075 0.3531782 0.5300448 0.3816842 0.5749132 0.3776574 0.6064267 0.362958 0.5791186 0.449402 0.6437543 0.4409661 0.6166791 0.4596905 0.6234099 0.4200514 0.5685468 0.4186172 0.5857351 0.410052 0.5706263 0.3814593 0.5275765 0.3681678 0.5082427 0.3882078 0.4977228 0.4419914 0.5620393 0.4393005 0.5590643 0.4420807 0.5607383 0.4420807 0.5607383 0.4397394 0.5589403 0.4418674 0.559648 0.4391996 0.558475 0.4397565 0.5580632 0.4396876 0.5584856 0.4320884 0.5568226 0.4284747 0.565294 0.4267621 0.5563389 0.4381669 0.5584337 0.4392968 0.5578808 0.4391996 0.558475 0.3671199 0.5291075 0.379612 0.551282 0.3651866 0.5516996 0.3940456 0.6302579 0.3937057 0.5978893 0.4099287 0.6174916 0.3513184 0.5479208 0.3671199 0.5291075 0.3651866 0.5516996 0.4128684 0.6485117 0.4099287 0.6174916 0.4287711 0.6320099 0.3970192 0.5725149 0.3937057 0.5978893 0.3816842 0.5749132 0.463473 0.6786818 0.449402 0.6437543 0.4729619 0.6516463 0.5 0.6847521 0.4729619 0.6516463 0.5 0.6537184 0.4348462 0.6655637 0.4287711 0.6320099 0.449402 0.6437543 0.4384886 0.5593042 0.4391996 0.558475 0.4393005 0.5590643 0.4337923 0.5499117 0.4267621 0.5563389 0.4285342 0.5460329 0.3531782 0.5300448 0.3409247 0.5448383 0.3422771 0.5309544 0.4285342 0.5460329 0.4174283 0.5552223 0.4184148 0.5403844 0.3970192 0.5725149 0.4060689 0.5525349 0.410052 0.5706263 0.3816842 0.5749132 0.3934747 0.5509874 0.3970192 0.5725149 0.4369542 0.5600278 0.4381669 0.5584337 0.4384886 0.5593042 0.410052 0.5706263 0.4174283 0.5552223 0.4200514 0.5685468 0.4355924 0.5610615 0.4364624 0.5579381 0.4369542 0.5600278 0.4333458 0.5625203 0.4348017 0.557333 0.4355924 0.5610615 0.4393005 0.5590643 0.4396876 0.5584856 0.4397394 0.5589403 0.3465873 0.5664347 0.3651866 0.5516996 0.362958 0.5791186 0.5220138 0.5134966 0.5175961 0.5117394 0.5195445 0.5089466 0.5099173 0.517516 0.5154911 0.5181176 0.5109384 0.5203056 0.5246982 0.5237222 0.5179008 0.5240796 0.5221394 0.5194303 0.5 0.5048902 0.503138 0.5075715 0.5 0.5083373 0.507223 0.5049521 0.5037561 0.5020039 0.5076089 0.5019262 0.5172482 0.5223892 0.5124544 0.5219017 0.5164593 0.5205001 0.5017127 0.5158169 0.5037764 0.5173171 0.5018383 0.5176767 0.5067647 0.5190533 0.5037764 0.5173171 0.5048837 0.5160925 0.5 0.5083373 0.502285 0.5108259 0.5 0.5114184 0.5030972 0.5247262 0.5056244 0.522052 0.5067638 0.5245396 0.5018383 0.5176767 0.5045914 0.5194429 0.5020405 0.5196083 0.5117883 0.51362 0.5084874 0.5137128 0.5096435 0.5118055 0.5020405 0.5196083 0.5 0.5179633 0.5018383 0.5176767 0.5036556 0.5047501 0.5 0.5019252 0.5037561 0.5020039 0.5175961 0.5117394 0.5151442 0.506527 0.5195445 0.5089466 0.5030972 0.5247262 0.5 0.5282686 0.5 0.5244982 0.5036556 0.5047501 0.5061705 0.5073661 0.503138 0.5075715 0.5124544 0.5219017 0.5154911 0.5181176 0.5164593 0.5205001 0.5139344 0.5150181 0.5133222 0.5092079 0.5175961 0.5117394 0.5020604 0.5137035 0.5 0.5114184 0.502285 0.5108259 0.5045914 0.5194429 0.5024822 0.5220275 0.5020405 0.5196083 0.5195445 0.5089466 0.5167792 0.5030264 0.5215429 0.5065515 0.5018383 0.5176767 0.5 0.5162512 0.5017127 0.5158169 0.5 0.5244982 0.5024822 0.5220275 0.5030972 0.5247262 0.5221394 0.5194303 0.5220138 0.5134966 0.5256588 0.5118182 0.5086365 0.5157122 0.5067647 0.5190533 0.5048837 0.5160925 0.5195741 0.5146988 0.5213351 0.5183832 0.5197057 0.5177382 0.5108446 0.5241949 0.5079461 0.5277836 0.5067638 0.5245396 0.5122821 0.5269156 0.5172482 0.5223892 0.5179008 0.5240796 0.5195741 0.5146988 0.5139344 0.5150181 0.5175961 0.5117394 0.5056244 0.522052 0.5067647 0.5190533 0.5077276 0.5218256 0.5117883 0.51362 0.5099173 0.517516 0.5086365 0.5157122 0.5067647 0.5190533 0.5109384 0.5203056 0.5077276 0.5218256 0.5172482 0.5223892 0.5197057 0.5177382 0.5213351 0.5183832 0.5113855 0.5053926 0.5133222 0.5092079 0.5105373 0.5080561 0.5108446 0.5241949 0.5109384 0.5203056 0.5124544 0.5219017 0.5031619 0.5156783 0.5048837 0.5160925 0.5037764 0.5173171 0.5067638 0.5245396 0.5036317 0.5282098 0.5030972 0.5247262 0.5151442 0.506527 0.5120858 0.5020242 0.5167792 0.5030264 0.5077276 0.5218256 0.5067638 0.5245396 0.5056244 0.522052 0.503138 0.5075715 0.5040365 0.510691 0.502285 0.5108259 0.5036317 0.5282098 0.5 0.5339318 0.5 0.5282686 0.5221394 0.5194303 0.5172482 0.5223892 0.5213351 0.5183832 0.5256588 0.5118182 0.5195445 0.5089466 0.5215429 0.5065515 0.5092365 0.532949 0.5122821 0.5269156 0.514006 0.5315581 0.5179008 0.5240796 0.514006 0.5315581 0.5122821 0.5269156 0.5079461 0.5277836 0.5043385 0.533734 0.5036317 0.5282098 0.5113855 0.5053926 0.5076089 0.5019262 0.5120858 0.5020242 0.5 0.5220377 0.5020405 0.5196083 0.5024822 0.5220275 0.5197057 0.5177382 0.5154911 0.5181176 0.5195741 0.5146988 0.514006 0.5315581 0.5220086 0.5353095 0.5162435 0.5385441 0.514006 0.5315581 0.5105044 0.5401887 0.5092365 0.532949 0.5092365 0.532949 0.5050386 0.5410546 0.5043385 0.533734 0.5 0.5412672 0.5043385 0.533734 0.5050386 0.5410546 0.5 0.5499686 0.5050386 0.5410546 0.5057974 0.5496506 0.5057974 0.5496506 0.5 0.5602279 0.5 0.5499686 0.5105044 0.5401887 0.5057974 0.5496506 0.5050386 0.5410546 0.5162435 0.5385441 0.5118198 0.5500384 0.5105044 0.5401887 0.5118198 0.5500384 0.5066507 0.5598839 0.5057974 0.5496506 0.5105373 0.5080561 0.5074243 0.5093342 0.5061705 0.5073661 0.5117883 0.51362 0.5103675 0.5103328 0.5133222 0.5092079 0.5086365 0.5157122 0.506788 0.5138832 0.5084874 0.5137128 0.5040365 0.510691 0.5062219 0.5125389 0.5036545 0.5140374 0.5105373 0.5080561 0.5103675 0.5103328 0.5091989 0.5095636 0.5061705 0.5073661 0.5061709 0.5107559 0.5040365 0.510691 0.507223 0.5049521 0.5105373 0.5080561 0.5061705 0.5073661 0.5017127 0.5158169 0.5 0.5140524 0.5020604 0.5137035 0.502285 0.5108259 0.5036545 0.5140374 0.5020604 0.5137035 0.5020604 0.5137035 0.5031619 0.5156783 0.5017127 0.5158169 0.5036545 0.5140374 0.506788 0.5138832 0.5048837 0.5160925 0.5096435 0.5118055 0.5091989 0.5095636 0.5103675 0.5103328 0.5096435 0.5118055 0.5061709 0.5107559 0.5074243 0.5093342 0.5084874 0.5137128 0.5062219 0.5125389 0.5061709 0.5107559 0.4824039 0.5117394 0.4779862 0.5134966 0.4804555 0.5089466 0.4845089 0.5181176 0.4900827 0.517516 0.4890616 0.5203056 0.4820992 0.5240796 0.4753018 0.5237222 0.4778606 0.5194303 0.5 0.5048902 0.496862 0.5075715 0.4963445 0.5047501 0.496244 0.5020039 0.4927771 0.5049521 0.4923911 0.5019262 0.4875456 0.5219017 0.4827518 0.5223892 0.4835407 0.5205001 0.4982873 0.5158169 0.4962236 0.5173171 0.4968381 0.5156783 0.4932353 0.5190533 0.4962236 0.5173171 0.4954086 0.5194429 0.5 0.5083373 0.497715 0.5108259 0.496862 0.5075715 0.4969028 0.5247262 0.4943757 0.522052 0.4975178 0.5220275 0.4981617 0.5176767 0.4954086 0.5194429 0.4962236 0.5173171 0.4882118 0.51362 0.4915127 0.5137128 0.4913635 0.5157122 0.4979595 0.5196083 0.5 0.5179633 0.5 0.5196895 0.5 0.5019252 0.4963445 0.5047501 0.496244 0.5020039 0.4824039 0.5117394 0.4848558 0.506527 0.4866778 0.5092079 0.5 0.5282686 0.4969028 0.5247262 0.5 0.5244982 0.4963445 0.5047501 0.4938296 0.5073661 0.4927771 0.5049521 0.4875456 0.5219017 0.4845089 0.5181176 0.4890616 0.5203056 0.4860656 0.5150181 0.4866778 0.5092079 0.4882118 0.51362 0.4979396 0.5137035 0.5 0.5114184 0.5 0.5140524 0.4954086 0.5194429 0.4975178 0.5220275 0.4943757 0.522052 0.4804555 0.5089466 0.4832208 0.5030264 0.4848558 0.506527 0.5 0.5162512 0.4981617 0.5176767 0.4982873 0.5158169 0.4975178 0.5220275 0.5 0.5244982 0.4969028 0.5247262 0.4779862 0.5134966 0.4778606 0.5194303 0.4743412 0.5118182 0.4913635 0.5157122 0.4932353 0.5190533 0.4900827 0.517516 0.4786649 0.5183832 0.480426 0.5146988 0.4802944 0.5177382 0.4920539 0.5277836 0.4891554 0.5241949 0.4932363 0.5245396 0.4827518 0.5223892 0.4877179 0.5269156 0.4820992 0.5240796 0.4860656 0.5150181 0.480426 0.5146988 0.4824039 0.5117394 0.4932353 0.5190533 0.4943757 0.522052 0.4922724 0.5218256 0.4900827 0.517516 0.4882118 0.51362 0.4913635 0.5157122 0.4890616 0.5203056 0.4932353 0.5190533 0.4922724 0.5218256 0.4802944 0.5177382 0.4827518 0.5223892 0.4786649 0.5183832 0.4866778 0.5092079 0.4886146 0.5053926 0.4894627 0.5080561 0.4890616 0.5203056 0.4891554 0.5241949 0.4875456 0.5219017 0.4968381 0.5156783 0.4951163 0.5160925 0.4963455 0.5140374 0.4963684 0.5282098 0.4932363 0.5245396 0.4969028 0.5247262 0.4848558 0.506527 0.4879142 0.5020242 0.4886146 0.5053926 0.4922724 0.5218256 0.4932363 0.5245396 0.4891554 0.5241949 0.496862 0.5075715 0.4959635 0.510691 0.4938296 0.5073661 0.5 0.5339318 0.4963684 0.5282098 0.5 0.5282686 0.4778606 0.5194303 0.4827518 0.5223892 0.4820992 0.5240796 0.4804555 0.5089466 0.4743412 0.5118182 0.4784572 0.5065515 0.4877179 0.5269156 0.4907636 0.532949 0.485994 0.5315581 0.485994 0.5315581 0.4820992 0.5240796 0.4877179 0.5269156 0.4920539 0.5277836 0.4956615 0.533734 0.4907636 0.532949 0.4886146 0.5053926 0.4923911 0.5019262 0.4927771 0.5049521 0.5 0.5220377 0.4979595 0.5196083 0.5 0.5196895 0.4845089 0.5181176 0.4802944 0.5177382 0.480426 0.5146988 0.485994 0.5315581 0.4779914 0.5353095 0.4804795 0.5285767 0.4894956 0.5401887 0.485994 0.5315581 0.4907636 0.532949 0.4949615 0.5410546 0.4907636 0.532949 0.4956615 0.533734 0.5 0.5412672 0.4956615 0.533734 0.5 0.5339318 0.4942026 0.5496506 0.5 0.5412672 0.5 0.5499686 0.5 0.5602279 0.4942026 0.5496506 0.5 0.5499686 0.4942026 0.5496506 0.4894956 0.5401887 0.4949615 0.5410546 0.4881802 0.5500384 0.4837566 0.5385441 0.4894956 0.5401887 0.4933493 0.5598839 0.4881802 0.5500384 0.4942026 0.5496506 0.4925757 0.5093342 0.4894627 0.5080561 0.4938296 0.5073661 0.4896325 0.5103328 0.4882118 0.51362 0.4866778 0.5092079 0.4913635 0.5157122 0.4932121 0.5138832 0.4951163 0.5160925 0.4937781 0.5125389 0.4959635 0.510691 0.4963455 0.5140374 0.4894627 0.5080561 0.4896325 0.5103328 0.4866778 0.5092079 0.4938291 0.5107559 0.4938296 0.5073661 0.4959635 0.510691 0.4894627 0.5080561 0.4927771 0.5049521 0.4938296 0.5073661 0.5 0.5140524 0.4982873 0.5158169 0.4979396 0.5137035 0.497715 0.5108259 0.4963455 0.5140374 0.4959635 0.510691 0.4979396 0.5137035 0.4968381 0.5156783 0.4963455 0.5140374 0.4932121 0.5138832 0.4963455 0.5140374 0.4951163 0.5160925 0.4908012 0.5095636 0.4903565 0.5118055 0.4896325 0.5103328 0.4903565 0.5118055 0.4938291 0.5107559 0.4915127 0.5137128 0.4915127 0.5137128 0.4937781 0.5125389 0.4932121 0.5138832 0.5262318 0.4719398 0.5305867 0.4641919 0.5278473 0.4743714 0.5418087 0.4534912 0.5500141 0.4396027 0.554123 0.45532 0.5046344 0.487158 0.5 0.4839386 0.5043632 0.4835022 0.5155072 0.4811915 0.5216162 0.4793077 0.5163729 0.4846273 0.5106875 0.4885263 0.5173225 0.4893086 0.5112963 0.4924322 0.5096564 0.4813467 0.5155072 0.4811915 0.5101749 0.484771 0.5243632 0.4684398 0.5275025 0.4637136 0.5251473 0.4700428 0.5210927 0.4515185 0.5254265 0.4583182 0.5197043 0.4533776 0.5183421 0.470821 0.5236265 0.4669824 0.5187241 0.471988 0.5 0.4389247 0.5044901 0.4443663 0.5 0.4440277 0.5178795 0.457029 0.5245596 0.4590957 0.5237359 0.4599092 0.5278473 0.4743714 0.5216162 0.4793077 0.5262318 0.4719398 0.5 0.4494411 0.5043672 0.4469901 0.5042017 0.4500046 0.5275025 0.4637136 0.5264805 0.4574789 0.528886 0.4639019 0.5095603 0.4479833 0.5042017 0.4500046 0.5043672 0.4469901 0.5130555 0.4743569 0.5089721 0.4779412 0.5086956 0.4767004 0.5100663 0.4453139 0.5053873 0.4397717 0.5113027 0.4415621 0.5197043 0.4533776 0.5245596 0.4590957 0.5187221 0.4550489 0.526468 0.4635924 0.5254265 0.4583182 0.5275025 0.4637136 0.5106875 0.4885263 0.5046344 0.487158 0.5101749 0.484771 0.528886 0.4639019 0.5251473 0.4700428 0.5275025 0.4637136 0.5136455 0.4523943 0.5197043 0.4533776 0.5187221 0.4550489 0.5043672 0.4469901 0.5100663 0.4453139 0.5095603 0.4479833 0.5230609 0.4830639 0.5163729 0.4846273 0.5216162 0.4793077 0.5197043 0.4533776 0.5155527 0.4475809 0.5210927 0.4515185 0.5 0.492923 0.5049533 0.4911244 0.5051149 0.49463 0.554123 0.45532 0.5694357 0.4447817 0.5705973 0.4609956 0.5210927 0.4515185 0.5172186 0.4449318 0.522763 0.4500257 0.5 0.4464188 0.5044901 0.4443663 0.5043672 0.4469901 0.5 0.4902786 0.5046344 0.487158 0.5049533 0.4911244 0.528886 0.4639019 0.5276713 0.4566839 0.5305867 0.4641919 0.5 0.4797286 0.5043632 0.4835022 0.5 0.4839386 0.520534 0.4764755 0.5144986 0.4781975 0.5195187 0.4742006 0.5236265 0.4669824 0.526468 0.4635924 0.5243632 0.4684398 0.5042017 0.4500046 0.5 0.4532034 0.5 0.4494411 0.5134286 0.4756073 0.5183421 0.470821 0.5187241 0.471988 0.5187241 0.471988 0.5243632 0.4684398 0.5195187 0.4742006 0.5237359 0.4599092 0.524374 0.463377 0.523019 0.4610326 0.5177096 0.4581952 0.5237359 0.4599092 0.523019 0.4610326 0.512799 0.4550785 0.5083894 0.455258 0.5086161 0.4540857 0.5195187 0.4742006 0.5251473 0.4700428 0.520534 0.4764755 0.5236265 0.4669824 0.524374 0.463377 0.5254602 0.4634798 0.5086161 0.4540857 0.50418 0.4549445 0.5041742 0.4535023 0.5136455 0.4523943 0.5086161 0.4540857 0.5090826 0.4507812 0.5096564 0.4813467 0.5041832 0.4794117 0.5089721 0.4779412 0.5041742 0.4535023 0.5 0.4547015 0.5 0.4532034 0.512799 0.4550785 0.5187221 0.4550489 0.5178795 0.457029 0.5245596 0.4590957 0.5254602 0.4634798 0.5237359 0.4599092 0.5134286 0.4756073 0.5195187 0.4742006 0.5144986 0.4781975 0.5378476 0.4661978 0.5418236 0.4825851 0.5352244 0.4795966 0.5112963 0.4924322 0.5071727 0.4984759 0.5051149 0.49463 0.5347754 0.4535875 0.5369396 0.4417102 0.5418087 0.4534912 0.529209 0.4325667 0.5298409 0.4446863 0.5235244 0.4366014 0.5332588 0.4647402 0.5352244 0.4795966 0.5306681 0.4772467 0.5401887 0.4252238 0.5369396 0.4417102 0.529209 0.4325667 0.5378456 0.4954519 0.5352244 0.4795966 0.5418236 0.4825851 0.5306681 0.4772467 0.5312421 0.4915244 0.5261617 0.4881099 0.5298409 0.4446863 0.5304097 0.455107 0.5256007 0.4476073 0.518503 0.4268199 0.5235244 0.4366014 0.5156677 0.432089 0.5156677 0.432089 0.5199949 0.440979 0.513185 0.4368394 0.5034583 0.4991355 0.5076089 0.5019262 0.5037561 0.5020039 0.5087531 0.4238646 0.5 0.4176393 0.5102385 0.4179015 0.5261617 0.4881099 0.5254961 0.5008679 0.5190854 0.4966937 0.5276713 0.4566839 0.5256007 0.4476073 0.5304097 0.455107 0.5230609 0.4830639 0.5306681 0.4772467 0.5261617 0.4881099 0.5378456 0.4954519 0.5513816 0.487601 0.545714 0.5012817 0.5418087 0.4534912 0.5378476 0.4661978 0.5347754 0.4535875 0.518503 0.4268199 0.5102385 0.4179015 0.522392 0.420289 0.5113027 0.4415621 0.5064166 0.4347599 0.513185 0.4368394 0.5443216 0.4678589 0.554123 0.45532 0.5551015 0.4706892 0.5029228 0.4966223 0.5 0.498993 0.5 0.495864 0.5229122 0.4121439 0.5108109 0.4042662 0.5218366 0.4038507 0.5254961 0.5008679 0.5167792 0.5030264 0.5190854 0.4966937 0.512409 0.497516 0.5167792 0.5030264 0.5120858 0.5020242 0.522392 0.420289 0.5395029 0.4132718 0.5401887 0.4252238 0.5235244 0.4366014 0.5256007 0.4476073 0.5199949 0.440979 0.5347754 0.4535875 0.5332588 0.4647402 0.5304097 0.455107 0.5418236 0.4825851 0.5551015 0.4706892 0.5513816 0.487601 0.5173225 0.4893086 0.512409 0.497516 0.5112963 0.4924322 0.5199949 0.440979 0.522763 0.4500257 0.5172186 0.4449318 0.5261617 0.4881099 0.5173225 0.4893086 0.5230609 0.4830639 0.5 0.5019252 0.5034583 0.4991355 0.5037561 0.5020039 0.5064166 0.4347599 0.5 0.4288731 0.5074702 0.429688 0.522763 0.4500257 0.5264805 0.4574789 0.5210927 0.4515185 0.5332588 0.4647402 0.5278473 0.4743714 0.5305867 0.4641919 0.5172186 0.4449318 0.513185 0.4368394 0.5199949 0.440979 0.5051149 0.49463 0.5034583 0.4991355 0.5029228 0.4966223 0.5053873 0.4397717 0.5 0.4340486 0.5064166 0.4347599 0.5 0.492923 0.5029228 0.4966223 0.5 0.495864 0.5367047 0.400854 0.5205135 0.3967384 0.5296444 0.3901087 0.5395029 0.4132718 0.5594052 0.3978595 0.5659193 0.416105 0.5 0.4112395 0.5102385 0.4179015 0.5 0.4176393 0.5500141 0.4396027 0.5682212 0.4311723 0.5694357 0.4447817 0.5102385 0.4179015 0.5229122 0.4121439 0.522392 0.420289 0.5401887 0.4252238 0.5659193 0.416105 0.5682212 0.4311723 0.5551015 0.4706892 0.5705973 0.4609956 0.569114 0.4775402 0.5513816 0.487601 0.569114 0.4775402 0.5628141 0.495886 0.5932831 0.457915 0.5705973 0.4609956 0.5694357 0.4447817 0.5205135 0.3967384 0.5161429 0.3839607 0.5296444 0.3901087 0.5218366 0.4038507 0.5114929 0.3957277 0.5205135 0.3967384 0.5367047 0.400854 0.5480156 0.3807743 0.5594052 0.3978595 0.5114929 0.3957277 0.5 0.3811366 0.5161429 0.3839607 0.5296444 0.3901087 0.5253596 0.3696402 0.5480156 0.3807743 0.510842 0.4115136 0.5 0.4044859 0.5108109 0.4042662 0.5108109 0.4042662 0.5 0.3954671 0.5114929 0.3957277 0.5161429 0.3839607 0.5 0.3660384 0.5253596 0.3696402 0.5839812 0.4901503 0.5628141 0.495886 0.569114 0.4775402 0.5904352 0.4735735 0.569114 0.4775402 0.5705973 0.4609956 0.5943403 0.441904 0.5694357 0.4447817 0.5682212 0.4311723 0.5937538 0.4230079 0.5682212 0.4311723 0.5659193 0.416105 0.6117922 0.4977228 0.5839812 0.4901503 0.5904352 0.4735735 0.5932831 0.457915 0.6186765 0.4569099 0.6150877 0.475674 0.5898358 0.3999243 0.5659193 0.416105 0.5594052 0.3978595 0.5801177 0.3719175 0.5594052 0.3978595 0.5480156 0.3807743 0.5382052 0.3535323 0.5480156 0.3807743 0.5253596 0.3696402 0.5 0.3489954 0.5253596 0.3696402 0.5 0.3660384 0.5943403 0.441904 0.6223667 0.438834 0.6186765 0.4569099 0.5937538 0.4230079 0.6267795 0.4161256 0.6223667 0.438834 0.6808039 0.4735192 0.7092882 0.4642657 0.7050853 0.4824009 0.6318322 0.5082427 0.650359 0.4987894 0.6473831 0.5133767 0.7210645 0.4321029 0.6680331 0.4448304 0.6780155 0.4107951 0.6902689 0.4901065 0.7050853 0.4824009 0.7049537 0.4939835 0.6117922 0.4977228 0.6344498 0.4887771 0.6318322 0.5082427 0.6671287 0.4972218 0.6651021 0.4772073 0.6755965 0.4903123 0.5262318 0.4719398 0.520534 0.4764755 0.5251473 0.4700428 0.5898358 0.3999243 0.6310367 0.3887065 0.6267795 0.4161256 0.6150877 0.475674 0.5904352 0.4735735 0.5932831 0.457915 0.6651021 0.4772073 0.6392189 0.4728164 0.6488059 0.4582887 0.5071727 0.4984759 0.5120858 0.5020242 0.5076089 0.5019262 0.5395029 0.4132718 0.5218366 0.4038507 0.5367047 0.400854 0.529209 0.4325667 0.522392 0.420289 0.5401887 0.4252238 0.5074702 0.429688 0.513185 0.4368394 0.5064166 0.4347599 0.5087531 0.4238646 0.5156677 0.432089 0.5074702 0.429688 0.5086956 0.4767004 0.5041832 0.4794117 0.504083 0.4775555 0.5144986 0.4781975 0.5089721 0.4779412 0.5134286 0.4756073 0.5090826 0.4507812 0.5041742 0.4535023 0.5042017 0.4500046 0.5 0.4777861 0.5041832 0.4794117 0.5 0.4797286 0.5144976 0.4497983 0.5100663 0.4453139 0.5155527 0.4475809 0.5163729 0.4846273 0.5101749 0.484771 0.5155072 0.4811915 0.5155527 0.4475809 0.5113027 0.4415621 0.5172186 0.4449318 0.5144976 0.4497983 0.5090826 0.4507812 0.5095603 0.4479833 0.5043632 0.4835022 0.5101749 0.484771 0.5046344 0.487158 0.5049533 0.4911244 0.5112963 0.4924322 0.5051149 0.49463 0.5074702 0.429688 0.5 0.4230207 0.5087531 0.4238646 0.5304097 0.455107 0.5305867 0.4641919 0.5276713 0.4566839 0.6473831 0.5133767 0.6617163 0.5068824 0.6587464 0.5180559 0.6651021 0.4772073 0.6680331 0.4448304 0.6808039 0.4735192 0.6808039 0.4735192 0.6755965 0.4903123 0.6651021 0.4772073 0.6267795 0.4161256 0.6488059 0.4582887 0.6223667 0.438834 0.6267795 0.4161256 0.6780155 0.4107951 0.6680331 0.4448304 0.6344498 0.4887771 0.655726 0.4864567 0.650359 0.4987894 0.6186765 0.4569099 0.6488059 0.4582887 0.6392189 0.4728164 0.650359 0.4987894 0.6671287 0.4972218 0.6617163 0.5068824 0.6392189 0.4728164 0.6150877 0.475674 0.6186765 0.4569099 0.5125721 0.4561904 0.5178795 0.457029 0.5177096 0.4581952 0.4737682 0.4719398 0.4694133 0.4641919 0.471114 0.4639019 0.4499859 0.4396027 0.4581913 0.4534912 0.445877 0.45532 0.5 0.4839386 0.4953656 0.487158 0.4956368 0.4835022 0.4844928 0.4811915 0.4783838 0.4793077 0.479466 0.4764755 0.4826775 0.4893086 0.4893125 0.4885263 0.4887037 0.4924322 0.4844928 0.4811915 0.4903436 0.4813467 0.4898251 0.484771 0.4724975 0.4637136 0.4756368 0.4684398 0.4748528 0.4700428 0.4745736 0.4583182 0.4789074 0.4515185 0.4802957 0.4533776 0.4812759 0.471988 0.4768921 0.4657 0.4816579 0.470821 0.5 0.4389247 0.4955099 0.4443663 0.4946127 0.4397717 0.4762641 0.4599092 0.4812779 0.4550489 0.4821205 0.457029 0.4721527 0.4743714 0.4783838 0.4793077 0.4769392 0.4830639 0.4956328 0.4469901 0.5 0.4494411 0.4957984 0.4500046 0.4735195 0.4574789 0.4724975 0.4637136 0.471114 0.4639019 0.4904397 0.4479833 0.4957984 0.4500046 0.4909175 0.4507812 0.4910279 0.4779412 0.4869445 0.4743569 0.4913045 0.4767004 0.4946127 0.4397717 0.4899337 0.4453139 0.4886973 0.4415621 0.4802957 0.4533776 0.4754405 0.4590957 0.4745736 0.4583182 0.4745736 0.4583182 0.473532 0.4635924 0.4724975 0.4637136 0.4893125 0.4885263 0.4953656 0.487158 0.4950467 0.4911244 0.4748528 0.4700428 0.471114 0.4639019 0.4724975 0.4637136 0.4802957 0.4533776 0.4863545 0.4523943 0.4812779 0.4550489 0.4899337 0.4453139 0.4956328 0.4469901 0.4904397 0.4479833 0.4836272 0.4846273 0.4769392 0.4830639 0.4783838 0.4793077 0.4844473 0.4475809 0.4802957 0.4533776 0.4789074 0.4515185 0.5 0.492923 0.4950467 0.4911244 0.5 0.4902786 0.445877 0.45532 0.4305644 0.4447817 0.4499859 0.4396027 0.4789074 0.4515185 0.4827814 0.4449318 0.4844473 0.4475809 0.4955099 0.4443663 0.5 0.4464188 0.4956328 0.4469901 0.5 0.4902786 0.4953656 0.487158 0.5 0.4874413 0.4723287 0.4566839 0.471114 0.4639019 0.4694133 0.4641919 0.4956368 0.4835022 0.5 0.4797286 0.5 0.4839386 0.4804813 0.4742006 0.4844928 0.4811915 0.479466 0.4764755 0.4756368 0.4684398 0.4745398 0.4634798 0.4763736 0.4669824 0.5 0.4532034 0.4957984 0.4500046 0.5 0.4494411 0.4865714 0.4756073 0.4816579 0.470821 0.4869445 0.4743569 0.4804813 0.4742006 0.4763736 0.4669824 0.4812759 0.471988 0.4762641 0.4599092 0.475626 0.463377 0.4745398 0.4634798 0.4769811 0.4610326 0.4821205 0.457029 0.4822905 0.4581952 0.487201 0.4550785 0.4916107 0.455258 0.487428 0.4561904 0.4804813 0.4742006 0.4748528 0.4700428 0.4756368 0.4684398 0.475626 0.463377 0.4763736 0.4669824 0.4745398 0.4634798 0.4913839 0.4540857 0.49582 0.4549445 0.4916107 0.455258 0.4913839 0.4540857 0.4863545 0.4523943 0.4909175 0.4507812 0.4958168 0.4794117 0.4903436 0.4813467 0.4910279 0.4779412 0.5 0.4532034 0.49582 0.4549445 0.4958258 0.4535023 0.487201 0.4550785 0.4812779 0.4550489 0.4863545 0.4523943 0.4745398 0.4634798 0.4754405 0.4590957 0.4762641 0.4599092 0.4855014 0.4781975 0.4812759 0.471988 0.4865714 0.4756073 0.4621524 0.4661978 0.4581764 0.4825851 0.4556784 0.4678589 0.4887037 0.4924322 0.4928274 0.4984759 0.487591 0.497516 0.4652246 0.4535875 0.4630604 0.4417102 0.4701591 0.4446863 0.4707911 0.4325667 0.4701591 0.4446863 0.4630604 0.4417102 0.4647756 0.4795966 0.4667412 0.4647402 0.4693319 0.4772467 0.4598113 0.4252238 0.4630604 0.4417102 0.4499859 0.4396027 0.4647756 0.4795966 0.4621544 0.4954519 0.4581764 0.4825851 0.4687579 0.4915244 0.4693319 0.4772467 0.4738383 0.4881099 0.4701591 0.4446863 0.4695903 0.455107 0.4652246 0.4535875 0.4764757 0.4366014 0.481497 0.4268199 0.4843323 0.432089 0.4800052 0.440979 0.4843323 0.432089 0.486815 0.4368394 0.4923911 0.5019262 0.4965417 0.4991355 0.496244 0.5020039 0.5 0.4176393 0.4912469 0.4238646 0.4897615 0.4179015 0.4745039 0.5008679 0.4738383 0.4881099 0.4809147 0.4966937 0.4743993 0.4476073 0.4723287 0.4566839 0.4695903 0.455107 0.4769392 0.4830639 0.4693319 0.4772467 0.4721527 0.4743714 0.4486184 0.487601 0.4621544 0.4954519 0.454286 0.5012817 0.4621524 0.4661978 0.4581913 0.4534912 0.4652246 0.4535875 0.4897615 0.4179015 0.481497 0.4268199 0.477608 0.420289 0.4886973 0.4415621 0.4935835 0.4347599 0.4946127 0.4397717 0.4556784 0.4678589 0.445877 0.45532 0.4581913 0.4534912 0.4970772 0.4966223 0.5 0.498993 0.4965417 0.4991355 0.4781634 0.4038507 0.489158 0.4115136 0.4770879 0.4121439 0.4809147 0.4966937 0.4784572 0.5065515 0.4745039 0.5008679 0.487591 0.497516 0.4832208 0.5030264 0.4809147 0.4966937 0.4604971 0.4132718 0.477608 0.420289 0.4598113 0.4252238 0.4764757 0.4366014 0.4743993 0.4476073 0.4701591 0.4446863 0.4652246 0.4535875 0.4667412 0.4647402 0.4621524 0.4661978 0.4486184 0.487601 0.4556784 0.4678589 0.4581764 0.4825851 0.4826775 0.4893086 0.487591 0.497516 0.4809147 0.4966937 0.477237 0.4500257 0.4800052 0.440979 0.4827814 0.4449318 0.4826775 0.4893086 0.4738383 0.4881099 0.4769392 0.4830639 0.4965417 0.4991355 0.5 0.5019252 0.496244 0.5020039 0.4925298 0.429688 0.5 0.4340486 0.4935835 0.4347599 0.4735195 0.4574789 0.477237 0.4500257 0.4789074 0.4515185 0.4721527 0.4743714 0.4667412 0.4647402 0.4694133 0.4641919 0.4827814 0.4449318 0.486815 0.4368394 0.4886973 0.4415621 0.4948852 0.49463 0.4965417 0.4991355 0.4928274 0.4984759 0.4935835 0.4347599 0.5 0.4389247 0.4946127 0.4397717 0.5 0.492923 0.4970772 0.4966223 0.4948852 0.49463 0.4632954 0.400854 0.4794865 0.3967384 0.4781634 0.4038507 0.4405948 0.3978595 0.4604971 0.4132718 0.4340807 0.416105 0.5 0.4176393 0.489158 0.4115136 0.5 0.4112395 0.4499859 0.4396027 0.4317789 0.4311723 0.4598113 0.4252238 0.4770879 0.4121439 0.4897615 0.4179015 0.477608 0.420289 0.4340807 0.416105 0.4598113 0.4252238 0.4317789 0.4311723 0.4448986 0.4706892 0.4294027 0.4609956 0.445877 0.45532 0.4486184 0.487601 0.430886 0.4775402 0.4448986 0.4706892 0.4294027 0.4609956 0.406717 0.457915 0.4305644 0.4447817 0.4838571 0.3839607 0.4794865 0.3967384 0.4703556 0.3901087 0.4781634 0.4038507 0.4885071 0.3957277 0.4891891 0.4042662 0.4519844 0.3807743 0.4632954 0.400854 0.4405948 0.3978595 0.5 0.3811366 0.4885071 0.3957277 0.4838571 0.3839607 0.4746404 0.3696402 0.4703556 0.3901087 0.4519844 0.3807743 0.4891891 0.4042662 0.5 0.4112395 0.489158 0.4115136 0.5 0.3954671 0.4891891 0.4042662 0.4885071 0.3957277 0.5 0.3660384 0.4838571 0.3839607 0.4746404 0.3696402 0.4371859 0.495886 0.4160188 0.4901503 0.430886 0.4775402 0.430886 0.4775402 0.4095649 0.4735735 0.4294027 0.4609956 0.4305644 0.4447817 0.4056597 0.441904 0.4317789 0.4311723 0.4317789 0.4311723 0.4062462 0.4230079 0.4340807 0.416105 0.4160188 0.4901503 0.3882078 0.4977228 0.4095649 0.4735735 0.406717 0.457915 0.3813235 0.4569099 0.4056597 0.441904 0.4340807 0.416105 0.4101642 0.3999243 0.4405948 0.3978595 0.4405948 0.3978595 0.4198823 0.3719175 0.4519844 0.3807743 0.4519844 0.3807743 0.4617949 0.3535323 0.4746404 0.3696402 0.5 0.3489954 0.4746404 0.3696402 0.4617949 0.3535323 0.4056597 0.441904 0.3776333 0.438834 0.4062462 0.4230079 0.4062462 0.4230079 0.3732205 0.4161256 0.4101642 0.3999243 0.2907118 0.4642657 0.3191961 0.4735192 0.2949147 0.4824009 0.3681678 0.5082427 0.349641 0.4987894 0.3655502 0.4887771 0.2789356 0.4321029 0.3319669 0.4448304 0.2907118 0.4642657 0.3097311 0.4901065 0.2949147 0.4824009 0.3191961 0.4735192 0.3882078 0.4977228 0.3655502 0.4887771 0.3849123 0.475674 0.3348979 0.4772073 0.3328713 0.4972218 0.3244035 0.4903123 0.4737682 0.4719398 0.479466 0.4764755 0.4783838 0.4793077 0.4101642 0.3999243 0.3689633 0.3887065 0.4198823 0.3719175 0.4095649 0.4735735 0.3849123 0.475674 0.406717 0.457915 0.3348979 0.4772073 0.3607811 0.4728164 0.344274 0.4864567 0.4928274 0.4984759 0.4879142 0.5020242 0.487591 0.497516 0.4604971 0.4132718 0.4781634 0.4038507 0.4770879 0.4121439 0.477608 0.420289 0.4707911 0.4325667 0.4598113 0.4252238 0.486815 0.4368394 0.4925298 0.429688 0.4935835 0.4347599 0.4843323 0.432089 0.4912469 0.4238646 0.4925298 0.429688 0.4958168 0.4794117 0.4913045 0.4767004 0.495917 0.4775555 0.4865714 0.4756073 0.4903436 0.4813467 0.4855014 0.4781975 0.4958258 0.4535023 0.4909175 0.4507812 0.4957984 0.4500046 0.5 0.4797286 0.495917 0.4775555 0.5 0.4777861 0.4844473 0.4475809 0.4904397 0.4479833 0.4855024 0.4497983 0.4836272 0.4846273 0.4898251 0.484771 0.4893125 0.4885263 0.4886973 0.4415621 0.4844473 0.4475809 0.4827814 0.4449318 0.4855024 0.4497983 0.4909175 0.4507812 0.4863545 0.4523943 0.4898251 0.484771 0.4956368 0.4835022 0.4953656 0.487158 0.4887037 0.4924322 0.4950467 0.4911244 0.4948852 0.49463 0.5 0.4230207 0.4925298 0.429688 0.4912469 0.4238646 0.4694133 0.4641919 0.4695903 0.455107 0.4723287 0.4566839 0.3526169 0.5133767 0.3382837 0.5068824 0.349641 0.4987894 0.3348979 0.4772073 0.3319669 0.4448304 0.3511942 0.4582887 0.3191961 0.4735192 0.3244035 0.4903123 0.3097311 0.4901065 0.3511942 0.4582887 0.3732205 0.4161256 0.3776333 0.438834 0.3219845 0.4107951 0.3732205 0.4161256 0.3319669 0.4448304 0.3655502 0.4887771 0.344274 0.4864567 0.3607811 0.4728164 0.3813235 0.4569099 0.3511942 0.4582887 0.3776333 0.438834 0.349641 0.4987894 0.3328713 0.4972218 0.344274 0.4864567 0.3849123 0.475674 0.3607811 0.4728164 0.3813235 0.4569099 0.487428 0.4561904 0.4821205 0.457029 0.487201 0.4550785 0.5414827 0.5567549 0.5337022 0.5598658 0.5349954 0.5554333 0.531013 0.5527292 0.5349954 0.5554333 0.5303958 0.5543696 0.5293864 0.5531557 0.5303958 0.5543696 0.5292367 0.5541005 0.5298511 0.5562321 0.5349954 0.5554333 0.5337022 0.5598658 0.5303958 0.5543696 0.5287091 0.5543798 0.5292367 0.5541005 0.5508972 0.5526522 0.5414827 0.5567549 0.5426896 0.5513029 0.5356061 0.5518756 0.5414827 0.5567549 0.5349954 0.5554333 0.5502398 0.557873 0.5579761 0.556433 0.5584338 0.558353 0.5292367 0.5541005 0.5279257 0.5536357 0.5293864 0.5531557 0.5504166 0.5624879 0.5414827 0.5567549 0.5502398 0.557873 0.5602606 0.5589403 0.5584338 0.558353 0.5603124 0.5584856 0.5581327 0.559648 0.5502398 0.557873 0.5584338 0.558353 0.5584338 0.558353 0.5602435 0.5580632 0.5603124 0.5584856 0.4585173 0.5567549 0.4662978 0.5598658 0.4595588 0.5631715 0.4650046 0.5554333 0.4689871 0.5527292 0.4696042 0.5543696 0.4706137 0.5531557 0.4696042 0.5543696 0.4689871 0.5527292 0.4701489 0.5562321 0.4650046 0.5554333 0.4696042 0.5543696 0.4696042 0.5543696 0.471291 0.5543798 0.4701489 0.5562321 0.4573104 0.5513029 0.4497603 0.557873 0.4491028 0.5526522 0.4585173 0.5567549 0.4643939 0.5518756 0.4650046 0.5554333 0.4497603 0.557873 0.4420239 0.556433 0.4491028 0.5526522 0.4720743 0.5536357 0.4707633 0.5541005 0.4706137 0.5531557 0.4495834 0.5624879 0.4585173 0.5567549 0.4595588 0.5631715 0.4397394 0.5589403 0.4415662 0.558353 0.4418674 0.559648 0.4497603 0.557873 0.4418674 0.559648 0.4415662 0.558353 0.4397565 0.5580632 0.4415662 0.558353 0.4396876 0.5584856 0.523108 0.4657 0.523019 0.4610326 0.524374 0.463377 0.5125721 0.4561904 0.5086956 0.4767004 0.5083894 0.455258 0.523019 0.4610326 0.5183421 0.470821 0.5177096 0.4581952 0.5177096 0.4581952 0.5130555 0.4743569 0.5125721 0.4561904 0.5 0.4777861 0.50418 0.4549445 0.504083 0.4775555 0.5083894 0.455258 0.504083 0.4775555 0.50418 0.4549445 0.4768921 0.4657 0.475626 0.463377 0.4769811 0.4610326 0.4913045 0.4767004 0.487428 0.4561904 0.4916107 0.455258 0.4816579 0.470821 0.4769811 0.4610326 0.4822905 0.4581952 0.4869445 0.4743569 0.4822905 0.4581952 0.487428 0.4561904 0.49582 0.4549445 0.5 0.4777861 0.495917 0.4775555 0.495917 0.4775555 0.4916107 0.455258 0.49582 0.4549445 0.6877397 0.5814337 0.6819598 0.5747129 0.689017 0.5767126 0.6736742 0.5242394 0.665713 0.5315378 0.6669127 0.5213956 0.7119425 0.5566545 0.7104707 0.5476074 0.715261 0.5459005 0.6954294 0.5736655 0.7034571 0.5766313 0.6950303 0.5791595 0.7022154 0.5018315 0.7166369 0.5010859 0.7107099 0.5078791 0.7057594 0.5811703 0.6950303 0.5791595 0.7034571 0.5766313 0.7196167 0.556635 0.7285091 0.5441313 0.7251515 0.5579933 0.6908227 0.5312325 0.6947774 0.5272231 0.6933946 0.5306287 0.7244364 0.5138028 0.7211788 0.5288251 0.7174965 0.5173102 0.6922715 0.5359297 0.688026 0.5338405 0.6908227 0.5312325 0.7033144 0.5126837 0.7174965 0.5173102 0.7109072 0.523341 0.7033144 0.5126837 0.7022154 0.5018315 0.7107099 0.5078791 0.7107099 0.5078791 0.7244364 0.5138028 0.7174965 0.5173102 0.6855024 0.5308166 0.6908227 0.5312325 0.688026 0.5338405 0.712211 0.5695848 0.7015319 0.5707301 0.7071863 0.565039 0.7003216 0.5457563 0.7033282 0.5545422 0.6994959 0.5533493 0.6876946 0.5670471 0.6851815 0.5630136 0.6866469 0.5628991 0.6979166 0.5657981 0.6983143 0.5598624 0.7011399 0.5612227 0.6954503 0.5531086 0.6866375 0.556351 0.6907914 0.5497936 0.7071 0.5265182 0.6995868 0.5190661 0.7010222 0.5157353 0.6938074 0.5030422 0.7022154 0.5018315 0.6974149 0.5067145 0.7119425 0.5566545 0.712211 0.5695848 0.7071863 0.565039 0.7020149 0.529379 0.6947774 0.5272231 0.6964153 0.5235291 0.7080582 0.5566163 0.7071863 0.565039 0.7049539 0.5632712 0.69431 0.5653814 0.6979166 0.5657981 0.6943192 0.5681747 0.7071 0.5265182 0.7145732 0.5330966 0.709451 0.5353916 0.6898739 0.5738044 0.6950303 0.5791595 0.689017 0.5767126 0.7010222 0.5157353 0.693816 0.5139313 0.6964178 0.5097109 0.6952685 0.5452473 0.6994959 0.5533493 0.6954503 0.5531086 0.6952685 0.5452473 0.6907914 0.5497936 0.6918103 0.5443336 0.6945288 0.5596814 0.688537 0.559334 0.6954503 0.5531086 0.7039799 0.5462727 0.7059652 0.5565574 0.7033282 0.5545422 0.7049539 0.5632712 0.7059652 0.5565574 0.7080582 0.5566163 0.6909118 0.570209 0.6876946 0.5670471 0.6911637 0.5681711 0.715261 0.5459005 0.7196167 0.556635 0.7119425 0.5566545 0.7011399 0.5612227 0.6994959 0.5533493 0.7033282 0.5545422 0.7049693 0.5279345 0.709451 0.5353916 0.7074564 0.5358245 0.7211788 0.5288251 0.7109072 0.523341 0.7174965 0.5173102 0.6983143 0.5598624 0.6954503 0.5531086 0.6994959 0.5533493 0.6947433 0.5699983 0.7003887 0.5686416 0.695223 0.5714095 0.6951237 0.539325 0.6922715 0.5359297 0.6951786 0.5343453 0.7074564 0.5358245 0.7020149 0.529379 0.7049693 0.5279345 0.6730989 0.541788 0.6794325 0.5483962 0.6753801 0.5529046 0.6918103 0.5443336 0.6879364 0.5474973 0.6882929 0.5430184 0.6992838 0.5672376 0.7049539 0.5632712 0.7003887 0.5686416 0.69064 0.5719874 0.687215 0.56906 0.6909118 0.570209 0.69431 0.5653814 0.6895384 0.5630012 0.6945288 0.5596814 0.687215 0.56906 0.6830216 0.5630199 0.6851815 0.5630136 0.7033144 0.5126837 0.6964178 0.5097109 0.6974149 0.5067145 0.7001442 0.5382997 0.6951786 0.5343453 0.6984233 0.5317454 0.6951786 0.5343453 0.6908227 0.5312325 0.6933946 0.5306287 0.6968044 0.5643026 0.6945288 0.5596814 0.6983143 0.5598624 0.712211 0.5695848 0.7251515 0.5579933 0.7164093 0.5728983 0.7034571 0.5766313 0.7164093 0.5728983 0.7057594 0.5811703 0.6938074 0.5030422 0.6964178 0.5097109 0.6896516 0.5042663 0.7015319 0.5707301 0.695223 0.5714095 0.7003887 0.5686416 0.7071863 0.565039 0.7003887 0.5686416 0.7049539 0.5632712 0.6984233 0.5317454 0.6933946 0.5306287 0.6947774 0.5272231 0.6830216 0.5630199 0.6809453 0.555128 0.6839779 0.5535159 0.7109072 0.523341 0.7010222 0.5157353 0.7033144 0.5126837 0.6964153 0.5235291 0.6888088 0.5258053 0.6909935 0.5199961 0.707879 0.5468195 0.7080582 0.5566163 0.7059652 0.5565574 0.7035551 0.5372195 0.6984233 0.5317454 0.7020149 0.529379 0.7034083 0.5622696 0.7033282 0.5545422 0.7059652 0.5565574 0.69064 0.5719874 0.6954294 0.5736655 0.6898739 0.5738044 0.6720724 0.5321777 0.6666696 0.5430583 0.665713 0.5315378 0.6943192 0.5681747 0.6992838 0.5672376 0.6947433 0.5699983 0.7049693 0.5279345 0.6964153 0.5235291 0.6995868 0.5190661 0.6979166 0.5657981 0.7034083 0.5622696 0.6992838 0.5672376 0.6895384 0.5630012 0.6866469 0.5628991 0.688537 0.559334 0.6830216 0.5630199 0.6866375 0.556351 0.6851815 0.5630136 0.6666696 0.5430583 0.6643356 0.559628 0.6590753 0.5448383 0.6704785 0.5561551 0.6730989 0.541788 0.6753801 0.5529046 0.6892725 0.5376868 0.6918537 0.5401209 0.689998 0.5402299 0.6911637 0.5681711 0.6895384 0.5630012 0.691675 0.5647349 0.6755508 0.5658668 0.6842796 0.5714875 0.6819598 0.5747129 0.6704785 0.5561551 0.6793569 0.5621916 0.6755508 0.5658668 0.6805441 0.5777146 0.6755508 0.5658668 0.6819598 0.5747129 0.6833391 0.4993347 0.6902689 0.4901065 0.691358 0.4987161 0.682691 0.521376 0.6793715 0.5139275 0.6855961 0.5156959 0.6669127 0.5213956 0.6577229 0.5309544 0.6587464 0.5180559 0.6736742 0.5242394 0.682691 0.521376 0.6797195 0.5269482 0.665713 0.5315378 0.6590753 0.5448383 0.6577229 0.5309544 0.6704785 0.5561551 0.6712419 0.5707426 0.6643356 0.559628 0.6587464 0.5180559 0.6699858 0.5122979 0.6669127 0.5213956 0.7049537 0.4939835 0.691358 0.4987161 0.6902689 0.4901065 0.6755965 0.4903123 0.6750218 0.5045291 0.6671287 0.4972218 0.6766392 0.5170679 0.6669127 0.5213956 0.6699858 0.5122979 0.6617163 0.5068824 0.6750218 0.5045291 0.6699858 0.5122979 0.6909935 0.5199961 0.682691 0.521376 0.6855961 0.5156959 0.6797195 0.5269482 0.6888088 0.5258053 0.6855024 0.5308166 0.6943192 0.5681747 0.691675 0.5647349 0.69431 0.5653814 0.6869019 0.5705222 0.6898739 0.5738044 0.6842796 0.5714875 0.695223 0.5714095 0.6909118 0.570209 0.6947433 0.5699983 0.6947433 0.5699983 0.6911637 0.5681711 0.6943192 0.5681747 0.6842796 0.5714875 0.689017 0.5767126 0.6819598 0.5747129 0.694929 0.5836358 0.689017 0.5767126 0.6950303 0.5791595 0.6865089 0.5088357 0.6793715 0.5139275 0.6750218 0.5045291 0.6995868 0.5190661 0.6909935 0.5199961 0.693816 0.5139313 0.6720724 0.5321777 0.6797195 0.5269482 0.6779488 0.5332698 0.6793715 0.5139275 0.6699858 0.5122979 0.6750218 0.5045291 0.6730989 0.541788 0.6779488 0.5332698 0.6779431 0.5405743 0.6896516 0.5042663 0.691358 0.4987161 0.6938074 0.5030422 0.693816 0.5139313 0.6855961 0.5156959 0.6865089 0.5088357 0.6753801 0.5529046 0.6809453 0.555128 0.6793569 0.5621916 0.6918537 0.5401209 0.6952685 0.5452473 0.6918103 0.5443336 0.7145732 0.5330966 0.7221411 0.5443958 0.715261 0.5459005 0.7035551 0.5372195 0.707879 0.5468195 0.7039799 0.5462727 0.709451 0.5353916 0.715261 0.5459005 0.7104707 0.5476074 0.7001442 0.5382997 0.7039799 0.5462727 0.7003216 0.5457563 0.7221411 0.5443958 0.7284005 0.5283727 0.7285091 0.5441313 0.707879 0.5468195 0.709451 0.5353916 0.7104707 0.5476074 0.689998 0.5402299 0.6918103 0.5443336 0.6882929 0.5430184 0.7003216 0.5457563 0.6951237 0.539325 0.7001442 0.5382997 0.6797195 0.5269482 0.6815198 0.53456 0.6779488 0.5332698 0.6779431 0.5405743 0.6815198 0.53456 0.6823392 0.5394376 0.6874447 0.5396592 0.689998 0.5402299 0.6882929 0.5430184 0.6892725 0.5376868 0.686762 0.5367914 0.688026 0.5338405 0.688026 0.5338405 0.6851258 0.5348027 0.6855024 0.5308166 0.6815198 0.53456 0.6851258 0.5348027 0.6837616 0.5358685 0.6823392 0.5394376 0.6837616 0.5358685 0.684719 0.5381371 0.6823392 0.5394376 0.6854507 0.5403996 0.6838915 0.5442745 0.6854507 0.5403996 0.6882929 0.5430184 0.6838915 0.5442745 0.6874447 0.5396592 0.684719 0.5381371 0.686762 0.5367914 0.684719 0.5381371 0.6851258 0.5348027 0.686762 0.5367914 0.693816 0.5139313 0.6896516 0.5042663 0.6964178 0.5097109 0.688537 0.559334 0.6851815 0.5630136 0.6866375 0.556351 0.6879364 0.5474973 0.6838915 0.5442745 0.6882929 0.5430184 0.6839779 0.5535159 0.6794325 0.5483962 0.6838915 0.5442745 0.6879364 0.5474973 0.6866375 0.556351 0.6839779 0.5535159 0.6779431 0.5405743 0.6838915 0.5442745 0.6794325 0.5483962 0.6830216 0.5630199 0.6842796 0.5714875 0.6793569 0.5621916 0.6865089 0.5088357 0.6833391 0.4993347 0.6896516 0.5042663 0.310983 0.5767126 0.3194559 0.5777146 0.3122603 0.5814337 0.3342871 0.5315378 0.3263258 0.5242394 0.3330873 0.5213956 0.2895293 0.5476074 0.2880575 0.5566545 0.284739 0.5459005 0.3045706 0.5736655 0.296543 0.5766313 0.2984681 0.5707301 0.2977846 0.5018315 0.2833631 0.5010859 0.2950463 0.4939835 0.2942406 0.5811703 0.3049697 0.5791595 0.305071 0.5836358 0.2803834 0.556635 0.2714909 0.5441313 0.2778589 0.5443958 0.3091773 0.5312325 0.3052226 0.5272231 0.3111912 0.5258053 0.2788212 0.5288251 0.2755636 0.5138028 0.2825036 0.5173102 0.3119741 0.5338405 0.3077285 0.5359297 0.3091773 0.5312325 0.2966856 0.5126837 0.2825036 0.5173102 0.2892901 0.5078791 0.2966856 0.5126837 0.2977846 0.5018315 0.3025851 0.5067145 0.2755636 0.5138028 0.2892901 0.5078791 0.2825036 0.5173102 0.3144977 0.5308166 0.3091773 0.5312325 0.3111912 0.5258053 0.2984681 0.5707301 0.287789 0.5695848 0.2928137 0.565039 0.3005041 0.5533493 0.2960202 0.5462727 0.2996785 0.5457563 0.3148185 0.5630136 0.3123055 0.5670471 0.3133531 0.5628991 0.2988601 0.5612227 0.3031957 0.5643026 0.3020834 0.5657981 0.3045498 0.5531086 0.3133625 0.556351 0.3114631 0.559334 0.3004133 0.5190661 0.2929 0.5265182 0.2989779 0.5157353 0.2977846 0.5018315 0.3061926 0.5030422 0.3025851 0.5067145 0.287789 0.5695848 0.2880575 0.5566545 0.2928137 0.565039 0.2979851 0.529379 0.3052226 0.5272231 0.3015767 0.5317454 0.2928137 0.565039 0.2919418 0.5566163 0.2950462 0.5632712 0.3020834 0.5657981 0.3056901 0.5653814 0.3056808 0.5681747 0.2929 0.5265182 0.2854269 0.5330966 0.2890928 0.523341 0.3101261 0.5738044 0.3049697 0.5791595 0.3045706 0.5736655 0.306184 0.5139313 0.2989779 0.5157353 0.3035823 0.5097109 0.3047316 0.5452473 0.3005041 0.5533493 0.2996785 0.5457563 0.3092086 0.5497936 0.3047316 0.5452473 0.3081897 0.5443336 0.3114631 0.559334 0.3054712 0.5596814 0.3045498 0.5531086 0.2966718 0.5545422 0.292121 0.5468195 0.2960202 0.5462727 0.2950462 0.5632712 0.2940348 0.5565574 0.2965917 0.5622696 0.3090882 0.570209 0.3123055 0.5670471 0.312785 0.56906 0.284739 0.5459005 0.2803834 0.556635 0.2778589 0.5443958 0.2988601 0.5612227 0.3005041 0.5533493 0.3016857 0.5598624 0.290549 0.5353916 0.2950307 0.5279345 0.2925436 0.5358245 0.2890928 0.523341 0.2788212 0.5288251 0.2825036 0.5173102 0.3045498 0.5531086 0.3016857 0.5598624 0.3005041 0.5533493 0.2996113 0.5686416 0.3052567 0.5699983 0.304777 0.5714095 0.3077285 0.5359297 0.3048763 0.539325 0.3048214 0.5343453 0.2925436 0.5358245 0.2979851 0.529379 0.2964449 0.5372195 0.3269011 0.541788 0.3205676 0.5483962 0.322057 0.5405743 0.3120636 0.5474973 0.3081897 0.5443336 0.3117071 0.5430184 0.2950462 0.5632712 0.3007162 0.5672376 0.2996113 0.5686416 0.30936 0.5719874 0.312785 0.56906 0.3130981 0.5705222 0.3104616 0.5630012 0.3056901 0.5653814 0.3054712 0.5596814 0.3169784 0.5630199 0.312785 0.56906 0.3148185 0.5630136 0.3035823 0.5097109 0.2966856 0.5126837 0.3025851 0.5067145 0.2998558 0.5382997 0.3048214 0.5343453 0.3048763 0.539325 0.3091773 0.5312325 0.3048214 0.5343453 0.3066055 0.5306287 0.3031957 0.5643026 0.3054712 0.5596814 0.3056901 0.5653814 0.2748485 0.5579933 0.287789 0.5695848 0.2835907 0.5728983 0.2835907 0.5728983 0.296543 0.5766313 0.2942406 0.5811703 0.3035823 0.5097109 0.3061926 0.5030422 0.3103484 0.5042663 0.304777 0.5714095 0.2984681 0.5707301 0.2996113 0.5686416 0.2996113 0.5686416 0.2928137 0.565039 0.2950462 0.5632712 0.3015767 0.5317454 0.3066055 0.5306287 0.3048214 0.5343453 0.3190547 0.555128 0.3169784 0.5630199 0.3160222 0.5535159 0.2989779 0.5157353 0.2890928 0.523341 0.2966856 0.5126837 0.3035847 0.5235291 0.3111912 0.5258053 0.3052226 0.5272231 0.2919418 0.5566163 0.292121 0.5468195 0.2940348 0.5565574 0.2964449 0.5372195 0.3015767 0.5317454 0.2998558 0.5382997 0.2940348 0.5565574 0.2988601 0.5612227 0.2965917 0.5622696 0.3045706 0.5736655 0.30936 0.5719874 0.3101261 0.5738044 0.3333304 0.5430583 0.3279276 0.5321777 0.3342871 0.5315378 0.3007162 0.5672376 0.3056808 0.5681747 0.3052567 0.5699983 0.2950307 0.5279345 0.3035847 0.5235291 0.2979851 0.529379 0.2965917 0.5622696 0.3020834 0.5657981 0.3007162 0.5672376 0.3133531 0.5628991 0.3104616 0.5630012 0.3114631 0.559334 0.3133625 0.556351 0.3169784 0.5630199 0.3148185 0.5630136 0.3409247 0.5448383 0.3295215 0.5561551 0.3333304 0.5430583 0.3246199 0.5529046 0.3333304 0.5430583 0.3295215 0.5561551 0.3107275 0.5376868 0.3081464 0.5401209 0.3077285 0.5359297 0.3088364 0.5681711 0.3104616 0.5630012 0.3123055 0.5670471 0.3244492 0.5658668 0.3157204 0.5714875 0.3206431 0.5621916 0.3295215 0.5561551 0.3206431 0.5621916 0.3246199 0.5529046 0.3180402 0.5747129 0.3287581 0.5707426 0.3194559 0.5777146 0.3166609 0.4993347 0.3097311 0.4901065 0.3244035 0.4903123 0.3206285 0.5139275 0.317309 0.521376 0.314404 0.5156959 0.3330873 0.5213956 0.3422771 0.5309544 0.3342871 0.5315378 0.3202805 0.5269482 0.3233608 0.5170679 0.3263258 0.5242394 0.3422771 0.5309544 0.3333304 0.5430583 0.3342871 0.5315378 0.3356645 0.559628 0.3244492 0.5658668 0.3295215 0.5561551 0.3412536 0.5180559 0.3300142 0.5122979 0.3382837 0.5068824 0.308642 0.4987161 0.2950463 0.4939835 0.3097311 0.4901065 0.3249782 0.5045291 0.3244035 0.4903123 0.3328713 0.4972218 0.3330873 0.5213956 0.3233608 0.5170679 0.3300142 0.5122979 0.3249782 0.5045291 0.3382837 0.5068824 0.3300142 0.5122979 0.317309 0.521376 0.3090065 0.5199961 0.314404 0.5156959 0.3111912 0.5258053 0.3202805 0.5269482 0.3144977 0.5308166 0.3056808 0.5681747 0.3083251 0.5647349 0.3088364 0.5681711 0.3101261 0.5738044 0.3130981 0.5705222 0.3157204 0.5714875 0.304777 0.5714095 0.3090882 0.570209 0.30936 0.5719874 0.3052567 0.5699983 0.3088364 0.5681711 0.3090882 0.570209 0.3157204 0.5714875 0.310983 0.5767126 0.3101261 0.5738044 0.310983 0.5767126 0.305071 0.5836358 0.3049697 0.5791595 0.3206285 0.5139275 0.3134911 0.5088357 0.3249782 0.5045291 0.3090065 0.5199961 0.3004133 0.5190661 0.306184 0.5139313 0.3279276 0.5321777 0.3202805 0.5269482 0.3263258 0.5242394 0.3206285 0.5139275 0.3300142 0.5122979 0.3233608 0.5170679 0.3269011 0.541788 0.3220512 0.5332698 0.3279276 0.5321777 0.308642 0.4987161 0.3103484 0.5042663 0.3061926 0.5030422 0.306184 0.5139313 0.314404 0.5156959 0.3090065 0.5199961 0.3246199 0.5529046 0.3190547 0.555128 0.3205676 0.5483962 0.3081464 0.5401209 0.3047316 0.5452473 0.3048763 0.539325 0.2854269 0.5330966 0.2778589 0.5443958 0.2788212 0.5288251 0.2964449 0.5372195 0.292121 0.5468195 0.2925436 0.5358245 0.290549 0.5353916 0.284739 0.5459005 0.2854269 0.5330966 0.2998558 0.5382997 0.2960202 0.5462727 0.2964449 0.5372195 0.2715995 0.5283727 0.2778589 0.5443958 0.2714909 0.5441313 0.290549 0.5353916 0.292121 0.5468195 0.2895293 0.5476074 0.310002 0.5402299 0.3081897 0.5443336 0.3081464 0.5401209 0.2996785 0.5457563 0.3048763 0.539325 0.3047316 0.5452473 0.3202805 0.5269482 0.3184803 0.53456 0.3144977 0.5308166 0.3184803 0.53456 0.322057 0.5405743 0.3176608 0.5394376 0.310002 0.5402299 0.3125553 0.5396592 0.3117071 0.5430184 0.313238 0.5367914 0.3107275 0.5376868 0.3119741 0.5338405 0.3148742 0.5348027 0.3119741 0.5338405 0.3144977 0.5308166 0.3184803 0.53456 0.3148742 0.5348027 0.3144977 0.5308166 0.3162384 0.5358685 0.3176608 0.5394376 0.315281 0.5381371 0.3145493 0.5403996 0.3176608 0.5394376 0.3161085 0.5442745 0.3117071 0.5430184 0.3145493 0.5403996 0.3161085 0.5442745 0.3125553 0.5396592 0.315281 0.5381371 0.3145493 0.5403996 0.3148742 0.5348027 0.315281 0.5381371 0.313238 0.5367914 0.3035823 0.5097109 0.3134911 0.5088357 0.306184 0.5139313 0.3148185 0.5630136 0.3114631 0.559334 0.3133625 0.556351 0.3161085 0.5442745 0.3120636 0.5474973 0.3117071 0.5430184 0.3205676 0.5483962 0.3160222 0.5535159 0.3161085 0.5442745 0.3160222 0.5535159 0.3092086 0.5497936 0.3120636 0.5474973 0.322057 0.5405743 0.3161085 0.5442745 0.3176608 0.5394376 0.3169784 0.5630199 0.3157204 0.5714875 0.3130981 0.5705222 0.3166609 0.4993347 0.3134911 0.5088357 0.3103484 0.5042663 0.7234236 0.4943258 0.7244364 0.5138028 0.7166369 0.5010859 0.7388558 0.5303038 0.750214 0.5103259 0.7540754 0.5337926 0.694929 0.5836358 0.7090994 0.5880768 0.6968173 0.5931348 0.7049537 0.4939835 0.7234236 0.4943258 0.7166369 0.5010859 0.7326563 0.5637438 0.7515744 0.5549901 0.7438238 0.5739118 0.6712419 0.5707426 0.6741535 0.5889499 0.6632114 0.5799235 0.7057594 0.5811703 0.7224306 0.5792936 0.7090994 0.5880768 0.7164093 0.5728983 0.7326563 0.5637438 0.7224306 0.5792936 0.6390625 0.6178646 0.6463597 0.6522323 0.6245676 0.6425066 0.6245676 0.6425066 0.6347188 0.6789166 0.6079784 0.6650601 0.5578895 0.7159516 0.6196745 0.7116595 0.5975207 0.7519034 0.5092824 0.7447284 0.5975207 0.7519034 0.5607196 0.8054007 0.6079784 0.6650601 0.6196745 0.7116595 0.5874357 0.6899247 0.6515723 0.5955904 0.6223426 0.6064267 0.6370421 0.5791186 0.6515723 0.5955904 0.6534128 0.5664347 0.6632114 0.5799235 0.6463597 0.6522323 0.6682484 0.6867799 0.6347188 0.6789166 0.6610324 0.7248395 0.5975207 0.7519034 0.6196745 0.7116595 0.6574333 0.6273971 0.6732983 0.6568048 0.6463597 0.6522323 0.6773127 0.6322084 0.7016935 0.654065 0.6732983 0.6568048 0.6523607 0.7740963 0.7080534 0.7264622 0.7128089 0.7788766 0.635583 0.8438197 0.7128089 0.7788766 0.72094 0.8516283 0.6682484 0.6867799 0.7080534 0.7264622 0.6610324 0.7248395 0.6732983 0.6568048 0.7050276 0.6858619 0.6682484 0.6867799 0.6994735 0.6292538 0.7307147 0.6447032 0.7016935 0.654065 0.7050276 0.6858619 0.7563246 0.7141095 0.7080534 0.7264622 0.7016935 0.654065 0.7423437 0.6750254 0.7050276 0.6858619 0.7128089 0.7788766 0.7563246 0.7141095 0.7752248 0.7640455 0.72094 0.8516283 0.7752248 0.7640455 0.804983 0.8305932 0.7307147 0.6447032 0.7752407 0.6553323 0.7423437 0.6750254 0.7563246 0.7141095 0.8291516 0.7329534 0.7752248 0.7640455 0.804983 0.8305932 0.8291516 0.7329534 0.8754307 0.7871026 0.7423437 0.6750254 0.7988016 0.6895444 0.7563246 0.7141095 0.8073832 0.4807218 0.7742851 0.5100708 0.762455 0.467489 0.7752407 0.6553323 0.8312879 0.6586734 0.7988016 0.6895444 0.7568125 0.6280367 0.8015046 0.630147 0.7752407 0.6553323 0.7988016 0.6895444 0.8691701 0.6929043 0.8291516 0.7329534 0.8291516 0.7329534 0.923763 0.7312912 0.8754307 0.7871026 0.7540754 0.5337926 0.7742851 0.5100708 0.7755158 0.5405179 0.8706342 0.587943 0.9230788 0.5584495 0.9133113 0.6052854 0.8312879 0.6586734 0.895987 0.6504358 0.8691701 0.6929043 0.8071336 0.519406 0.7755158 0.5405179 0.7742851 0.5100708 0.8342997 0.5690695 0.8812028 0.5475693 0.8706342 0.587943 0.8691701 0.6929043 0.952526 0.6746857 0.923763 0.7312912 0.8027516 0.5525444 0.8428556 0.5331482 0.8342997 0.5690695 0.7777507 0.606706 0.7422934 0.6066419 0.7586304 0.5881919 0.9230788 0.5584495 0.8871567 0.5051693 0.9290798 0.5118183 0.9230788 0.5584495 0.975843 0.5182098 0.974461 0.5660352 0.8812028 0.5475693 0.8474884 0.494044 0.8871567 0.5051693 0.7777507 0.606706 0.8209493 0.6012154 0.8015046 0.630147 0.8071336 0.519406 0.8474884 0.494044 0.8428556 0.5331482 0.7568125 0.6280367 0.7219048 0.6206829 0.7422934 0.6066419 0.7930309 0.5814363 0.7586304 0.5881919 0.7698772 0.5661212 0.7234236 0.4943258 0.7092882 0.4642657 0.7362845 0.4844461 0.7362845 0.4844461 0.7210645 0.4321029 0.762455 0.467489 0.762455 0.467489 0.750214 0.5103259 0.7362845 0.4844461 0.7345466 0.5118401 0.7362845 0.4844461 0.750214 0.5103259 0.7438238 0.5739118 0.7698772 0.5661212 0.7586304 0.5881919 0.968122 0.6189461 0.9230788 0.5584495 0.974461 0.5660352 0.7378189 0.5479313 0.7251515 0.5579933 0.7285091 0.5441313 0.7586304 0.5881919 0.7312829 0.5903998 0.7438238 0.5739118 0.7438238 0.5739118 0.7224306 0.5792936 0.7326563 0.5637438 0.7422934 0.6066419 0.7151111 0.6023591 0.7312829 0.5903998 0.7312829 0.5903998 0.7090994 0.5880768 0.7224306 0.5792936 0.666158 0.6057927 0.6773127 0.6322084 0.6574333 0.6273971 0.6816508 0.6105533 0.6994735 0.6292538 0.6773127 0.6322084 0.7219048 0.6206829 0.6980466 0.6092476 0.7151111 0.6023591 0.6853524 0.5931721 0.6980466 0.6092476 0.6816508 0.6105533 0.6968173 0.5931348 0.7151111 0.6023591 0.6980466 0.6092476 0.6347188 0.6789166 0.6610324 0.7248395 0.6196745 0.7116595 0.8015046 0.630147 0.8544558 0.6251103 0.8312879 0.6586734 0.6523607 0.7740963 0.5607196 0.8054007 0.5975207 0.7519034 0.6853524 0.5931721 0.6805441 0.5777146 0.6877397 0.5814337 0.666158 0.6057927 0.6632114 0.5799235 0.6741535 0.5889499 0.6574333 0.6273971 0.6515723 0.5955904 0.666158 0.6057927 0.5871316 0.6485117 0.5874357 0.6899247 0.5651538 0.6655637 0.536527 0.6786818 0.5092824 0.7447284 0.5 0.6847521 0.5651538 0.6655637 0.5578895 0.7159516 0.536527 0.6786818 0.6059544 0.6302579 0.6079784 0.6650601 0.5871316 0.6485117 0.6223426 0.6064267 0.6245676 0.6425066 0.6059544 0.6302579 0.6643356 0.559628 0.6632114 0.5799235 0.6534128 0.5664347 0.6968173 0.5931348 0.6877397 0.5814337 0.694929 0.5836358 0.6741535 0.5889499 0.6816508 0.6105533 0.666158 0.6057927 0.7285091 0.5441313 0.7388558 0.5303038 0.7378189 0.5479313 0.7540754 0.5337926 0.7378189 0.5479313 0.7388558 0.5303038 0.968122 0.6189461 0.895987 0.6504358 0.9133113 0.6052854 0.8342997 0.5690695 0.7930309 0.5814363 0.8027516 0.5525444 0.9133113 0.6052854 0.8544558 0.6251103 0.8706342 0.587943 0.8706342 0.587943 0.8209493 0.6012154 0.8342997 0.5690695 0.7698772 0.5661212 0.8027516 0.5525444 0.7930309 0.5814363 0.7515744 0.5549901 0.7755158 0.5405179 0.7698772 0.5661212 0.7345466 0.5118401 0.7284005 0.5283727 0.7244364 0.5138028 0.2765765 0.4943258 0.2755636 0.5138028 0.2654535 0.5118401 0.2611442 0.5303038 0.2497859 0.5103259 0.2654535 0.5118401 0.2909007 0.5880768 0.305071 0.5836358 0.3031827 0.5931348 0.2950463 0.4939835 0.2765765 0.4943258 0.2949147 0.4824009 0.2673437 0.5637438 0.2484256 0.5549901 0.2621811 0.5479313 0.3287581 0.5707426 0.3258465 0.5889499 0.3194559 0.5777146 0.2775694 0.5792936 0.2942406 0.5811703 0.2909007 0.5880768 0.2835907 0.5728983 0.2673437 0.5637438 0.2748485 0.5579933 0.3536403 0.6522323 0.3609375 0.6178646 0.3754324 0.6425066 0.3652812 0.6789166 0.3754324 0.6425066 0.3920217 0.6650601 0.4421105 0.7159516 0.3803255 0.7116595 0.4125643 0.6899247 0.4907176 0.7447284 0.4024793 0.7519034 0.4421105 0.7159516 0.3803255 0.7116595 0.3920217 0.6650601 0.4125643 0.6899247 0.3484277 0.5955904 0.3776574 0.6064267 0.3609375 0.6178646 0.3465873 0.5664347 0.3484277 0.5955904 0.3367887 0.5799235 0.3536403 0.6522323 0.3317516 0.6867799 0.3267017 0.6568048 0.4024793 0.7519034 0.3389676 0.7248395 0.3803255 0.7116595 0.3425667 0.6273971 0.3267017 0.6568048 0.3226873 0.6322084 0.2983065 0.654065 0.3226873 0.6322084 0.3267017 0.6568048 0.3476393 0.7740963 0.2919467 0.7264622 0.3389676 0.7248395 0.364417 0.8438197 0.2871912 0.7788766 0.3476393 0.7740963 0.2919467 0.7264622 0.3317516 0.6867799 0.3389676 0.7248395 0.2949724 0.6858619 0.3267017 0.6568048 0.3317516 0.6867799 0.2692853 0.6447032 0.3005265 0.6292538 0.2983065 0.654065 0.2436754 0.7141095 0.2949724 0.6858619 0.2919467 0.7264622 0.2576563 0.6750254 0.2983065 0.654065 0.2949724 0.6858619 0.2871912 0.7788766 0.2436754 0.7141095 0.2919467 0.7264622 0.27906 0.8516283 0.2247751 0.7640455 0.2871912 0.7788766 0.2247593 0.6553323 0.2692853 0.6447032 0.2576563 0.6750254 0.1708484 0.7329534 0.2436754 0.7141095 0.2247751 0.7640455 0.1950169 0.8305932 0.1708484 0.7329534 0.2247751 0.7640455 0.2011984 0.6895444 0.2576563 0.6750254 0.2436754 0.7141095 0.2257149 0.5100708 0.1926168 0.4807218 0.237545 0.467489 0.1687121 0.6586734 0.2247593 0.6553323 0.2011984 0.6895444 0.1984953 0.630147 0.2431875 0.6280367 0.2247593 0.6553323 0.1308299 0.6929043 0.2011984 0.6895444 0.1708484 0.7329534 0.07623702 0.7312912 0.1708484 0.7329534 0.1245692 0.7871026 0.2459245 0.5337926 0.2257149 0.5100708 0.2497859 0.5103259 0.08668869 0.6052854 0.1187972 0.5475693 0.1293658 0.587943 0.1040129 0.6504358 0.1687121 0.6586734 0.1308299 0.6929043 0.2244842 0.5405179 0.1928663 0.519406 0.2257149 0.5100708 0.1187972 0.5475693 0.1657003 0.5690695 0.1293658 0.587943 0.04747402 0.6746857 0.1308299 0.6929043 0.07623702 0.7312912 0.1571444 0.5331482 0.1972484 0.5525444 0.1657003 0.5690695 0.2577067 0.6066419 0.2222493 0.606706 0.2413696 0.5881919 0.07692122 0.5584495 0.1128432 0.5051693 0.1187972 0.5475693 0.02553898 0.5660352 0.07092022 0.5118183 0.07692122 0.5584495 0.1187972 0.5475693 0.1525115 0.494044 0.1571444 0.5331482 0.1790506 0.6012154 0.2222493 0.606706 0.1984953 0.630147 0.1525115 0.494044 0.1928663 0.519406 0.1571444 0.5331482 0.2780953 0.6206829 0.2431875 0.6280367 0.2577067 0.6066419 0.2413696 0.5881919 0.206969 0.5814363 0.2301228 0.5661212 0.2637155 0.4844461 0.2949147 0.4824009 0.2765765 0.4943258 0.2789356 0.4321029 0.2637155 0.4844461 0.237545 0.467489 0.2497859 0.5103259 0.237545 0.467489 0.2637155 0.4844461 0.2654535 0.5118401 0.2637155 0.4844461 0.2765765 0.4943258 0.2561762 0.5739118 0.2301228 0.5661212 0.2484256 0.5549901 0.03187799 0.6189461 0.07692122 0.5584495 0.08668869 0.6052854 0.2621811 0.5479313 0.2748485 0.5579933 0.2673437 0.5637438 0.2687171 0.5903998 0.2413696 0.5881919 0.2561762 0.5739118 0.2775694 0.5792936 0.2561762 0.5739118 0.2673437 0.5637438 0.2848889 0.6023591 0.2577067 0.6066419 0.2687171 0.5903998 0.2909007 0.5880768 0.2687171 0.5903998 0.2775694 0.5792936 0.333842 0.6057927 0.3226873 0.6322084 0.3183492 0.6105533 0.3005265 0.6292538 0.3183492 0.6105533 0.3226873 0.6322084 0.2780953 0.6206829 0.3019534 0.6092476 0.3005265 0.6292538 0.3146476 0.5931721 0.3019534 0.6092476 0.3031827 0.5931348 0.2848889 0.6023591 0.3031827 0.5931348 0.3019534 0.6092476 0.3652812 0.6789166 0.3389676 0.7248395 0.3317516 0.6867799 0.1455441 0.6251103 0.1984953 0.630147 0.1687121 0.6586734 0.4392805 0.8054007 0.3476393 0.7740963 0.4024793 0.7519034 0.3146476 0.5931721 0.3194559 0.5777146 0.3258465 0.5889499 0.3258465 0.5889499 0.3484277 0.5955904 0.333842 0.6057927 0.333842 0.6057927 0.3609375 0.6178646 0.3425667 0.6273971 0.4125643 0.6899247 0.4128684 0.6485117 0.4348462 0.6655637 0.4907176 0.7447284 0.463473 0.6786818 0.5 0.6847521 0.4421105 0.7159516 0.4348462 0.6655637 0.463473 0.6786818 0.3920217 0.6650601 0.3940456 0.6302579 0.4128684 0.6485117 0.3754324 0.6425066 0.3776574 0.6064267 0.3940456 0.6302579 0.3356645 0.559628 0.3367887 0.5799235 0.3287581 0.5707426 0.3031827 0.5931348 0.3122603 0.5814337 0.3146476 0.5931721 0.3258465 0.5889499 0.3183492 0.6105533 0.3146476 0.5931721 0.2611442 0.5303038 0.2714909 0.5441313 0.2621811 0.5479313 0.2621811 0.5479313 0.2459245 0.5337926 0.2611442 0.5303038 0.1040129 0.6504358 0.03187799 0.6189461 0.08668869 0.6052854 0.206969 0.5814363 0.1657003 0.5690695 0.1972484 0.5525444 0.1455441 0.6251103 0.08668869 0.6052854 0.1293658 0.587943 0.1790506 0.6012154 0.1293658 0.587943 0.1657003 0.5690695 0.1972484 0.5525444 0.2301228 0.5661212 0.206969 0.5814363 0.2244842 0.5405179 0.2484256 0.5549901 0.2301228 0.5661212 0.2654535 0.5118401 0.2715995 0.5283727 0.2611442 0.5303038 0.6310367 0.3887065 0.6865177 0.3789564 0.6780155 0.4107951 0.5901338 0.3470032 0.6310367 0.3887065 0.5801177 0.3719175 0.5441455 0.3354723 0.5801177 0.3719175 0.5382052 0.3535323 0.5 0.3325021 0.5382052 0.3535323 0.5 0.3489954 0.6444756 0.3373906 0.6040601 0.3026616 0.6505644 0.3155831 0.5487588 0.3150073 0.5 0.2896119 0.5522197 0.2934542 0.6505644 0.3155831 0.609864 0.2798833 0.6573979 0.2932705 0.5978624 0.3243623 0.5522197 0.2934542 0.6040601 0.3026616 0.5522197 0.2934542 0.5 0.2639147 0.555918 0.267624 0.6040601 0.3026616 0.555918 0.267624 0.609864 0.2798833 0.7816882 0.3890483 0.8250327 0.3625269 0.8213443 0.4036941 0.6505644 0.3155831 0.6927606 0.3513305 0.6444756 0.3373906 0.6573979 0.2932705 0.6987699 0.3285925 0.6505644 0.3155831 0.7052531 0.3052734 0.744253 0.3420308 0.6987699 0.3285925 0.8250327 0.3625269 0.7916348 0.3198969 0.8294981 0.3239039 0.8250327 0.3625269 0.8664515 0.3267244 0.8641484 0.3690857 0.762455 0.467489 0.8163716 0.4411745 0.8073832 0.4807218 0.7755865 0.4254424 0.8213443 0.4036941 0.8163716 0.4411745 0.8871567 0.5051693 0.8553372 0.4543374 0.8940128 0.4634425 0.8073832 0.4807218 0.8553372 0.4543374 0.8474884 0.494044 0.8871567 0.5051693 0.9340793 0.4686439 0.9290798 0.5118183 0.9290798 0.5118183 0.97632 0.4722838 0.975843 0.5182098 0.8553372 0.4543374 0.8979244 0.4200415 0.8940128 0.4634425 0.8163716 0.4411745 0.8596711 0.4144023 0.8553372 0.4543374 0.8940128 0.4634425 0.9377773 0.4226124 0.9340793 0.4686439 0.9340793 0.4686439 0.976736 0.4226768 0.97632 0.4722838 0.8213443 0.4036941 0.8641484 0.3690857 0.8596711 0.4144023 0.8979244 0.4200415 0.9385149 0.3731523 0.9377773 0.4226124 0.9377773 0.4226124 0.9759243 0.3724498 0.976736 0.4226768 0.8596711 0.4144023 0.9005844 0.3724728 0.8979244 0.4200415 0.9005844 0.3724728 0.9383189 0.3273146 0.9385149 0.3731523 0.9385149 0.3731523 0.9745951 0.3254956 0.9759243 0.3724498 0.8641484 0.3690857 0.9024379 0.3280981 0.9005844 0.3724728 0.7755865 0.4254424 0.7210645 0.4321029 0.7322264 0.4024818 0.6987699 0.3285925 0.7394405 0.3698331 0.6927606 0.3513305 0.7816882 0.3890483 0.7322264 0.4024818 0.7394405 0.3698331 0.7322264 0.4024818 0.6780155 0.4107951 0.6865177 0.3789564 0.6378039 0.3618666 0.5978624 0.3243623 0.6444756 0.3373906 0.7394405 0.3698331 0.6865177 0.3789564 0.6927606 0.3513305 0.7394405 0.3698331 0.7861242 0.353586 0.7816882 0.3890483 0.7500514 0.3140272 0.7861242 0.353586 0.744253 0.3420308 0.6865177 0.3789564 0.6444756 0.3373906 0.6927606 0.3513305 0.5901338 0.3470032 0.5487588 0.3150073 0.5978624 0.3243623 0.5441455 0.3354723 0.5 0.3109841 0.5487588 0.3150073 0.3689633 0.3887065 0.3134823 0.3789564 0.3621962 0.3618666 0.3689633 0.3887065 0.4098662 0.3470032 0.4198823 0.3719175 0.4617949 0.3535323 0.4098662 0.3470032 0.4558545 0.3354723 0.5 0.3489954 0.4558545 0.3354723 0.5 0.3325021 0.3555244 0.3373906 0.39594 0.3026616 0.4021376 0.3243623 0.4512413 0.3150073 0.5 0.2896119 0.5 0.3109841 0.3494356 0.3155831 0.390136 0.2798833 0.39594 0.3026616 0.4021376 0.3243623 0.4477803 0.2934542 0.4512413 0.3150073 0.4477803 0.2934542 0.5 0.2639147 0.5 0.2896119 0.39594 0.3026616 0.4440822 0.267624 0.4477803 0.2934542 0.1749673 0.3625268 0.2183117 0.3890484 0.1786556 0.4036942 0.3072394 0.3513305 0.3494356 0.3155831 0.3555244 0.3373906 0.30123 0.3285924 0.342602 0.2932705 0.3494356 0.3155831 0.255747 0.3420308 0.2947469 0.3052733 0.30123 0.3285924 0.1749673 0.3625268 0.2083652 0.3198969 0.2138758 0.353586 0.1335486 0.3267245 0.1749673 0.3625268 0.1358515 0.3690857 0.1836284 0.4411745 0.237545 0.467489 0.1926168 0.4807218 0.1786556 0.4036942 0.2244136 0.4254424 0.1836284 0.4411745 0.1128432 0.5051693 0.1446627 0.4543374 0.1525115 0.494044 0.1525115 0.494044 0.1836284 0.4411745 0.1926168 0.4807218 0.07092022 0.5118183 0.1059871 0.4634425 0.1128432 0.5051693 0.02415698 0.5182098 0.06592071 0.4686439 0.07092022 0.5118183 0.1059871 0.4634425 0.1403289 0.4144023 0.1446627 0.4543374 0.1403289 0.4144023 0.1836284 0.4411745 0.1446627 0.4543374 0.06592071 0.4686439 0.1020755 0.4200415 0.1059871 0.4634425 0.02367997 0.4722838 0.06222271 0.4226124 0.06592071 0.4686439 0.1358515 0.3690857 0.1786556 0.4036942 0.1403289 0.4144023 0.06148511 0.3731523 0.1020755 0.4200415 0.06222271 0.4226124 0.02326405 0.4226768 0.06148511 0.3731523 0.06222271 0.4226124 0.0994156 0.3724729 0.1403289 0.4144023 0.1020755 0.4200415 0.06168115 0.3273146 0.0994156 0.3724729 0.06148511 0.3731523 0.02540487 0.3254956 0.06148511 0.3731523 0.02407568 0.3724498 0.09756219 0.3280981 0.1358515 0.3690857 0.0994156 0.3724729 0.2244136 0.4254424 0.2789356 0.4321029 0.237545 0.467489 0.3072394 0.3513305 0.255747 0.3420308 0.30123 0.3285924 0.2183117 0.3890484 0.2677737 0.4024817 0.2244136 0.4254424 0.2677737 0.4024817 0.3219845 0.4107951 0.2789356 0.4321029 0.3621962 0.3618666 0.4021376 0.3243623 0.4098662 0.3470032 0.2605596 0.3698331 0.3134823 0.3789564 0.2677737 0.4024817 0.2605596 0.3698331 0.2138758 0.353586 0.255747 0.3420308 0.2138758 0.353586 0.2499485 0.3140272 0.255747 0.3420308 0.3072394 0.3513305 0.3621962 0.3618666 0.3134823 0.3789564 0.4098662 0.3470032 0.4512413 0.3150073 0.4558545 0.3354723 0.4558545 0.3354723 0.5 0.3109841 0.5 0.3325021 0.5317983 0.505441 0.5256588 0.5118182 0.5215429 0.5065515 0.5317983 0.505441 0.538387 0.5121786 0.5309104 0.5180317 0.5317983 0.505441 0.5254961 0.5008679 0.5312421 0.4915244 0.5317983 0.505441 0.5378456 0.4954519 0.545714 0.5012817 0.5309104 0.5180317 0.5246982 0.5237222 0.5221394 0.5194303 0.545714 0.5012817 0.5513816 0.487601 0.5628141 0.495886 0.538387 0.5121786 0.545714 0.5012817 0.5555841 0.5095784 0.538387 0.5121786 0.5469167 0.522082 0.5353119 0.526547 0.5246982 0.5237222 0.5309104 0.5180317 0.5353119 0.526547 0.5195205 0.5285767 0.5246982 0.5237222 0.5279422 0.5311679 0.5232213 0.5516387 0.5231769 0.5567688 0.5183232 0.5574594 0.520938 0.5657454 0.5253088 0.5621567 0.5302376 0.5670765 0.5679116 0.5568226 0.5651983 0.557333 0.5639411 0.5529388 0.5585487 0.5279811 0.5545877 0.5369411 0.5458964 0.5334729 0.5525014 0.5805619 0.5502327 0.5743416 0.5609132 0.5696343 0.5429034 0.5505687 0.5511055 0.5518618 0.5508972 0.5526522 0.5315825 0.5480046 0.5283507 0.5499236 0.5269666 0.547158 0.5400945 0.5658925 0.5398927 0.5673452 0.5320983 0.56358 0.5628283 0.5555339 0.5639411 0.5529388 0.5651983 0.557333 0.5163612 0.5694472 0.524815 0.5804277 0.5129971 0.5808469 0.525746 0.552482 0.5283507 0.5499236 0.5291511 0.5516506 0.5815852 0.5403844 0.5930486 0.5345 0.5939311 0.5525349 0.5281918 0.5544983 0.5287091 0.5543798 0.5298511 0.5562321 0.5504166 0.5624879 0.5581327 0.559648 0.5579193 0.5607383 0.5279257 0.5536357 0.5287091 0.5543798 0.5281918 0.5544983 0.5504129 0.5671958 0.5586472 0.5641955 0.5591881 0.5663686 0.5163612 0.5694472 0.520938 0.5657454 0.5273761 0.5723069 0.5244421 0.5424075 0.518426 0.5488618 0.5162435 0.5385441 0.5283507 0.5499236 0.525746 0.552482 0.5232213 0.5516387 0.5545877 0.5369411 0.5585487 0.5279811 0.5669458 0.5358863 0.5128716 0.5591021 0.5183232 0.5574594 0.520938 0.5657454 0.5128716 0.5591021 0.5163612 0.5694472 0.5088518 0.5700947 0.5361317 0.5501505 0.5313039 0.5508801 0.5315825 0.5480046 0.5585487 0.5279811 0.5665186 0.517188 0.5761626 0.5261455 0.5333138 0.5608578 0.5337022 0.5598658 0.5404412 0.5631715 0.537554 0.5409436 0.5454938 0.540302 0.5447246 0.5451676 0.5504695 0.5644726 0.5579193 0.5607383 0.5580086 0.5620393 0.6534128 0.5664347 0.6486817 0.5479208 0.6590753 0.5448383 0.5118198 0.5500384 0.518426 0.5488618 0.5183232 0.5574594 0.5635376 0.5579381 0.5618332 0.5584337 0.5616256 0.557508 0.5609132 0.5696343 0.5502327 0.5743416 0.5498461 0.5698013 0.5371513 0.5346462 0.5458964 0.5334729 0.5454938 0.540302 0.5358496 0.5512141 0.5311207 0.5520771 0.5313039 0.5508801 0.5358496 0.5512141 0.5429034 0.5505687 0.5426896 0.5513029 0.5293611 0.5524921 0.5311207 0.5520771 0.531013 0.5527292 0.5253088 0.5621567 0.5279978 0.5591362 0.5320983 0.56358 0.5532993 0.5424397 0.5545877 0.5369411 0.5620831 0.5428534 0.5183232 0.5574594 0.5231769 0.5567688 0.5253088 0.5621567 0.5393344 0.570435 0.5384745 0.5756683 0.5273761 0.5723069 0.5508972 0.5526522 0.5511055 0.5518618 0.5579292 0.5555918 0.5269666 0.547158 0.5232213 0.5516387 0.518426 0.5488618 0.5231769 0.5567688 0.5259422 0.5556433 0.5279978 0.5591362 0.5593125 0.5503399 0.5602766 0.5469729 0.5639411 0.5529388 0.5398927 0.5673452 0.5504129 0.5671958 0.5498461 0.5698013 0.5279978 0.5591362 0.5286856 0.5579384 0.5328524 0.5620756 0.5579761 0.556433 0.5579292 0.5555918 0.5607032 0.5578808 0.5259422 0.5556433 0.525746 0.552482 0.526949 0.5531856 0.5293611 0.5524921 0.5293864 0.5531557 0.5279257 0.5536357 0.5328524 0.5620756 0.5333138 0.5608578 0.5402505 0.5647811 0.5586472 0.5641955 0.5580086 0.5620393 0.5615114 0.5593042 0.5291511 0.5516506 0.5313039 0.5508801 0.5311207 0.5520771 0.5274001 0.5550066 0.5281918 0.5544983 0.5293506 0.557035 0.5283507 0.5499236 0.5315825 0.5480046 0.5313039 0.5508801 0.5532993 0.5424397 0.5525159 0.5467246 0.5447246 0.5451676 0.5302376 0.5670765 0.5320983 0.56358 0.5398927 0.5673452 0.5504695 0.5644726 0.5402505 0.5647811 0.5404412 0.5631715 0.5369778 0.5460781 0.5315825 0.5480046 0.5313971 0.5436401 0.5337022 0.5598658 0.5333138 0.5608578 0.5293506 0.557035 0.5593125 0.5503399 0.5585067 0.5539801 0.5515936 0.550787 0.5644077 0.5610615 0.5591881 0.5663686 0.5586472 0.5641955 0.5274248 0.5534551 0.5281918 0.5544983 0.5274001 0.5550066 0.5504432 0.5657766 0.5580086 0.5620393 0.5586472 0.5641955 0.5088518 0.5700947 0.5129971 0.5808469 0.5 0.5797778 0.5579292 0.5555918 0.5585067 0.5539801 0.5616256 0.557508 0.5231769 0.5567688 0.5232213 0.5516387 0.525746 0.552482 0.5333138 0.5608578 0.5328524 0.5620756 0.5286856 0.5579384 0.5244421 0.5424075 0.5301056 0.5380621 0.5313971 0.5436401 0.5447246 0.5451676 0.5525159 0.5467246 0.5515936 0.550787 0.5502327 0.5743416 0.5525014 0.5805619 0.5391278 0.5833026 0.5384745 0.5756683 0.5391278 0.5833026 0.524815 0.5804277 0.5066507 0.5598839 0.5088518 0.5700947 0.5 0.570065 0.5502327 0.5743416 0.5384745 0.5756683 0.5393344 0.570435 0.5715253 0.565294 0.5652984 0.5748455 0.5609132 0.5696343 0.5220086 0.5353095 0.5279422 0.5311679 0.5301056 0.5380621 0.5591881 0.5663686 0.5644077 0.5610615 0.5666542 0.5625203 0.5356061 0.5518756 0.531013 0.5527292 0.5311207 0.5520771 0.5504432 0.5657766 0.5400945 0.5658925 0.5402505 0.5647811 0.5545877 0.5369411 0.5532993 0.5424397 0.5454938 0.540302 0.5504129 0.5671958 0.5398927 0.5673452 0.5400945 0.5658925 0.5301056 0.5380621 0.5371513 0.5346462 0.537554 0.5409436 0.5458964 0.5334729 0.5371513 0.5346462 0.5353119 0.526547 0.5259422 0.5556433 0.5274001 0.5550066 0.5286856 0.5579384 0.5433365 0.5493723 0.5361317 0.5501505 0.5369778 0.5460781 0.5429034 0.5505687 0.5358496 0.5512141 0.5361317 0.5501505 0.5602766 0.5469729 0.5593125 0.5503399 0.5525159 0.5467246 0.5433365 0.5493723 0.5515936 0.550787 0.5511055 0.5518618 0.5371513 0.5346462 0.5301056 0.5380621 0.5279422 0.5311679 0.5293611 0.5524921 0.5274248 0.5534551 0.526949 0.5531856 0.5662077 0.5499117 0.5639411 0.5529388 0.5602766 0.5469729 0.5585067 0.5539801 0.5593125 0.5503399 0.5628283 0.5555339 0.5714659 0.5460329 0.5662077 0.5499117 0.5620831 0.5428534 0.5930486 0.5345 0.5815852 0.5403844 0.5761626 0.5261455 0.5585487 0.5279811 0.5469167 0.522082 0.5555841 0.5095784 0.5749809 0.5061644 0.5665186 0.517188 0.5555841 0.5095784 0.5856367 0.5185459 0.5761626 0.5261455 0.5665186 0.517188 0.5815852 0.5403844 0.5714659 0.5460329 0.5669458 0.5358863 0.5971447 0.5092249 0.5856367 0.5185459 0.5749809 0.5061644 0.5652984 0.5748455 0.5728005 0.5806443 0.5592169 0.588719 0.6468219 0.5300448 0.6473831 0.5133767 0.6587464 0.5180559 0.5921828 0.591587 0.6062943 0.5978893 0.5900713 0.6174916 0.6056171 0.5297871 0.6185407 0.5275765 0.620388 0.551282 0.6065253 0.5509874 0.5939311 0.5525349 0.5930486 0.5345 0.5206993 0.6259354 0.5270382 0.6516463 0.5 0.6537184 0.5921828 0.591587 0.5813828 0.5857351 0.589948 0.5706263 0.5732379 0.5563389 0.5825717 0.5552223 0.5799486 0.5685468 0.6183158 0.5749132 0.620388 0.551282 0.6348134 0.5516996 0.5403096 0.6234099 0.550598 0.6437543 0.5270382 0.6516463 0.5764195 0.6060653 0.5900713 0.6174916 0.5712289 0.6320099 0.5728005 0.5806443 0.5813828 0.5857351 0.5665835 0.5970939 0.5129971 0.5808469 0.5149801 0.592768 0.5 0.5918443 0.5391278 0.5833026 0.5435492 0.5927736 0.5287261 0.5934978 0.524815 0.5804277 0.5287261 0.5934978 0.5149801 0.592768 0.5525014 0.5805619 0.5592169 0.588719 0.5435492 0.5927736 0.5435492 0.5927736 0.5505533 0.603457 0.5338311 0.6057466 0.5149801 0.592768 0.5175183 0.6058714 0.5 0.6054116 0.5287261 0.5934978 0.5338311 0.6057466 0.5175183 0.6058714 0.5592169 0.588719 0.5665835 0.5970939 0.5505533 0.603457 0.5813828 0.5857351 0.5921828 0.591587 0.5764195 0.6060653 0.5175183 0.6058714 0.5206993 0.6259354 0.5 0.6258621 0.5338311 0.6057466 0.5403096 0.6234099 0.5206993 0.6259354 0.5665835 0.5970939 0.5764195 0.6060653 0.5590339 0.6166791 0.5505533 0.603457 0.5590339 0.6166791 0.5403096 0.6234099 0.5511055 0.5518618 0.5515936 0.550787 0.5585067 0.5539801 0.5715253 0.565294 0.5799486 0.5685468 0.5728005 0.5806443 0.6056171 0.5297871 0.5930486 0.5345 0.5856367 0.5185459 0.6185407 0.5275765 0.6056171 0.5297871 0.5971447 0.5092249 0.6473831 0.5133767 0.6468219 0.5300448 0.6328801 0.5291075 0.6223426 0.6064267 0.6062943 0.5978893 0.6183158 0.5749132 0.5590339 0.6166791 0.5712289 0.6320099 0.550598 0.6437543 0.5799486 0.5685468 0.589948 0.5706263 0.5813828 0.5857351 0.6318322 0.5082427 0.6328801 0.5291075 0.6185407 0.5275765 0.5580086 0.5620393 0.5579193 0.5607383 0.5606995 0.5590643 0.5579193 0.5607383 0.5581327 0.559648 0.5602606 0.5589403 0.5602435 0.5580632 0.5607032 0.5578808 0.5608004 0.558475 0.5715253 0.565294 0.5666542 0.5625203 0.5679116 0.5568226 0.5618332 0.5584337 0.5608004 0.558475 0.5607032 0.5578808 0.620388 0.551282 0.6185407 0.5275765 0.6328801 0.5291075 0.6062943 0.5978893 0.6223426 0.6064267 0.6059544 0.6302579 0.6348134 0.5516996 0.6328801 0.5291075 0.6468219 0.5300448 0.5900713 0.6174916 0.6059544 0.6302579 0.5871316 0.6485117 0.6062943 0.5978893 0.5921828 0.591587 0.6029809 0.5725149 0.550598 0.6437543 0.5651538 0.6655637 0.536527 0.6786818 0.5270382 0.6516463 0.536527 0.6786818 0.5 0.6847521 0.5712289 0.6320099 0.5871316 0.6485117 0.5651538 0.6655637 0.5615114 0.5593042 0.5606995 0.5590643 0.5608004 0.558475 0.5732379 0.5563389 0.5679116 0.5568226 0.5662077 0.5499117 0.6577229 0.5309544 0.6590753 0.5448383 0.6486817 0.5479208 0.5714659 0.5460329 0.5815852 0.5403844 0.5825717 0.5552223 0.6029809 0.5725149 0.589948 0.5706263 0.5939311 0.5525349 0.6065253 0.5509874 0.620388 0.551282 0.6183158 0.5749132 0.5630459 0.5600278 0.5615114 0.5593042 0.5618332 0.5584337 0.5825717 0.5552223 0.5939311 0.5525349 0.589948 0.5706263 0.5635376 0.5579381 0.5651983 0.557333 0.5644077 0.5610615 0.5666542 0.5625203 0.5644077 0.5610615 0.5651983 0.557333 0.5603124 0.5584856 0.5608004 0.558475 0.5606995 0.5590643 0.6348134 0.5516996 0.6486817 0.5479208 0.6534128 0.5664347 0.4745039 0.5008679 0.4784572 0.5065515 0.4743412 0.5118182 0.4690896 0.5180317 0.4616131 0.5121786 0.4682018 0.505441 0.4687579 0.4915244 0.4745039 0.5008679 0.4682018 0.505441 0.4616131 0.5121786 0.454286 0.5012817 0.4621544 0.4954519 0.4778606 0.5194303 0.4753018 0.5237222 0.4690896 0.5180317 0.454286 0.5012817 0.4444159 0.5095784 0.4371859 0.495886 0.4444159 0.5095784 0.454286 0.5012817 0.4616131 0.5121786 0.4646881 0.526547 0.4530833 0.522082 0.4616131 0.5121786 0.4753018 0.5237222 0.4720578 0.5311679 0.4646881 0.526547 0.4804795 0.5285767 0.4779914 0.5353095 0.4720578 0.5311679 0.4816768 0.5574594 0.4768232 0.5567688 0.4767787 0.5516387 0.4697624 0.5670765 0.4746912 0.5621567 0.479062 0.5657454 0.4320884 0.5568226 0.4337923 0.5499117 0.4360589 0.5529388 0.4414513 0.5279811 0.4530833 0.522082 0.4541037 0.5334729 0.4474986 0.5805619 0.4347016 0.5748455 0.4390868 0.5696343 0.4491028 0.5526522 0.4488945 0.5518618 0.4570966 0.5505687 0.4684175 0.5480046 0.468603 0.5436401 0.4730334 0.547158 0.4679017 0.56358 0.4601073 0.5673452 0.4599055 0.5658925 0.4348017 0.557333 0.4360589 0.5529388 0.4371718 0.5555339 0.4870029 0.5808469 0.475185 0.5804277 0.4836388 0.5694472 0.4708489 0.5516506 0.4716493 0.5499236 0.474254 0.552482 0.4060689 0.5525349 0.4069514 0.5345 0.4184148 0.5403844 0.4701489 0.5562321 0.471291 0.5543798 0.4718083 0.5544983 0.4420807 0.5607383 0.4418674 0.559648 0.4495834 0.5624879 0.4720743 0.5536357 0.4725752 0.5534551 0.4718083 0.5544983 0.4408119 0.5663686 0.4413528 0.5641955 0.4495871 0.5671958 0.4726239 0.5723069 0.479062 0.5657454 0.4836388 0.5694472 0.4837566 0.5385441 0.481574 0.5488618 0.4755579 0.5424075 0.4716493 0.5499236 0.4730334 0.547158 0.4767787 0.5516387 0.4330542 0.5358863 0.4414513 0.5279811 0.4454123 0.5369411 0.479062 0.5657454 0.4816768 0.5574594 0.4871284 0.5591021 0.4871284 0.5591021 0.4933493 0.5598839 0.4911482 0.5700947 0.4684175 0.5480046 0.4686961 0.5508801 0.4638683 0.5501505 0.4330542 0.5358863 0.4238374 0.5261455 0.4334814 0.517188 0.4595588 0.5631715 0.4662978 0.5598658 0.4666863 0.5608578 0.462446 0.5409436 0.4630222 0.5460781 0.4552754 0.5451676 0.4495306 0.5644726 0.4495568 0.5657766 0.4419914 0.5620393 0.3356645 0.559628 0.3409247 0.5448383 0.3513184 0.5479208 0.4881802 0.5500384 0.4871284 0.5591021 0.4816768 0.5574594 0.4364624 0.5579381 0.4371718 0.5555339 0.4383744 0.557508 0.450154 0.5698013 0.4497674 0.5743416 0.4390868 0.5696343 0.4545062 0.540302 0.4541037 0.5334729 0.4628487 0.5346462 0.4686961 0.5508801 0.4688794 0.5520771 0.4641504 0.5512141 0.4641504 0.5512141 0.4643939 0.5518756 0.4573104 0.5513029 0.4706389 0.5524921 0.4706137 0.5531557 0.4689871 0.5527292 0.4746912 0.5621567 0.4697624 0.5670765 0.4679017 0.56358 0.4467007 0.5424397 0.4397234 0.5469729 0.4379169 0.5428534 0.4746912 0.5621567 0.4768232 0.5567688 0.4816768 0.5574594 0.4606656 0.570435 0.4697624 0.5670765 0.4726239 0.5723069 0.4491028 0.5526522 0.4420239 0.556433 0.4420709 0.5555918 0.481574 0.5488618 0.4767787 0.5516387 0.4730334 0.547158 0.4720022 0.5591362 0.4740579 0.5556433 0.4768232 0.5567688 0.4360589 0.5529388 0.4397234 0.5469729 0.4406875 0.5503399 0.450154 0.5698013 0.4495871 0.5671958 0.4601073 0.5673452 0.4671477 0.5620756 0.4713144 0.5579384 0.4720022 0.5591362 0.4392968 0.5578808 0.4420709 0.5555918 0.4420239 0.556433 0.473051 0.5531856 0.474254 0.552482 0.4740579 0.5556433 0.4725752 0.5534551 0.4720743 0.5536357 0.4706137 0.5531557 0.4671477 0.5620756 0.4599055 0.5658925 0.4597495 0.5647811 0.4369542 0.5600278 0.4384886 0.5593042 0.4419914 0.5620393 0.4688794 0.5520771 0.4686961 0.5508801 0.4708489 0.5516506 0.4706494 0.557035 0.4718083 0.5544983 0.4725999 0.5550066 0.4686961 0.5508801 0.4684175 0.5480046 0.4716493 0.5499236 0.4552754 0.5451676 0.4474841 0.5467246 0.4467007 0.5424397 0.4601073 0.5673452 0.4679017 0.56358 0.4697624 0.5670765 0.4495834 0.5624879 0.4595588 0.5631715 0.4597495 0.5647811 0.468603 0.5436401 0.4684175 0.5480046 0.4630222 0.5460781 0.4706494 0.557035 0.4666863 0.5608578 0.4662978 0.5598658 0.4406875 0.5503399 0.4474841 0.5467246 0.4484065 0.550787 0.4413528 0.5641955 0.4408119 0.5663686 0.4355924 0.5610615 0.4725752 0.5534551 0.473051 0.5531856 0.4725999 0.5550066 0.4413528 0.5641955 0.4419914 0.5620393 0.4495568 0.5657766 0.5 0.5797778 0.4870029 0.5808469 0.4911482 0.5700947 0.4383744 0.557508 0.4414933 0.5539801 0.4420709 0.5555918 0.4768232 0.5567688 0.4740579 0.5556433 0.474254 0.552482 0.4666863 0.5608578 0.4706494 0.557035 0.4713144 0.5579384 0.4755579 0.5424075 0.4730334 0.547158 0.468603 0.5436401 0.4552754 0.5451676 0.4566635 0.5493723 0.4484065 0.550787 0.4497674 0.5743416 0.4615256 0.5756683 0.4608722 0.5833026 0.475185 0.5804277 0.4608722 0.5833026 0.4615256 0.5756683 0.5 0.570065 0.4911482 0.5700947 0.4933493 0.5598839 0.4606656 0.570435 0.4615256 0.5756683 0.4497674 0.5743416 0.4390868 0.5696343 0.4347016 0.5748455 0.4284747 0.565294 0.4698944 0.5380621 0.4720578 0.5311679 0.4779914 0.5353095 0.4408119 0.5663686 0.4390868 0.5696343 0.4333458 0.5625203 0.4643939 0.5518756 0.4641504 0.5512141 0.4688794 0.5520771 0.4495568 0.5657766 0.4495306 0.5644726 0.4597495 0.5647811 0.4545062 0.540302 0.4467007 0.5424397 0.4454123 0.5369411 0.4495871 0.5671958 0.4495568 0.5657766 0.4599055 0.5658925 0.462446 0.5409436 0.4628487 0.5346462 0.4698944 0.5380621 0.4541037 0.5334729 0.4530833 0.522082 0.4646881 0.526547 0.4713144 0.5579384 0.4725999 0.5550066 0.4740579 0.5556433 0.4566635 0.5493723 0.4552754 0.5451676 0.4630222 0.5460781 0.4570966 0.5505687 0.4566635 0.5493723 0.4638683 0.5501505 0.4474841 0.5467246 0.4406875 0.5503399 0.4397234 0.5469729 0.4566635 0.5493723 0.4570966 0.5505687 0.4488945 0.5518618 0.4720578 0.5311679 0.4698944 0.5380621 0.4628487 0.5346462 0.4706389 0.5524921 0.4708489 0.5516506 0.473051 0.5531856 0.4397234 0.5469729 0.4360589 0.5529388 0.4337923 0.5499117 0.4414933 0.5539801 0.4383744 0.557508 0.4371718 0.5555339 0.4379169 0.5428534 0.4337923 0.5499117 0.4285342 0.5460329 0.4238374 0.5261455 0.4184148 0.5403844 0.4069514 0.5345 0.4444159 0.5095784 0.4530833 0.522082 0.4414513 0.5279811 0.4371859 0.495886 0.4444159 0.5095784 0.4334814 0.517188 0.4250191 0.5061644 0.4334814 0.517188 0.4238374 0.5261455 0.4184148 0.5403844 0.4238374 0.5261455 0.4330542 0.5358863 0.4028553 0.5092249 0.4160188 0.4901503 0.4250191 0.5061644 0.4347016 0.5748455 0.4474986 0.5805619 0.4407832 0.588719 0.3412536 0.5180559 0.3526169 0.5133767 0.3531782 0.5300448 0.4099287 0.6174916 0.3937057 0.5978893 0.4078172 0.591587 0.379612 0.551282 0.3814593 0.5275765 0.394383 0.5297871 0.3934747 0.5509874 0.394383 0.5297871 0.4069514 0.5345 0.5 0.6537184 0.4729619 0.6516463 0.4793007 0.6259354 0.410052 0.5706263 0.4186172 0.5857351 0.4078172 0.591587 0.4267621 0.5563389 0.4284747 0.565294 0.4200514 0.5685468 0.3816842 0.5749132 0.362958 0.5791186 0.3651866 0.5516996 0.4729619 0.6516463 0.449402 0.6437543 0.4596905 0.6234099 0.4287711 0.6320099 0.4099287 0.6174916 0.4235805 0.6060653 0.4271995 0.5806443 0.4407832 0.588719 0.4334165 0.5970939 0.5 0.5918443 0.4850199 0.592768 0.4870029 0.5808469 0.471274 0.5934978 0.4564508 0.5927736 0.4608722 0.5833026 0.4850199 0.592768 0.471274 0.5934978 0.475185 0.5804277 0.4564508 0.5927736 0.4407832 0.588719 0.4474986 0.5805619 0.4661689 0.6057466 0.4494467 0.603457 0.4564508 0.5927736 0.5 0.6054116 0.4824817 0.6058714 0.4850199 0.592768 0.4824817 0.6058714 0.4661689 0.6057466 0.471274 0.5934978 0.4494467 0.603457 0.4334165 0.5970939 0.4407832 0.588719 0.4186172 0.5857351 0.4334165 0.5970939 0.4235805 0.6060653 0.5 0.6258621 0.4793007 0.6259354 0.4824817 0.6058714 0.4793007 0.6259354 0.4596905 0.6234099 0.4661689 0.6057466 0.4409661 0.6166791 0.4235805 0.6060653 0.4334165 0.5970939 0.4596905 0.6234099 0.4409661 0.6166791 0.4494467 0.603457 0.4488945 0.5518618 0.4420709 0.5555918 0.4414933 0.5539801 0.4271995 0.5806443 0.4200514 0.5685468 0.4284747 0.565294 0.4143633 0.5185459 0.4069514 0.5345 0.394383 0.5297871 0.4028553 0.5092249 0.394383 0.5297871 0.3814593 0.5275765 0.3526169 0.5133767 0.3681678 0.5082427 0.3671199 0.5291075 0.3816842 0.5749132 0.3937057 0.5978893 0.3776574 0.6064267 0.449402 0.6437543 0.4287711 0.6320099 0.4409661 0.6166791 0.4200514 0.5685468 0.4271995 0.5806443 0.4186172 0.5857351 0.3814593 0.5275765 0.3671199 0.5291075 0.3681678 0.5082427 0.4419914 0.5620393 0.4384886 0.5593042 0.4393005 0.5590643 0.4420807 0.5607383 0.4393005 0.5590643 0.4397394 0.5589403 0.4391996 0.558475 0.4392968 0.5578808 0.4397565 0.5580632 0.4320884 0.5568226 0.4333458 0.5625203 0.4284747 0.565294 0.4381669 0.5584337 0.4383744 0.557508 0.4392968 0.5578808 0.3671199 0.5291075 0.3814593 0.5275765 0.379612 0.551282 0.3940456 0.6302579 0.3776574 0.6064267 0.3937057 0.5978893 0.3513184 0.5479208 0.3531782 0.5300448 0.3671199 0.5291075 0.4128684 0.6485117 0.3940456 0.6302579 0.4099287 0.6174916 0.3970192 0.5725149 0.4078172 0.591587 0.3937057 0.5978893 0.463473 0.6786818 0.4348462 0.6655637 0.449402 0.6437543 0.5 0.6847521 0.463473 0.6786818 0.4729619 0.6516463 0.4348462 0.6655637 0.4128684 0.6485117 0.4287711 0.6320099 0.4384886 0.5593042 0.4381669 0.5584337 0.4391996 0.558475 0.4337923 0.5499117 0.4320884 0.5568226 0.4267621 0.5563389 0.3531782 0.5300448 0.3513184 0.5479208 0.3409247 0.5448383 0.4285342 0.5460329 0.4267621 0.5563389 0.4174283 0.5552223 0.3970192 0.5725149 0.3934747 0.5509874 0.4060689 0.5525349 0.3816842 0.5749132 0.379612 0.551282 0.3934747 0.5509874 0.4369542 0.5600278 0.4364624 0.5579381 0.4381669 0.5584337 0.410052 0.5706263 0.4060689 0.5525349 0.4174283 0.5552223 0.4355924 0.5610615 0.4348017 0.557333 0.4364624 0.5579381 0.4333458 0.5625203 0.4320884 0.5568226 0.4348017 0.557333 0.4393005 0.5590643 0.4391996 0.558475 0.4396876 0.5584856 0.3465873 0.5664347 0.3513184 0.5479208 0.3651866 0.5516996 0.5220138 0.5134966 0.5195741 0.5146988 0.5175961 0.5117394 0.5099173 0.517516 0.5139344 0.5150181 0.5154911 0.5181176 0.5246982 0.5237222 0.5195205 0.5285767 0.5179008 0.5240796 0.5 0.5048902 0.5036556 0.5047501 0.503138 0.5075715 0.507223 0.5049521 0.5036556 0.5047501 0.5037561 0.5020039 0.5172482 0.5223892 0.5108446 0.5241949 0.5124544 0.5219017 0.5017127 0.5158169 0.5031619 0.5156783 0.5037764 0.5173171 0.5067647 0.5190533 0.5045914 0.5194429 0.5037764 0.5173171 0.5 0.5083373 0.503138 0.5075715 0.502285 0.5108259 0.5030972 0.5247262 0.5024822 0.5220275 0.5056244 0.522052 0.5018383 0.5176767 0.5037764 0.5173171 0.5045914 0.5194429 0.5117883 0.51362 0.5086365 0.5157122 0.5084874 0.5137128 0.5020405 0.5196083 0.5 0.5196895 0.5 0.5179633 0.5036556 0.5047501 0.5 0.5048902 0.5 0.5019252 0.5175961 0.5117394 0.5133222 0.5092079 0.5151442 0.506527 0.5030972 0.5247262 0.5036317 0.5282098 0.5 0.5282686 0.5036556 0.5047501 0.507223 0.5049521 0.5061705 0.5073661 0.5124544 0.5219017 0.5109384 0.5203056 0.5154911 0.5181176 0.5139344 0.5150181 0.5117883 0.51362 0.5133222 0.5092079 0.5020604 0.5137035 0.5 0.5140524 0.5 0.5114184 0.5045914 0.5194429 0.5056244 0.522052 0.5024822 0.5220275 0.5195445 0.5089466 0.5151442 0.506527 0.5167792 0.5030264 0.5018383 0.5176767 0.5 0.5179633 0.5 0.5162512 0.5 0.5244982 0.5 0.5220377 0.5024822 0.5220275 0.5221394 0.5194303 0.5213351 0.5183832 0.5220138 0.5134966 0.5086365 0.5157122 0.5099173 0.517516 0.5067647 0.5190533 0.5195741 0.5146988 0.5220138 0.5134966 0.5213351 0.5183832 0.5108446 0.5241949 0.5122821 0.5269156 0.5079461 0.5277836 0.5122821 0.5269156 0.5108446 0.5241949 0.5172482 0.5223892 0.5195741 0.5146988 0.5154911 0.5181176 0.5139344 0.5150181 0.5056244 0.522052 0.5045914 0.5194429 0.5067647 0.5190533 0.5117883 0.51362 0.5139344 0.5150181 0.5099173 0.517516 0.5067647 0.5190533 0.5099173 0.517516 0.5109384 0.5203056 0.5172482 0.5223892 0.5164593 0.5205001 0.5197057 0.5177382 0.5113855 0.5053926 0.5151442 0.506527 0.5133222 0.5092079 0.5108446 0.5241949 0.5077276 0.5218256 0.5109384 0.5203056 0.5031619 0.5156783 0.5036545 0.5140374 0.5048837 0.5160925 0.5067638 0.5245396 0.5079461 0.5277836 0.5036317 0.5282098 0.5151442 0.506527 0.5113855 0.5053926 0.5120858 0.5020242 0.5077276 0.5218256 0.5108446 0.5241949 0.5067638 0.5245396 0.503138 0.5075715 0.5061705 0.5073661 0.5040365 0.510691 0.5036317 0.5282098 0.5043385 0.533734 0.5 0.5339318 0.5221394 0.5194303 0.5179008 0.5240796 0.5172482 0.5223892 0.5256588 0.5118182 0.5220138 0.5134966 0.5195445 0.5089466 0.5092365 0.532949 0.5079461 0.5277836 0.5122821 0.5269156 0.5179008 0.5240796 0.5195205 0.5285767 0.514006 0.5315581 0.5079461 0.5277836 0.5092365 0.532949 0.5043385 0.533734 0.5113855 0.5053926 0.507223 0.5049521 0.5076089 0.5019262 0.5 0.5220377 0.5 0.5196895 0.5020405 0.5196083 0.5197057 0.5177382 0.5164593 0.5205001 0.5154911 0.5181176 0.514006 0.5315581 0.5195205 0.5285767 0.5220086 0.5353095 0.514006 0.5315581 0.5162435 0.5385441 0.5105044 0.5401887 0.5092365 0.532949 0.5105044 0.5401887 0.5050386 0.5410546 0.5 0.5412672 0.5 0.5339318 0.5043385 0.533734 0.5 0.5499686 0.5 0.5412672 0.5050386 0.5410546 0.5057974 0.5496506 0.5066507 0.5598839 0.5 0.5602279 0.5105044 0.5401887 0.5118198 0.5500384 0.5057974 0.5496506 0.5162435 0.5385441 0.518426 0.5488618 0.5118198 0.5500384 0.5118198 0.5500384 0.5128716 0.5591021 0.5066507 0.5598839 0.5105373 0.5080561 0.5091989 0.5095636 0.5074243 0.5093342 0.5117883 0.51362 0.5096435 0.5118055 0.5103675 0.5103328 0.5086365 0.5157122 0.5048837 0.5160925 0.506788 0.5138832 0.5040365 0.510691 0.5061709 0.5107559 0.5062219 0.5125389 0.5105373 0.5080561 0.5133222 0.5092079 0.5103675 0.5103328 0.5061705 0.5073661 0.5074243 0.5093342 0.5061709 0.5107559 0.507223 0.5049521 0.5113855 0.5053926 0.5105373 0.5080561 0.5017127 0.5158169 0.5 0.5162512 0.5 0.5140524 0.502285 0.5108259 0.5040365 0.510691 0.5036545 0.5140374 0.5020604 0.5137035 0.5036545 0.5140374 0.5031619 0.5156783 0.5036545 0.5140374 0.5062219 0.5125389 0.506788 0.5138832 0.5096435 0.5118055 0.5074243 0.5093342 0.5091989 0.5095636 0.5096435 0.5118055 0.5084874 0.5137128 0.5061709 0.5107559 0.5084874 0.5137128 0.506788 0.5138832 0.5062219 0.5125389 0.4824039 0.5117394 0.480426 0.5146988 0.4779862 0.5134966 0.4845089 0.5181176 0.4860656 0.5150181 0.4900827 0.517516 0.4820992 0.5240796 0.4804795 0.5285767 0.4753018 0.5237222 0.5 0.5048902 0.5 0.5083373 0.496862 0.5075715 0.496244 0.5020039 0.4963445 0.5047501 0.4927771 0.5049521 0.4875456 0.5219017 0.4891554 0.5241949 0.4827518 0.5223892 0.4982873 0.5158169 0.4981617 0.5176767 0.4962236 0.5173171 0.4932353 0.5190533 0.4951163 0.5160925 0.4962236 0.5173171 0.5 0.5083373 0.5 0.5114184 0.497715 0.5108259 0.4969028 0.5247262 0.4932363 0.5245396 0.4943757 0.522052 0.4981617 0.5176767 0.4979595 0.5196083 0.4954086 0.5194429 0.4882118 0.51362 0.4903565 0.5118055 0.4915127 0.5137128 0.4979595 0.5196083 0.4981617 0.5176767 0.5 0.5179633 0.5 0.5019252 0.5 0.5048902 0.4963445 0.5047501 0.4824039 0.5117394 0.4804555 0.5089466 0.4848558 0.506527 0.5 0.5282686 0.4963684 0.5282098 0.4969028 0.5247262 0.4963445 0.5047501 0.496862 0.5075715 0.4938296 0.5073661 0.4875456 0.5219017 0.4835407 0.5205001 0.4845089 0.5181176 0.4860656 0.5150181 0.4824039 0.5117394 0.4866778 0.5092079 0.4979396 0.5137035 0.497715 0.5108259 0.5 0.5114184 0.4954086 0.5194429 0.4979595 0.5196083 0.4975178 0.5220275 0.4804555 0.5089466 0.4784572 0.5065515 0.4832208 0.5030264 0.5 0.5162512 0.5 0.5179633 0.4981617 0.5176767 0.4975178 0.5220275 0.5 0.5220377 0.5 0.5244982 0.4779862 0.5134966 0.4786649 0.5183832 0.4778606 0.5194303 0.4913635 0.5157122 0.4951163 0.5160925 0.4932353 0.5190533 0.4786649 0.5183832 0.4779862 0.5134966 0.480426 0.5146988 0.4920539 0.5277836 0.4877179 0.5269156 0.4891554 0.5241949 0.4827518 0.5223892 0.4891554 0.5241949 0.4877179 0.5269156 0.4860656 0.5150181 0.4845089 0.5181176 0.480426 0.5146988 0.4932353 0.5190533 0.4954086 0.5194429 0.4943757 0.522052 0.4900827 0.517516 0.4860656 0.5150181 0.4882118 0.51362 0.4890616 0.5203056 0.4900827 0.517516 0.4932353 0.5190533 0.4802944 0.5177382 0.4835407 0.5205001 0.4827518 0.5223892 0.4866778 0.5092079 0.4848558 0.506527 0.4886146 0.5053926 0.4890616 0.5203056 0.4922724 0.5218256 0.4891554 0.5241949 0.4968381 0.5156783 0.4962236 0.5173171 0.4951163 0.5160925 0.4963684 0.5282098 0.4920539 0.5277836 0.4932363 0.5245396 0.4848558 0.506527 0.4832208 0.5030264 0.4879142 0.5020242 0.4922724 0.5218256 0.4943757 0.522052 0.4932363 0.5245396 0.496862 0.5075715 0.497715 0.5108259 0.4959635 0.510691 0.5 0.5339318 0.4956615 0.533734 0.4963684 0.5282098 0.4778606 0.5194303 0.4786649 0.5183832 0.4827518 0.5223892 0.4804555 0.5089466 0.4779862 0.5134966 0.4743412 0.5118182 0.4877179 0.5269156 0.4920539 0.5277836 0.4907636 0.532949 0.485994 0.5315581 0.4804795 0.5285767 0.4820992 0.5240796 0.4920539 0.5277836 0.4963684 0.5282098 0.4956615 0.533734 0.4886146 0.5053926 0.4879142 0.5020242 0.4923911 0.5019262 0.5 0.5220377 0.4975178 0.5220275 0.4979595 0.5196083 0.4845089 0.5181176 0.4835407 0.5205001 0.4802944 0.5177382 0.485994 0.5315581 0.4837566 0.5385441 0.4779914 0.5353095 0.4894956 0.5401887 0.4837566 0.5385441 0.485994 0.5315581 0.4949615 0.5410546 0.4894956 0.5401887 0.4907636 0.532949 0.5 0.5412672 0.4949615 0.5410546 0.4956615 0.533734 0.4942026 0.5496506 0.4949615 0.5410546 0.5 0.5412672 0.5 0.5602279 0.4933493 0.5598839 0.4942026 0.5496506 0.4942026 0.5496506 0.4881802 0.5500384 0.4894956 0.5401887 0.4881802 0.5500384 0.481574 0.5488618 0.4837566 0.5385441 0.4933493 0.5598839 0.4871284 0.5591021 0.4881802 0.5500384 0.4925757 0.5093342 0.4908012 0.5095636 0.4894627 0.5080561 0.4896325 0.5103328 0.4903565 0.5118055 0.4882118 0.51362 0.4913635 0.5157122 0.4915127 0.5137128 0.4932121 0.5138832 0.4937781 0.5125389 0.4938291 0.5107559 0.4959635 0.510691 0.4894627 0.5080561 0.4908012 0.5095636 0.4896325 0.5103328 0.4938291 0.5107559 0.4925757 0.5093342 0.4938296 0.5073661 0.4894627 0.5080561 0.4886146 0.5053926 0.4927771 0.5049521 0.5 0.5140524 0.5 0.5162512 0.4982873 0.5158169 0.497715 0.5108259 0.4979396 0.5137035 0.4963455 0.5140374 0.4979396 0.5137035 0.4982873 0.5158169 0.4968381 0.5156783 0.4932121 0.5138832 0.4937781 0.5125389 0.4963455 0.5140374 0.4908012 0.5095636 0.4925757 0.5093342 0.4903565 0.5118055 0.4903565 0.5118055 0.4925757 0.5093342 0.4938291 0.5107559 0.4915127 0.5137128 0.4938291 0.5107559 0.4937781 0.5125389 0.5262318 0.4719398 0.528886 0.4639019 0.5305867 0.4641919 0.5418087 0.4534912 0.5369396 0.4417102 0.5500141 0.4396027 0.5046344 0.487158 0.5 0.4874413 0.5 0.4839386 0.5155072 0.4811915 0.520534 0.4764755 0.5216162 0.4793077 0.5106875 0.4885263 0.5163729 0.4846273 0.5173225 0.4893086 0.5096564 0.4813467 0.5144986 0.4781975 0.5155072 0.4811915 0.5243632 0.4684398 0.526468 0.4635924 0.5275025 0.4637136 0.5210927 0.4515185 0.5264805 0.4574789 0.5254265 0.4583182 0.5183421 0.470821 0.523108 0.4657 0.5236265 0.4669824 0.5 0.4389247 0.5053873 0.4397717 0.5044901 0.4443663 0.5178795 0.457029 0.5187221 0.4550489 0.5245596 0.4590957 0.5278473 0.4743714 0.5230609 0.4830639 0.5216162 0.4793077 0.5 0.4494411 0.5 0.4464188 0.5043672 0.4469901 0.5275025 0.4637136 0.5254265 0.4583182 0.5264805 0.4574789 0.5095603 0.4479833 0.5090826 0.4507812 0.5042017 0.4500046 0.5130555 0.4743569 0.5134286 0.4756073 0.5089721 0.4779412 0.5100663 0.4453139 0.5044901 0.4443663 0.5053873 0.4397717 0.5197043 0.4533776 0.5254265 0.4583182 0.5245596 0.4590957 0.526468 0.4635924 0.5245596 0.4590957 0.5254265 0.4583182 0.5106875 0.4885263 0.5049533 0.4911244 0.5046344 0.487158 0.528886 0.4639019 0.5262318 0.4719398 0.5251473 0.4700428 0.5136455 0.4523943 0.5144976 0.4497983 0.5197043 0.4533776 0.5043672 0.4469901 0.5044901 0.4443663 0.5100663 0.4453139 0.5230609 0.4830639 0.5173225 0.4893086 0.5163729 0.4846273 0.5197043 0.4533776 0.5144976 0.4497983 0.5155527 0.4475809 0.5 0.492923 0.5 0.4902786 0.5049533 0.4911244 0.554123 0.45532 0.5500141 0.4396027 0.5694357 0.4447817 0.5210927 0.4515185 0.5155527 0.4475809 0.5172186 0.4449318 0.5 0.4464188 0.5 0.4440277 0.5044901 0.4443663 0.5 0.4902786 0.5 0.4874413 0.5046344 0.487158 0.528886 0.4639019 0.5264805 0.4574789 0.5276713 0.4566839 0.5 0.4797286 0.5041832 0.4794117 0.5043632 0.4835022 0.520534 0.4764755 0.5155072 0.4811915 0.5144986 0.4781975 0.5236265 0.4669824 0.5254602 0.4634798 0.526468 0.4635924 0.5042017 0.4500046 0.5041742 0.4535023 0.5 0.4532034 0.5134286 0.4756073 0.5130555 0.4743569 0.5183421 0.470821 0.5187241 0.471988 0.5236265 0.4669824 0.5243632 0.4684398 0.5237359 0.4599092 0.5254602 0.4634798 0.524374 0.463377 0.5177096 0.4581952 0.5178795 0.457029 0.5237359 0.4599092 0.512799 0.4550785 0.5125721 0.4561904 0.5083894 0.455258 0.5195187 0.4742006 0.5243632 0.4684398 0.5251473 0.4700428 0.5236265 0.4669824 0.523108 0.4657 0.524374 0.463377 0.5086161 0.4540857 0.5083894 0.455258 0.50418 0.4549445 0.5136455 0.4523943 0.512799 0.4550785 0.5086161 0.4540857 0.5096564 0.4813467 0.5043632 0.4835022 0.5041832 0.4794117 0.5041742 0.4535023 0.50418 0.4549445 0.5 0.4547015 0.512799 0.4550785 0.5136455 0.4523943 0.5187221 0.4550489 0.5245596 0.4590957 0.526468 0.4635924 0.5254602 0.4634798 0.5134286 0.4756073 0.5187241 0.471988 0.5195187 0.4742006 0.5378476 0.4661978 0.5443216 0.4678589 0.5418236 0.4825851 0.5112963 0.4924322 0.512409 0.497516 0.5071727 0.4984759 0.5347754 0.4535875 0.5298409 0.4446863 0.5369396 0.4417102 0.529209 0.4325667 0.5369396 0.4417102 0.5298409 0.4446863 0.5332588 0.4647402 0.5378476 0.4661978 0.5352244 0.4795966 0.5401887 0.4252238 0.5500141 0.4396027 0.5369396 0.4417102 0.5378456 0.4954519 0.5312421 0.4915244 0.5352244 0.4795966 0.5306681 0.4772467 0.5352244 0.4795966 0.5312421 0.4915244 0.5298409 0.4446863 0.5347754 0.4535875 0.5304097 0.455107 0.518503 0.4268199 0.529209 0.4325667 0.5235244 0.4366014 0.5156677 0.432089 0.5235244 0.4366014 0.5199949 0.440979 0.5034583 0.4991355 0.5071727 0.4984759 0.5076089 0.5019262 0.5087531 0.4238646 0.5 0.4230207 0.5 0.4176393 0.5261617 0.4881099 0.5312421 0.4915244 0.5254961 0.5008679 0.5276713 0.4566839 0.522763 0.4500257 0.5256007 0.4476073 0.5230609 0.4830639 0.5278473 0.4743714 0.5306681 0.4772467 0.5378456 0.4954519 0.5418236 0.4825851 0.5513816 0.487601 0.5418087 0.4534912 0.5443216 0.4678589 0.5378476 0.4661978 0.518503 0.4268199 0.5087531 0.4238646 0.5102385 0.4179015 0.5113027 0.4415621 0.5053873 0.4397717 0.5064166 0.4347599 0.5443216 0.4678589 0.5418087 0.4534912 0.554123 0.45532 0.5029228 0.4966223 0.5034583 0.4991355 0.5 0.498993 0.5229122 0.4121439 0.510842 0.4115136 0.5108109 0.4042662 0.5254961 0.5008679 0.5215429 0.5065515 0.5167792 0.5030264 0.512409 0.497516 0.5190854 0.4966937 0.5167792 0.5030264 0.522392 0.420289 0.5229122 0.4121439 0.5395029 0.4132718 0.5235244 0.4366014 0.5298409 0.4446863 0.5256007 0.4476073 0.5347754 0.4535875 0.5378476 0.4661978 0.5332588 0.4647402 0.5418236 0.4825851 0.5443216 0.4678589 0.5551015 0.4706892 0.5173225 0.4893086 0.5190854 0.4966937 0.512409 0.497516 0.5199949 0.440979 0.5256007 0.4476073 0.522763 0.4500257 0.5261617 0.4881099 0.5190854 0.4966937 0.5173225 0.4893086 0.5 0.5019252 0.5 0.498993 0.5034583 0.4991355 0.5064166 0.4347599 0.5 0.4340486 0.5 0.4288731 0.522763 0.4500257 0.5276713 0.4566839 0.5264805 0.4574789 0.5332588 0.4647402 0.5306681 0.4772467 0.5278473 0.4743714 0.5172186 0.4449318 0.5113027 0.4415621 0.513185 0.4368394 0.5051149 0.49463 0.5071727 0.4984759 0.5034583 0.4991355 0.5053873 0.4397717 0.5 0.4389247 0.5 0.4340486 0.5 0.492923 0.5051149 0.49463 0.5029228 0.4966223 0.5367047 0.400854 0.5218366 0.4038507 0.5205135 0.3967384 0.5395029 0.4132718 0.5367047 0.400854 0.5594052 0.3978595 0.5 0.4112395 0.510842 0.4115136 0.5102385 0.4179015 0.5500141 0.4396027 0.5401887 0.4252238 0.5682212 0.4311723 0.5102385 0.4179015 0.510842 0.4115136 0.5229122 0.4121439 0.5401887 0.4252238 0.5395029 0.4132718 0.5659193 0.416105 0.5551015 0.4706892 0.554123 0.45532 0.5705973 0.4609956 0.5513816 0.487601 0.5551015 0.4706892 0.569114 0.4775402 0.5932831 0.457915 0.5904352 0.4735735 0.5705973 0.4609956 0.5205135 0.3967384 0.5114929 0.3957277 0.5161429 0.3839607 0.5218366 0.4038507 0.5108109 0.4042662 0.5114929 0.3957277 0.5367047 0.400854 0.5296444 0.3901087 0.5480156 0.3807743 0.5114929 0.3957277 0.5 0.3954671 0.5 0.3811366 0.5296444 0.3901087 0.5161429 0.3839607 0.5253596 0.3696402 0.510842 0.4115136 0.5 0.4112395 0.5 0.4044859 0.5108109 0.4042662 0.5 0.4044859 0.5 0.3954671 0.5161429 0.3839607 0.5 0.3811366 0.5 0.3660384 0.5839812 0.4901503 0.5749809 0.5061644 0.5628141 0.495886 0.5904352 0.4735735 0.5839812 0.4901503 0.569114 0.4775402 0.5943403 0.441904 0.5932831 0.457915 0.5694357 0.4447817 0.5937538 0.4230079 0.5943403 0.441904 0.5682212 0.4311723 0.6117922 0.4977228 0.5971447 0.5092249 0.5839812 0.4901503 0.5932831 0.457915 0.5943403 0.441904 0.6186765 0.4569099 0.5898358 0.3999243 0.5937538 0.4230079 0.5659193 0.416105 0.5801177 0.3719175 0.5898358 0.3999243 0.5594052 0.3978595 0.5382052 0.3535323 0.5801177 0.3719175 0.5480156 0.3807743 0.5 0.3489954 0.5382052 0.3535323 0.5253596 0.3696402 0.5943403 0.441904 0.5937538 0.4230079 0.6223667 0.438834 0.5937538 0.4230079 0.5898358 0.3999243 0.6267795 0.4161256 0.6808039 0.4735192 0.6680331 0.4448304 0.7092882 0.4642657 0.6318322 0.5082427 0.6344498 0.4887771 0.650359 0.4987894 0.7210645 0.4321029 0.7092882 0.4642657 0.6680331 0.4448304 0.6902689 0.4901065 0.6808039 0.4735192 0.7050853 0.4824009 0.6117922 0.4977228 0.6150877 0.475674 0.6344498 0.4887771 0.6671287 0.4972218 0.655726 0.4864567 0.6651021 0.4772073 0.5262318 0.4719398 0.5216162 0.4793077 0.520534 0.4764755 0.5898358 0.3999243 0.5801177 0.3719175 0.6310367 0.3887065 0.6150877 0.475674 0.6117922 0.4977228 0.5904352 0.4735735 0.6651021 0.4772073 0.655726 0.4864567 0.6392189 0.4728164 0.5071727 0.4984759 0.512409 0.497516 0.5120858 0.5020242 0.5395029 0.4132718 0.5229122 0.4121439 0.5218366 0.4038507 0.529209 0.4325667 0.518503 0.4268199 0.522392 0.420289 0.5074702 0.429688 0.5156677 0.432089 0.513185 0.4368394 0.5087531 0.4238646 0.518503 0.4268199 0.5156677 0.432089 0.5086956 0.4767004 0.5089721 0.4779412 0.5041832 0.4794117 0.5144986 0.4781975 0.5096564 0.4813467 0.5089721 0.4779412 0.5090826 0.4507812 0.5086161 0.4540857 0.5041742 0.4535023 0.5 0.4777861 0.504083 0.4775555 0.5041832 0.4794117 0.5144976 0.4497983 0.5095603 0.4479833 0.5100663 0.4453139 0.5163729 0.4846273 0.5106875 0.4885263 0.5101749 0.484771 0.5155527 0.4475809 0.5100663 0.4453139 0.5113027 0.4415621 0.5144976 0.4497983 0.5136455 0.4523943 0.5090826 0.4507812 0.5043632 0.4835022 0.5096564 0.4813467 0.5101749 0.484771 0.5049533 0.4911244 0.5106875 0.4885263 0.5112963 0.4924322 0.5074702 0.429688 0.5 0.4288731 0.5 0.4230207 0.5304097 0.455107 0.5332588 0.4647402 0.5305867 0.4641919 0.6473831 0.5133767 0.650359 0.4987894 0.6617163 0.5068824 0.6651021 0.4772073 0.6488059 0.4582887 0.6680331 0.4448304 0.6808039 0.4735192 0.6902689 0.4901065 0.6755965 0.4903123 0.6267795 0.4161256 0.6680331 0.4448304 0.6488059 0.4582887 0.6267795 0.4161256 0.6310367 0.3887065 0.6780155 0.4107951 0.6344498 0.4887771 0.6392189 0.4728164 0.655726 0.4864567 0.6186765 0.4569099 0.6223667 0.438834 0.6488059 0.4582887 0.650359 0.4987894 0.655726 0.4864567 0.6671287 0.4972218 0.6392189 0.4728164 0.6344498 0.4887771 0.6150877 0.475674 0.5125721 0.4561904 0.512799 0.4550785 0.5178795 0.457029 0.4737682 0.4719398 0.4721527 0.4743714 0.4694133 0.4641919 0.4499859 0.4396027 0.4630604 0.4417102 0.4581913 0.4534912 0.5 0.4839386 0.5 0.4874413 0.4953656 0.487158 0.4844928 0.4811915 0.4836272 0.4846273 0.4783838 0.4793077 0.4826775 0.4893086 0.4836272 0.4846273 0.4893125 0.4885263 0.4844928 0.4811915 0.4855014 0.4781975 0.4903436 0.4813467 0.4724975 0.4637136 0.473532 0.4635924 0.4756368 0.4684398 0.4745736 0.4583182 0.4735195 0.4574789 0.4789074 0.4515185 0.4812759 0.471988 0.4763736 0.4669824 0.4768921 0.4657 0.5 0.4389247 0.5 0.4440277 0.4955099 0.4443663 0.4762641 0.4599092 0.4754405 0.4590957 0.4812779 0.4550489 0.4721527 0.4743714 0.4737682 0.4719398 0.4783838 0.4793077 0.4956328 0.4469901 0.5 0.4464188 0.5 0.4494411 0.4735195 0.4574789 0.4745736 0.4583182 0.4724975 0.4637136 0.4904397 0.4479833 0.4956328 0.4469901 0.4957984 0.4500046 0.4910279 0.4779412 0.4865714 0.4756073 0.4869445 0.4743569 0.4946127 0.4397717 0.4955099 0.4443663 0.4899337 0.4453139 0.4802957 0.4533776 0.4812779 0.4550489 0.4754405 0.4590957 0.4745736 0.4583182 0.4754405 0.4590957 0.473532 0.4635924 0.4893125 0.4885263 0.4898251 0.484771 0.4953656 0.487158 0.4748528 0.4700428 0.4737682 0.4719398 0.471114 0.4639019 0.4802957 0.4533776 0.4855024 0.4497983 0.4863545 0.4523943 0.4899337 0.4453139 0.4955099 0.4443663 0.4956328 0.4469901 0.4836272 0.4846273 0.4826775 0.4893086 0.4769392 0.4830639 0.4844473 0.4475809 0.4855024 0.4497983 0.4802957 0.4533776 0.5 0.492923 0.4948852 0.49463 0.4950467 0.4911244 0.445877 0.45532 0.4294027 0.4609956 0.4305644 0.4447817 0.4789074 0.4515185 0.477237 0.4500257 0.4827814 0.4449318 0.4955099 0.4443663 0.5 0.4440277 0.5 0.4464188 0.5 0.4902786 0.4950467 0.4911244 0.4953656 0.487158 0.4723287 0.4566839 0.4735195 0.4574789 0.471114 0.4639019 0.4956368 0.4835022 0.4958168 0.4794117 0.5 0.4797286 0.4804813 0.4742006 0.4855014 0.4781975 0.4844928 0.4811915 0.4756368 0.4684398 0.473532 0.4635924 0.4745398 0.4634798 0.5 0.4532034 0.4958258 0.4535023 0.4957984 0.4500046 0.4865714 0.4756073 0.4812759 0.471988 0.4816579 0.470821 0.4804813 0.4742006 0.4756368 0.4684398 0.4763736 0.4669824 0.4762641 0.4599092 0.4769811 0.4610326 0.475626 0.463377 0.4769811 0.4610326 0.4762641 0.4599092 0.4821205 0.457029 0.487201 0.4550785 0.4913839 0.4540857 0.4916107 0.455258 0.4804813 0.4742006 0.479466 0.4764755 0.4748528 0.4700428 0.475626 0.463377 0.4768921 0.4657 0.4763736 0.4669824 0.4913839 0.4540857 0.4958258 0.4535023 0.49582 0.4549445 0.4913839 0.4540857 0.487201 0.4550785 0.4863545 0.4523943 0.4958168 0.4794117 0.4956368 0.4835022 0.4903436 0.4813467 0.5 0.4532034 0.5 0.4547015 0.49582 0.4549445 0.487201 0.4550785 0.4821205 0.457029 0.4812779 0.4550489 0.4745398 0.4634798 0.473532 0.4635924 0.4754405 0.4590957 0.4855014 0.4781975 0.4804813 0.4742006 0.4812759 0.471988 0.4621524 0.4661978 0.4647756 0.4795966 0.4581764 0.4825851 0.4887037 0.4924322 0.4948852 0.49463 0.4928274 0.4984759 0.4652246 0.4535875 0.4581913 0.4534912 0.4630604 0.4417102 0.4707911 0.4325667 0.4764757 0.4366014 0.4701591 0.4446863 0.4647756 0.4795966 0.4621524 0.4661978 0.4667412 0.4647402 0.4598113 0.4252238 0.4707911 0.4325667 0.4630604 0.4417102 0.4647756 0.4795966 0.4687579 0.4915244 0.4621544 0.4954519 0.4687579 0.4915244 0.4647756 0.4795966 0.4693319 0.4772467 0.4701591 0.4446863 0.4743993 0.4476073 0.4695903 0.455107 0.4764757 0.4366014 0.4707911 0.4325667 0.481497 0.4268199 0.4800052 0.440979 0.4764757 0.4366014 0.4843323 0.432089 0.4923911 0.5019262 0.4928274 0.4984759 0.4965417 0.4991355 0.5 0.4176393 0.5 0.4230207 0.4912469 0.4238646 0.4745039 0.5008679 0.4687579 0.4915244 0.4738383 0.4881099 0.4743993 0.4476073 0.477237 0.4500257 0.4723287 0.4566839 0.4769392 0.4830639 0.4738383 0.4881099 0.4693319 0.4772467 0.4486184 0.487601 0.4581764 0.4825851 0.4621544 0.4954519 0.4621524 0.4661978 0.4556784 0.4678589 0.4581913 0.4534912 0.4897615 0.4179015 0.4912469 0.4238646 0.481497 0.4268199 0.4886973 0.4415621 0.486815 0.4368394 0.4935835 0.4347599 0.4556784 0.4678589 0.4448986 0.4706892 0.445877 0.45532 0.4970772 0.4966223 0.5 0.495864 0.5 0.498993 0.4781634 0.4038507 0.4891891 0.4042662 0.489158 0.4115136 0.4809147 0.4966937 0.4832208 0.5030264 0.4784572 0.5065515 0.487591 0.497516 0.4879142 0.5020242 0.4832208 0.5030264 0.4604971 0.4132718 0.4770879 0.4121439 0.477608 0.420289 0.4764757 0.4366014 0.4800052 0.440979 0.4743993 0.4476073 0.4652246 0.4535875 0.4695903 0.455107 0.4667412 0.4647402 0.4486184 0.487601 0.4448986 0.4706892 0.4556784 0.4678589 0.4826775 0.4893086 0.4887037 0.4924322 0.487591 0.497516 0.477237 0.4500257 0.4743993 0.4476073 0.4800052 0.440979 0.4826775 0.4893086 0.4809147 0.4966937 0.4738383 0.4881099 0.4965417 0.4991355 0.5 0.498993 0.5 0.5019252 0.4925298 0.429688 0.5 0.4288731 0.5 0.4340486 0.4735195 0.4574789 0.4723287 0.4566839 0.477237 0.4500257 0.4721527 0.4743714 0.4693319 0.4772467 0.4667412 0.4647402 0.4827814 0.4449318 0.4800052 0.440979 0.486815 0.4368394 0.4948852 0.49463 0.4970772 0.4966223 0.4965417 0.4991355 0.4935835 0.4347599 0.5 0.4340486 0.5 0.4389247 0.5 0.492923 0.5 0.495864 0.4970772 0.4966223 0.4632954 0.400854 0.4703556 0.3901087 0.4794865 0.3967384 0.4405948 0.3978595 0.4632954 0.400854 0.4604971 0.4132718 0.5 0.4176393 0.4897615 0.4179015 0.489158 0.4115136 0.4499859 0.4396027 0.4305644 0.4447817 0.4317789 0.4311723 0.4770879 0.4121439 0.489158 0.4115136 0.4897615 0.4179015 0.4340807 0.416105 0.4604971 0.4132718 0.4598113 0.4252238 0.4448986 0.4706892 0.430886 0.4775402 0.4294027 0.4609956 0.4486184 0.487601 0.4371859 0.495886 0.430886 0.4775402 0.4294027 0.4609956 0.4095649 0.4735735 0.406717 0.457915 0.4838571 0.3839607 0.4885071 0.3957277 0.4794865 0.3967384 0.4781634 0.4038507 0.4794865 0.3967384 0.4885071 0.3957277 0.4519844 0.3807743 0.4703556 0.3901087 0.4632954 0.400854 0.5 0.3811366 0.5 0.3954671 0.4885071 0.3957277 0.4746404 0.3696402 0.4838571 0.3839607 0.4703556 0.3901087 0.4891891 0.4042662 0.5 0.4044859 0.5 0.4112395 0.5 0.3954671 0.5 0.4044859 0.4891891 0.4042662 0.5 0.3660384 0.5 0.3811366 0.4838571 0.3839607 0.4371859 0.495886 0.4250191 0.5061644 0.4160188 0.4901503 0.430886 0.4775402 0.4160188 0.4901503 0.4095649 0.4735735 0.4305644 0.4447817 0.406717 0.457915 0.4056597 0.441904 0.4317789 0.4311723 0.4056597 0.441904 0.4062462 0.4230079 0.4160188 0.4901503 0.4028553 0.5092249 0.3882078 0.4977228 0.406717 0.457915 0.3849123 0.475674 0.3813235 0.4569099 0.4340807 0.416105 0.4062462 0.4230079 0.4101642 0.3999243 0.4405948 0.3978595 0.4101642 0.3999243 0.4198823 0.3719175 0.4519844 0.3807743 0.4198823 0.3719175 0.4617949 0.3535323 0.5 0.3489954 0.5 0.3660384 0.4746404 0.3696402 0.4056597 0.441904 0.3813235 0.4569099 0.3776333 0.438834 0.4062462 0.4230079 0.3776333 0.438834 0.3732205 0.4161256 0.2907118 0.4642657 0.3319669 0.4448304 0.3191961 0.4735192 0.3681678 0.5082427 0.3526169 0.5133767 0.349641 0.4987894 0.2789356 0.4321029 0.3219845 0.4107951 0.3319669 0.4448304 0.3097311 0.4901065 0.2950463 0.4939835 0.2949147 0.4824009 0.3882078 0.4977228 0.3681678 0.5082427 0.3655502 0.4887771 0.3348979 0.4772073 0.344274 0.4864567 0.3328713 0.4972218 0.4737682 0.4719398 0.4748528 0.4700428 0.479466 0.4764755 0.4101642 0.3999243 0.3732205 0.4161256 0.3689633 0.3887065 0.4095649 0.4735735 0.3882078 0.4977228 0.3849123 0.475674 0.3348979 0.4772073 0.3511942 0.4582887 0.3607811 0.4728164 0.4928274 0.4984759 0.4923911 0.5019262 0.4879142 0.5020242 0.4604971 0.4132718 0.4632954 0.400854 0.4781634 0.4038507 0.477608 0.420289 0.481497 0.4268199 0.4707911 0.4325667 0.486815 0.4368394 0.4843323 0.432089 0.4925298 0.429688 0.4843323 0.432089 0.481497 0.4268199 0.4912469 0.4238646 0.4958168 0.4794117 0.4910279 0.4779412 0.4913045 0.4767004 0.4865714 0.4756073 0.4910279 0.4779412 0.4903436 0.4813467 0.4958258 0.4535023 0.4913839 0.4540857 0.4909175 0.4507812 0.5 0.4797286 0.4958168 0.4794117 0.495917 0.4775555 0.4844473 0.4475809 0.4899337 0.4453139 0.4904397 0.4479833 0.4836272 0.4846273 0.4844928 0.4811915 0.4898251 0.484771 0.4886973 0.4415621 0.4899337 0.4453139 0.4844473 0.4475809 0.4855024 0.4497983 0.4904397 0.4479833 0.4909175 0.4507812 0.4898251 0.484771 0.4903436 0.4813467 0.4956368 0.4835022 0.4887037 0.4924322 0.4893125 0.4885263 0.4950467 0.4911244 0.5 0.4230207 0.5 0.4288731 0.4925298 0.429688 0.4694133 0.4641919 0.4667412 0.4647402 0.4695903 0.455107 0.3526169 0.5133767 0.3412536 0.5180559 0.3382837 0.5068824 0.3348979 0.4772073 0.3191961 0.4735192 0.3319669 0.4448304 0.3191961 0.4735192 0.3348979 0.4772073 0.3244035 0.4903123 0.3511942 0.4582887 0.3319669 0.4448304 0.3732205 0.4161256 0.3219845 0.4107951 0.3689633 0.3887065 0.3732205 0.4161256 0.3655502 0.4887771 0.349641 0.4987894 0.344274 0.4864567 0.3813235 0.4569099 0.3607811 0.4728164 0.3511942 0.4582887 0.349641 0.4987894 0.3382837 0.5068824 0.3328713 0.4972218 0.3849123 0.475674 0.3655502 0.4887771 0.3607811 0.4728164 0.487428 0.4561904 0.4822905 0.4581952 0.4821205 0.457029 0.5414827 0.5567549 0.5404412 0.5631715 0.5337022 0.5598658 0.531013 0.5527292 0.5356061 0.5518756 0.5349954 0.5554333 0.5293864 0.5531557 0.531013 0.5527292 0.5303958 0.5543696 0.5298511 0.5562321 0.5303958 0.5543696 0.5349954 0.5554333 0.5303958 0.5543696 0.5298511 0.5562321 0.5287091 0.5543798 0.5508972 0.5526522 0.5502398 0.557873 0.5414827 0.5567549 0.5356061 0.5518756 0.5426896 0.5513029 0.5414827 0.5567549 0.5502398 0.557873 0.5508972 0.5526522 0.5579761 0.556433 0.5292367 0.5541005 0.5287091 0.5543798 0.5279257 0.5536357 0.5504166 0.5624879 0.5404412 0.5631715 0.5414827 0.5567549 0.5602606 0.5589403 0.5581327 0.559648 0.5584338 0.558353 0.5581327 0.559648 0.5504166 0.5624879 0.5502398 0.557873 0.5584338 0.558353 0.5579761 0.556433 0.5602435 0.5580632 0.4585173 0.5567549 0.4650046 0.5554333 0.4662978 0.5598658 0.4650046 0.5554333 0.4643939 0.5518756 0.4689871 0.5527292 0.4706137 0.5531557 0.4707633 0.5541005 0.4696042 0.5543696 0.4701489 0.5562321 0.4662978 0.5598658 0.4650046 0.5554333 0.4696042 0.5543696 0.4707633 0.5541005 0.471291 0.5543798 0.4573104 0.5513029 0.4585173 0.5567549 0.4497603 0.557873 0.4585173 0.5567549 0.4573104 0.5513029 0.4643939 0.5518756 0.4497603 0.557873 0.4415662 0.558353 0.4420239 0.556433 0.4720743 0.5536357 0.471291 0.5543798 0.4707633 0.5541005 0.4495834 0.5624879 0.4497603 0.557873 0.4585173 0.5567549 0.4397394 0.5589403 0.4396876 0.5584856 0.4415662 0.558353 0.4497603 0.557873 0.4495834 0.5624879 0.4418674 0.559648 0.4397565 0.5580632 0.4420239 0.556433 0.4415662 0.558353 0.5125721 0.4561904 0.5130555 0.4743569 0.5086956 0.4767004 0.523019 0.4610326 0.523108 0.4657 0.5183421 0.470821 0.5177096 0.4581952 0.5183421 0.470821 0.5130555 0.4743569 0.5 0.4777861 0.5 0.4547015 0.50418 0.4549445 0.5083894 0.455258 0.5086956 0.4767004 0.504083 0.4775555 0.4913045 0.4767004 0.4869445 0.4743569 0.487428 0.4561904 0.4816579 0.470821 0.4768921 0.4657 0.4769811 0.4610326 0.4869445 0.4743569 0.4816579 0.470821 0.4822905 0.4581952 0.49582 0.4549445 0.5 0.4547015 0.5 0.4777861 0.495917 0.4775555 0.4913045 0.4767004 0.4916107 0.455258 0.6877397 0.5814337 0.6805441 0.5777146 0.6819598 0.5747129 0.6736742 0.5242394 0.6720724 0.5321777 0.665713 0.5315378 0.7119425 0.5566545 0.7080582 0.5566163 0.7104707 0.5476074 0.6954294 0.5736655 0.7015319 0.5707301 0.7034571 0.5766313 0.7022154 0.5018315 0.7049537 0.4939835 0.7166369 0.5010859 0.7057594 0.5811703 0.694929 0.5836358 0.6950303 0.5791595 0.7196167 0.556635 0.7221411 0.5443958 0.7285091 0.5441313 0.6908227 0.5312325 0.6888088 0.5258053 0.6947774 0.5272231 0.7244364 0.5138028 0.7284005 0.5283727 0.7211788 0.5288251 0.6922715 0.5359297 0.6892725 0.5376868 0.688026 0.5338405 0.7033144 0.5126837 0.7107099 0.5078791 0.7174965 0.5173102 0.7033144 0.5126837 0.6974149 0.5067145 0.7022154 0.5018315 0.7107099 0.5078791 0.7166369 0.5010859 0.7244364 0.5138028 0.6855024 0.5308166 0.6888088 0.5258053 0.6908227 0.5312325 0.712211 0.5695848 0.7034571 0.5766313 0.7015319 0.5707301 0.7003216 0.5457563 0.7039799 0.5462727 0.7033282 0.5545422 0.6876946 0.5670471 0.687215 0.56906 0.6851815 0.5630136 0.6979166 0.5657981 0.6968044 0.5643026 0.6983143 0.5598624 0.6954503 0.5531086 0.688537 0.559334 0.6866375 0.556351 0.7071 0.5265182 0.7049693 0.5279345 0.6995868 0.5190661 0.6938074 0.5030422 0.691358 0.4987161 0.7022154 0.5018315 0.7119425 0.5566545 0.7196167 0.556635 0.712211 0.5695848 0.7020149 0.529379 0.6984233 0.5317454 0.6947774 0.5272231 0.7080582 0.5566163 0.7119425 0.5566545 0.7071863 0.565039 0.69431 0.5653814 0.6968044 0.5643026 0.6979166 0.5657981 0.7071 0.5265182 0.7109072 0.523341 0.7145732 0.5330966 0.6898739 0.5738044 0.6954294 0.5736655 0.6950303 0.5791595 0.7010222 0.5157353 0.6995868 0.5190661 0.693816 0.5139313 0.6952685 0.5452473 0.7003216 0.5457563 0.6994959 0.5533493 0.6952685 0.5452473 0.6954503 0.5531086 0.6907914 0.5497936 0.6945288 0.5596814 0.6895384 0.5630012 0.688537 0.559334 0.7039799 0.5462727 0.707879 0.5468195 0.7059652 0.5565574 0.7049539 0.5632712 0.7034083 0.5622696 0.7059652 0.5565574 0.6909118 0.570209 0.687215 0.56906 0.6876946 0.5670471 0.715261 0.5459005 0.7221411 0.5443958 0.7196167 0.556635 0.7011399 0.5612227 0.6983143 0.5598624 0.6994959 0.5533493 0.7049693 0.5279345 0.7071 0.5265182 0.709451 0.5353916 0.7211788 0.5288251 0.7145732 0.5330966 0.7109072 0.523341 0.6983143 0.5598624 0.6945288 0.5596814 0.6954503 0.5531086 0.6947433 0.5699983 0.6992838 0.5672376 0.7003887 0.5686416 0.6951237 0.539325 0.6918537 0.5401209 0.6922715 0.5359297 0.7074564 0.5358245 0.7035551 0.5372195 0.7020149 0.529379 0.6730989 0.541788 0.6779431 0.5405743 0.6794325 0.5483962 0.6918103 0.5443336 0.6907914 0.5497936 0.6879364 0.5474973 0.6992838 0.5672376 0.7034083 0.5622696 0.7049539 0.5632712 0.69064 0.5719874 0.6869019 0.5705222 0.687215 0.56906 0.69431 0.5653814 0.691675 0.5647349 0.6895384 0.5630012 0.687215 0.56906 0.6869019 0.5705222 0.6830216 0.5630199 0.7033144 0.5126837 0.7010222 0.5157353 0.6964178 0.5097109 0.7001442 0.5382997 0.6951237 0.539325 0.6951786 0.5343453 0.6951786 0.5343453 0.6922715 0.5359297 0.6908227 0.5312325 0.6968044 0.5643026 0.69431 0.5653814 0.6945288 0.5596814 0.712211 0.5695848 0.7196167 0.556635 0.7251515 0.5579933 0.7034571 0.5766313 0.712211 0.5695848 0.7164093 0.5728983 0.6938074 0.5030422 0.6974149 0.5067145 0.6964178 0.5097109 0.7015319 0.5707301 0.6954294 0.5736655 0.695223 0.5714095 0.7071863 0.565039 0.7015319 0.5707301 0.7003887 0.5686416 0.6984233 0.5317454 0.6951786 0.5343453 0.6933946 0.5306287 0.6830216 0.5630199 0.6793569 0.5621916 0.6809453 0.555128 0.7109072 0.523341 0.7071 0.5265182 0.7010222 0.5157353 0.6964153 0.5235291 0.6947774 0.5272231 0.6888088 0.5258053 0.707879 0.5468195 0.7104707 0.5476074 0.7080582 0.5566163 0.7035551 0.5372195 0.7001442 0.5382997 0.6984233 0.5317454 0.7034083 0.5622696 0.7011399 0.5612227 0.7033282 0.5545422 0.69064 0.5719874 0.695223 0.5714095 0.6954294 0.5736655 0.6720724 0.5321777 0.6730989 0.541788 0.6666696 0.5430583 0.6943192 0.5681747 0.6979166 0.5657981 0.6992838 0.5672376 0.7049693 0.5279345 0.7020149 0.529379 0.6964153 0.5235291 0.6979166 0.5657981 0.7011399 0.5612227 0.7034083 0.5622696 0.6895384 0.5630012 0.6876946 0.5670471 0.6866469 0.5628991 0.6830216 0.5630199 0.6839779 0.5535159 0.6866375 0.556351 0.6666696 0.5430583 0.6704785 0.5561551 0.6643356 0.559628 0.6704785 0.5561551 0.6666696 0.5430583 0.6730989 0.541788 0.6892725 0.5376868 0.6922715 0.5359297 0.6918537 0.5401209 0.6911637 0.5681711 0.6876946 0.5670471 0.6895384 0.5630012 0.6755508 0.5658668 0.6793569 0.5621916 0.6842796 0.5714875 0.6704785 0.5561551 0.6753801 0.5529046 0.6793569 0.5621916 0.6805441 0.5777146 0.6712419 0.5707426 0.6755508 0.5658668 0.6833391 0.4993347 0.6755965 0.4903123 0.6902689 0.4901065 0.682691 0.521376 0.6766392 0.5170679 0.6793715 0.5139275 0.6669127 0.5213956 0.665713 0.5315378 0.6577229 0.5309544 0.6736742 0.5242394 0.6766392 0.5170679 0.682691 0.521376 0.665713 0.5315378 0.6666696 0.5430583 0.6590753 0.5448383 0.6704785 0.5561551 0.6755508 0.5658668 0.6712419 0.5707426 0.6587464 0.5180559 0.6617163 0.5068824 0.6699858 0.5122979 0.7049537 0.4939835 0.7022154 0.5018315 0.691358 0.4987161 0.6755965 0.4903123 0.6833391 0.4993347 0.6750218 0.5045291 0.6766392 0.5170679 0.6736742 0.5242394 0.6669127 0.5213956 0.6617163 0.5068824 0.6671287 0.4972218 0.6750218 0.5045291 0.6909935 0.5199961 0.6888088 0.5258053 0.682691 0.521376 0.6797195 0.5269482 0.682691 0.521376 0.6888088 0.5258053 0.6943192 0.5681747 0.6911637 0.5681711 0.691675 0.5647349 0.6869019 0.5705222 0.69064 0.5719874 0.6898739 0.5738044 0.695223 0.5714095 0.69064 0.5719874 0.6909118 0.570209 0.6947433 0.5699983 0.6909118 0.570209 0.6911637 0.5681711 0.6842796 0.5714875 0.6898739 0.5738044 0.689017 0.5767126 0.694929 0.5836358 0.6877397 0.5814337 0.689017 0.5767126 0.6865089 0.5088357 0.6855961 0.5156959 0.6793715 0.5139275 0.6995868 0.5190661 0.6964153 0.5235291 0.6909935 0.5199961 0.6720724 0.5321777 0.6736742 0.5242394 0.6797195 0.5269482 0.6793715 0.5139275 0.6766392 0.5170679 0.6699858 0.5122979 0.6730989 0.541788 0.6720724 0.5321777 0.6779488 0.5332698 0.6896516 0.5042663 0.6833391 0.4993347 0.691358 0.4987161 0.693816 0.5139313 0.6909935 0.5199961 0.6855961 0.5156959 0.6753801 0.5529046 0.6794325 0.5483962 0.6809453 0.555128 0.6918537 0.5401209 0.6951237 0.539325 0.6952685 0.5452473 0.7145732 0.5330966 0.7211788 0.5288251 0.7221411 0.5443958 0.7035551 0.5372195 0.7074564 0.5358245 0.707879 0.5468195 0.709451 0.5353916 0.7145732 0.5330966 0.715261 0.5459005 0.7001442 0.5382997 0.7035551 0.5372195 0.7039799 0.5462727 0.7221411 0.5443958 0.7211788 0.5288251 0.7284005 0.5283727 0.707879 0.5468195 0.7074564 0.5358245 0.709451 0.5353916 0.689998 0.5402299 0.6918537 0.5401209 0.6918103 0.5443336 0.7003216 0.5457563 0.6952685 0.5452473 0.6951237 0.539325 0.6797195 0.5269482 0.6855024 0.5308166 0.6815198 0.53456 0.6779431 0.5405743 0.6779488 0.5332698 0.6815198 0.53456 0.6874447 0.5396592 0.6892725 0.5376868 0.689998 0.5402299 0.6892725 0.5376868 0.6874447 0.5396592 0.686762 0.5367914 0.688026 0.5338405 0.686762 0.5367914 0.6851258 0.5348027 0.6815198 0.53456 0.6855024 0.5308166 0.6851258 0.5348027 0.6823392 0.5394376 0.6815198 0.53456 0.6837616 0.5358685 0.6823392 0.5394376 0.684719 0.5381371 0.6854507 0.5403996 0.6854507 0.5403996 0.6874447 0.5396592 0.6882929 0.5430184 0.6874447 0.5396592 0.6854507 0.5403996 0.684719 0.5381371 0.684719 0.5381371 0.6837616 0.5358685 0.6851258 0.5348027 0.693816 0.5139313 0.6865089 0.5088357 0.6896516 0.5042663 0.688537 0.559334 0.6866469 0.5628991 0.6851815 0.5630136 0.6879364 0.5474973 0.6839779 0.5535159 0.6838915 0.5442745 0.6839779 0.5535159 0.6809453 0.555128 0.6794325 0.5483962 0.6879364 0.5474973 0.6907914 0.5497936 0.6866375 0.556351 0.6779431 0.5405743 0.6823392 0.5394376 0.6838915 0.5442745 0.6830216 0.5630199 0.6869019 0.5705222 0.6842796 0.5714875 0.6865089 0.5088357 0.6750218 0.5045291 0.6833391 0.4993347 0.310983 0.5767126 0.3180402 0.5747129 0.3194559 0.5777146 0.3342871 0.5315378 0.3279276 0.5321777 0.3263258 0.5242394 0.2895293 0.5476074 0.2919418 0.5566163 0.2880575 0.5566545 0.3045706 0.5736655 0.3049697 0.5791595 0.296543 0.5766313 0.2977846 0.5018315 0.2892901 0.5078791 0.2833631 0.5010859 0.2942406 0.5811703 0.296543 0.5766313 0.3049697 0.5791595 0.2803834 0.556635 0.2748485 0.5579933 0.2714909 0.5441313 0.3091773 0.5312325 0.3066055 0.5306287 0.3052226 0.5272231 0.2788212 0.5288251 0.2715995 0.5283727 0.2755636 0.5138028 0.3119741 0.5338405 0.3107275 0.5376868 0.3077285 0.5359297 0.2966856 0.5126837 0.2890928 0.523341 0.2825036 0.5173102 0.2966856 0.5126837 0.2892901 0.5078791 0.2977846 0.5018315 0.2755636 0.5138028 0.2833631 0.5010859 0.2892901 0.5078791 0.3144977 0.5308166 0.3119741 0.5338405 0.3091773 0.5312325 0.2984681 0.5707301 0.296543 0.5766313 0.287789 0.5695848 0.3005041 0.5533493 0.2966718 0.5545422 0.2960202 0.5462727 0.3148185 0.5630136 0.312785 0.56906 0.3123055 0.5670471 0.2988601 0.5612227 0.3016857 0.5598624 0.3031957 0.5643026 0.3045498 0.5531086 0.3092086 0.5497936 0.3133625 0.556351 0.3004133 0.5190661 0.2950307 0.5279345 0.2929 0.5265182 0.2977846 0.5018315 0.308642 0.4987161 0.3061926 0.5030422 0.287789 0.5695848 0.2803834 0.556635 0.2880575 0.5566545 0.2979851 0.529379 0.3035847 0.5235291 0.3052226 0.5272231 0.2928137 0.565039 0.2880575 0.5566545 0.2919418 0.5566163 0.3020834 0.5657981 0.3031957 0.5643026 0.3056901 0.5653814 0.2929 0.5265182 0.290549 0.5353916 0.2854269 0.5330966 0.3101261 0.5738044 0.310983 0.5767126 0.3049697 0.5791595 0.306184 0.5139313 0.3004133 0.5190661 0.2989779 0.5157353 0.3047316 0.5452473 0.3045498 0.5531086 0.3005041 0.5533493 0.3092086 0.5497936 0.3045498 0.5531086 0.3047316 0.5452473 0.3114631 0.559334 0.3104616 0.5630012 0.3054712 0.5596814 0.2966718 0.5545422 0.2940348 0.5565574 0.292121 0.5468195 0.2950462 0.5632712 0.2919418 0.5566163 0.2940348 0.5565574 0.3090882 0.570209 0.3088364 0.5681711 0.3123055 0.5670471 0.284739 0.5459005 0.2880575 0.5566545 0.2803834 0.556635 0.2988601 0.5612227 0.2966718 0.5545422 0.3005041 0.5533493 0.290549 0.5353916 0.2929 0.5265182 0.2950307 0.5279345 0.2890928 0.523341 0.2854269 0.5330966 0.2788212 0.5288251 0.3045498 0.5531086 0.3054712 0.5596814 0.3016857 0.5598624 0.2996113 0.5686416 0.3007162 0.5672376 0.3052567 0.5699983 0.3077285 0.5359297 0.3081464 0.5401209 0.3048763 0.539325 0.2925436 0.5358245 0.2950307 0.5279345 0.2979851 0.529379 0.3269011 0.541788 0.3246199 0.5529046 0.3205676 0.5483962 0.3120636 0.5474973 0.3092086 0.5497936 0.3081897 0.5443336 0.2950462 0.5632712 0.2965917 0.5622696 0.3007162 0.5672376 0.30936 0.5719874 0.3090882 0.570209 0.312785 0.56906 0.3104616 0.5630012 0.3083251 0.5647349 0.3056901 0.5653814 0.3169784 0.5630199 0.3130981 0.5705222 0.312785 0.56906 0.3035823 0.5097109 0.2989779 0.5157353 0.2966856 0.5126837 0.2998558 0.5382997 0.3015767 0.5317454 0.3048214 0.5343453 0.3091773 0.5312325 0.3077285 0.5359297 0.3048214 0.5343453 0.3031957 0.5643026 0.3016857 0.5598624 0.3054712 0.5596814 0.2748485 0.5579933 0.2803834 0.556635 0.287789 0.5695848 0.2835907 0.5728983 0.287789 0.5695848 0.296543 0.5766313 0.3035823 0.5097109 0.3025851 0.5067145 0.3061926 0.5030422 0.304777 0.5714095 0.3045706 0.5736655 0.2984681 0.5707301 0.2996113 0.5686416 0.2984681 0.5707301 0.2928137 0.565039 0.3015767 0.5317454 0.3052226 0.5272231 0.3066055 0.5306287 0.3190547 0.555128 0.3206431 0.5621916 0.3169784 0.5630199 0.2989779 0.5157353 0.2929 0.5265182 0.2890928 0.523341 0.3035847 0.5235291 0.3090065 0.5199961 0.3111912 0.5258053 0.2919418 0.5566163 0.2895293 0.5476074 0.292121 0.5468195 0.2964449 0.5372195 0.2979851 0.529379 0.3015767 0.5317454 0.2940348 0.5565574 0.2966718 0.5545422 0.2988601 0.5612227 0.3045706 0.5736655 0.304777 0.5714095 0.30936 0.5719874 0.3333304 0.5430583 0.3269011 0.541788 0.3279276 0.5321777 0.3007162 0.5672376 0.3020834 0.5657981 0.3056808 0.5681747 0.2950307 0.5279345 0.3004133 0.5190661 0.3035847 0.5235291 0.2965917 0.5622696 0.2988601 0.5612227 0.3020834 0.5657981 0.3133531 0.5628991 0.3123055 0.5670471 0.3104616 0.5630012 0.3133625 0.556351 0.3160222 0.5535159 0.3169784 0.5630199 0.3409247 0.5448383 0.3356645 0.559628 0.3295215 0.5561551 0.3246199 0.5529046 0.3269011 0.541788 0.3333304 0.5430583 0.3107275 0.5376868 0.310002 0.5402299 0.3081464 0.5401209 0.3088364 0.5681711 0.3083251 0.5647349 0.3104616 0.5630012 0.3244492 0.5658668 0.3180402 0.5747129 0.3157204 0.5714875 0.3295215 0.5561551 0.3244492 0.5658668 0.3206431 0.5621916 0.3180402 0.5747129 0.3244492 0.5658668 0.3287581 0.5707426 0.3166609 0.4993347 0.308642 0.4987161 0.3097311 0.4901065 0.3206285 0.5139275 0.3233608 0.5170679 0.317309 0.521376 0.3330873 0.5213956 0.3412536 0.5180559 0.3422771 0.5309544 0.3202805 0.5269482 0.317309 0.521376 0.3233608 0.5170679 0.3422771 0.5309544 0.3409247 0.5448383 0.3333304 0.5430583 0.3356645 0.559628 0.3287581 0.5707426 0.3244492 0.5658668 0.3412536 0.5180559 0.3330873 0.5213956 0.3300142 0.5122979 0.308642 0.4987161 0.2977846 0.5018315 0.2950463 0.4939835 0.3249782 0.5045291 0.3166609 0.4993347 0.3244035 0.4903123 0.3330873 0.5213956 0.3263258 0.5242394 0.3233608 0.5170679 0.3249782 0.5045291 0.3328713 0.4972218 0.3382837 0.5068824 0.317309 0.521376 0.3111912 0.5258053 0.3090065 0.5199961 0.3111912 0.5258053 0.317309 0.521376 0.3202805 0.5269482 0.3056808 0.5681747 0.3056901 0.5653814 0.3083251 0.5647349 0.3101261 0.5738044 0.30936 0.5719874 0.3130981 0.5705222 0.304777 0.5714095 0.3052567 0.5699983 0.3090882 0.570209 0.3052567 0.5699983 0.3056808 0.5681747 0.3088364 0.5681711 0.3157204 0.5714875 0.3180402 0.5747129 0.310983 0.5767126 0.310983 0.5767126 0.3122603 0.5814337 0.305071 0.5836358 0.3206285 0.5139275 0.314404 0.5156959 0.3134911 0.5088357 0.3090065 0.5199961 0.3035847 0.5235291 0.3004133 0.5190661 0.3279276 0.5321777 0.3220512 0.5332698 0.3202805 0.5269482 0.3206285 0.5139275 0.3249782 0.5045291 0.3300142 0.5122979 0.3269011 0.541788 0.322057 0.5405743 0.3220512 0.5332698 0.308642 0.4987161 0.3166609 0.4993347 0.3103484 0.5042663 0.306184 0.5139313 0.3134911 0.5088357 0.314404 0.5156959 0.3246199 0.5529046 0.3206431 0.5621916 0.3190547 0.555128 0.3081464 0.5401209 0.3081897 0.5443336 0.3047316 0.5452473 0.2854269 0.5330966 0.284739 0.5459005 0.2778589 0.5443958 0.2964449 0.5372195 0.2960202 0.5462727 0.292121 0.5468195 0.290549 0.5353916 0.2895293 0.5476074 0.284739 0.5459005 0.2998558 0.5382997 0.2996785 0.5457563 0.2960202 0.5462727 0.2715995 0.5283727 0.2788212 0.5288251 0.2778589 0.5443958 0.290549 0.5353916 0.2925436 0.5358245 0.292121 0.5468195 0.310002 0.5402299 0.3117071 0.5430184 0.3081897 0.5443336 0.2996785 0.5457563 0.2998558 0.5382997 0.3048763 0.539325 0.3202805 0.5269482 0.3220512 0.5332698 0.3184803 0.53456 0.3184803 0.53456 0.3220512 0.5332698 0.322057 0.5405743 0.310002 0.5402299 0.3107275 0.5376868 0.3125553 0.5396592 0.313238 0.5367914 0.3125553 0.5396592 0.3107275 0.5376868 0.3148742 0.5348027 0.313238 0.5367914 0.3119741 0.5338405 0.3184803 0.53456 0.3162384 0.5358685 0.3148742 0.5348027 0.3162384 0.5358685 0.3184803 0.53456 0.3176608 0.5394376 0.3145493 0.5403996 0.315281 0.5381371 0.3176608 0.5394376 0.3117071 0.5430184 0.3125553 0.5396592 0.3145493 0.5403996 0.3125553 0.5396592 0.313238 0.5367914 0.315281 0.5381371 0.3148742 0.5348027 0.3162384 0.5358685 0.315281 0.5381371 0.3035823 0.5097109 0.3103484 0.5042663 0.3134911 0.5088357 0.3148185 0.5630136 0.3133531 0.5628991 0.3114631 0.559334 0.3161085 0.5442745 0.3160222 0.5535159 0.3120636 0.5474973 0.3205676 0.5483962 0.3190547 0.555128 0.3160222 0.5535159 0.3160222 0.5535159 0.3133625 0.556351 0.3092086 0.5497936 0.322057 0.5405743 0.3205676 0.5483962 0.3161085 0.5442745 0.3169784 0.5630199 0.3206431 0.5621916 0.3157204 0.5714875 0.3166609 0.4993347 0.3249782 0.5045291 0.3134911 0.5088357 0.7234236 0.4943258 0.7345466 0.5118401 0.7244364 0.5138028 0.7388558 0.5303038 0.7345466 0.5118401 0.750214 0.5103259 0.694929 0.5836358 0.7057594 0.5811703 0.7090994 0.5880768 0.7049537 0.4939835 0.7050853 0.4824009 0.7234236 0.4943258 0.7326563 0.5637438 0.7378189 0.5479313 0.7515744 0.5549901 0.6712419 0.5707426 0.6805441 0.5777146 0.6741535 0.5889499 0.7057594 0.5811703 0.7164093 0.5728983 0.7224306 0.5792936 0.7164093 0.5728983 0.7251515 0.5579933 0.7326563 0.5637438 0.6390625 0.6178646 0.6574333 0.6273971 0.6463597 0.6522323 0.6245676 0.6425066 0.6463597 0.6522323 0.6347188 0.6789166 0.5578895 0.7159516 0.5874357 0.6899247 0.6196745 0.7116595 0.5092824 0.7447284 0.5578895 0.7159516 0.5975207 0.7519034 0.6079784 0.6650601 0.6347188 0.6789166 0.6196745 0.7116595 0.6515723 0.5955904 0.6390625 0.6178646 0.6223426 0.6064267 0.6515723 0.5955904 0.6370421 0.5791186 0.6534128 0.5664347 0.6463597 0.6522323 0.6732983 0.6568048 0.6682484 0.6867799 0.6610324 0.7248395 0.6523607 0.7740963 0.5975207 0.7519034 0.6574333 0.6273971 0.6773127 0.6322084 0.6732983 0.6568048 0.6773127 0.6322084 0.6994735 0.6292538 0.7016935 0.654065 0.6523607 0.7740963 0.6610324 0.7248395 0.7080534 0.7264622 0.635583 0.8438197 0.6523607 0.7740963 0.7128089 0.7788766 0.6682484 0.6867799 0.7050276 0.6858619 0.7080534 0.7264622 0.6732983 0.6568048 0.7016935 0.654065 0.7050276 0.6858619 0.6994735 0.6292538 0.7219048 0.6206829 0.7307147 0.6447032 0.7050276 0.6858619 0.7423437 0.6750254 0.7563246 0.7141095 0.7016935 0.654065 0.7307147 0.6447032 0.7423437 0.6750254 0.7128089 0.7788766 0.7080534 0.7264622 0.7563246 0.7141095 0.72094 0.8516283 0.7128089 0.7788766 0.7752248 0.7640455 0.7307147 0.6447032 0.7568125 0.6280367 0.7752407 0.6553323 0.7563246 0.7141095 0.7988016 0.6895444 0.8291516 0.7329534 0.804983 0.8305932 0.7752248 0.7640455 0.8291516 0.7329534 0.7423437 0.6750254 0.7752407 0.6553323 0.7988016 0.6895444 0.8073832 0.4807218 0.8071336 0.519406 0.7742851 0.5100708 0.7752407 0.6553323 0.8015046 0.630147 0.8312879 0.6586734 0.7568125 0.6280367 0.7777507 0.606706 0.8015046 0.630147 0.7988016 0.6895444 0.8312879 0.6586734 0.8691701 0.6929043 0.8291516 0.7329534 0.8691701 0.6929043 0.923763 0.7312912 0.7540754 0.5337926 0.750214 0.5103259 0.7742851 0.5100708 0.8706342 0.587943 0.8812028 0.5475693 0.9230788 0.5584495 0.8312879 0.6586734 0.8544558 0.6251103 0.895987 0.6504358 0.8071336 0.519406 0.8027516 0.5525444 0.7755158 0.5405179 0.8342997 0.5690695 0.8428556 0.5331482 0.8812028 0.5475693 0.8691701 0.6929043 0.895987 0.6504358 0.952526 0.6746857 0.8027516 0.5525444 0.8071336 0.519406 0.8428556 0.5331482 0.7777507 0.606706 0.7568125 0.6280367 0.7422934 0.6066419 0.9230788 0.5584495 0.8812028 0.5475693 0.8871567 0.5051693 0.9230788 0.5584495 0.9290798 0.5118183 0.975843 0.5182098 0.8812028 0.5475693 0.8428556 0.5331482 0.8474884 0.494044 0.7777507 0.606706 0.7930309 0.5814363 0.8209493 0.6012154 0.8071336 0.519406 0.8073832 0.4807218 0.8474884 0.494044 0.7568125 0.6280367 0.7307147 0.6447032 0.7219048 0.6206829 0.7930309 0.5814363 0.7777507 0.606706 0.7586304 0.5881919 0.7234236 0.4943258 0.7050853 0.4824009 0.7092882 0.4642657 0.7362845 0.4844461 0.7092882 0.4642657 0.7210645 0.4321029 0.762455 0.467489 0.7742851 0.5100708 0.750214 0.5103259 0.7345466 0.5118401 0.7234236 0.4943258 0.7362845 0.4844461 0.7438238 0.5739118 0.7515744 0.5549901 0.7698772 0.5661212 0.968122 0.6189461 0.9133113 0.6052854 0.9230788 0.5584495 0.7378189 0.5479313 0.7326563 0.5637438 0.7251515 0.5579933 0.7586304 0.5881919 0.7422934 0.6066419 0.7312829 0.5903998 0.7438238 0.5739118 0.7312829 0.5903998 0.7224306 0.5792936 0.7422934 0.6066419 0.7219048 0.6206829 0.7151111 0.6023591 0.7312829 0.5903998 0.7151111 0.6023591 0.7090994 0.5880768 0.666158 0.6057927 0.6816508 0.6105533 0.6773127 0.6322084 0.6816508 0.6105533 0.6980466 0.6092476 0.6994735 0.6292538 0.7219048 0.6206829 0.6994735 0.6292538 0.6980466 0.6092476 0.6853524 0.5931721 0.6968173 0.5931348 0.6980466 0.6092476 0.6968173 0.5931348 0.7090994 0.5880768 0.7151111 0.6023591 0.6347188 0.6789166 0.6682484 0.6867799 0.6610324 0.7248395 0.8015046 0.630147 0.8209493 0.6012154 0.8544558 0.6251103 0.6523607 0.7740963 0.635583 0.8438197 0.5607196 0.8054007 0.6853524 0.5931721 0.6741535 0.5889499 0.6805441 0.5777146 0.666158 0.6057927 0.6515723 0.5955904 0.6632114 0.5799235 0.6574333 0.6273971 0.6390625 0.6178646 0.6515723 0.5955904 0.5871316 0.6485117 0.6079784 0.6650601 0.5874357 0.6899247 0.536527 0.6786818 0.5578895 0.7159516 0.5092824 0.7447284 0.5651538 0.6655637 0.5874357 0.6899247 0.5578895 0.7159516 0.6059544 0.6302579 0.6245676 0.6425066 0.6079784 0.6650601 0.6223426 0.6064267 0.6390625 0.6178646 0.6245676 0.6425066 0.6643356 0.559628 0.6712419 0.5707426 0.6632114 0.5799235 0.6968173 0.5931348 0.6853524 0.5931721 0.6877397 0.5814337 0.6741535 0.5889499 0.6853524 0.5931721 0.6816508 0.6105533 0.7285091 0.5441313 0.7284005 0.5283727 0.7388558 0.5303038 0.7540754 0.5337926 0.7515744 0.5549901 0.7378189 0.5479313 0.968122 0.6189461 0.952526 0.6746857 0.895987 0.6504358 0.8342997 0.5690695 0.8209493 0.6012154 0.7930309 0.5814363 0.9133113 0.6052854 0.895987 0.6504358 0.8544558 0.6251103 0.8706342 0.587943 0.8544558 0.6251103 0.8209493 0.6012154 0.7698772 0.5661212 0.7755158 0.5405179 0.8027516 0.5525444 0.7515744 0.5549901 0.7540754 0.5337926 0.7755158 0.5405179 0.7345466 0.5118401 0.7388558 0.5303038 0.7284005 0.5283727 0.2765765 0.4943258 0.2833631 0.5010859 0.2755636 0.5138028 0.2611442 0.5303038 0.2459245 0.5337926 0.2497859 0.5103259 0.2909007 0.5880768 0.2942406 0.5811703 0.305071 0.5836358 0.2950463 0.4939835 0.2833631 0.5010859 0.2765765 0.4943258 0.2673437 0.5637438 0.2561762 0.5739118 0.2484256 0.5549901 0.3287581 0.5707426 0.3367887 0.5799235 0.3258465 0.5889499 0.2775694 0.5792936 0.2835907 0.5728983 0.2942406 0.5811703 0.2835907 0.5728983 0.2775694 0.5792936 0.2673437 0.5637438 0.3536403 0.6522323 0.3425667 0.6273971 0.3609375 0.6178646 0.3652812 0.6789166 0.3536403 0.6522323 0.3754324 0.6425066 0.4421105 0.7159516 0.4024793 0.7519034 0.3803255 0.7116595 0.4907176 0.7447284 0.4392805 0.8054007 0.4024793 0.7519034 0.3803255 0.7116595 0.3652812 0.6789166 0.3920217 0.6650601 0.3484277 0.5955904 0.362958 0.5791186 0.3776574 0.6064267 0.3465873 0.5664347 0.362958 0.5791186 0.3484277 0.5955904 0.3536403 0.6522323 0.3652812 0.6789166 0.3317516 0.6867799 0.4024793 0.7519034 0.3476393 0.7740963 0.3389676 0.7248395 0.3425667 0.6273971 0.3536403 0.6522323 0.3267017 0.6568048 0.2983065 0.654065 0.3005265 0.6292538 0.3226873 0.6322084 0.3476393 0.7740963 0.2871912 0.7788766 0.2919467 0.7264622 0.364417 0.8438197 0.27906 0.8516283 0.2871912 0.7788766 0.2919467 0.7264622 0.2949724 0.6858619 0.3317516 0.6867799 0.2949724 0.6858619 0.2983065 0.654065 0.3267017 0.6568048 0.2692853 0.6447032 0.2780953 0.6206829 0.3005265 0.6292538 0.2436754 0.7141095 0.2576563 0.6750254 0.2949724 0.6858619 0.2576563 0.6750254 0.2692853 0.6447032 0.2983065 0.654065 0.2871912 0.7788766 0.2247751 0.7640455 0.2436754 0.7141095 0.27906 0.8516283 0.1950169 0.8305932 0.2247751 0.7640455 0.2247593 0.6553323 0.2431875 0.6280367 0.2692853 0.6447032 0.1708484 0.7329534 0.2011984 0.6895444 0.2436754 0.7141095 0.1950169 0.8305932 0.1245692 0.7871026 0.1708484 0.7329534 0.2011984 0.6895444 0.2247593 0.6553323 0.2576563 0.6750254 0.2257149 0.5100708 0.1928663 0.519406 0.1926168 0.4807218 0.1687121 0.6586734 0.1984953 0.630147 0.2247593 0.6553323 0.1984953 0.630147 0.2222493 0.606706 0.2431875 0.6280367 0.1308299 0.6929043 0.1687121 0.6586734 0.2011984 0.6895444 0.07623702 0.7312912 0.1308299 0.6929043 0.1708484 0.7329534 0.2459245 0.5337926 0.2244842 0.5405179 0.2257149 0.5100708 0.08668869 0.6052854 0.07692122 0.5584495 0.1187972 0.5475693 0.1040129 0.6504358 0.1455441 0.6251103 0.1687121 0.6586734 0.2244842 0.5405179 0.1972484 0.5525444 0.1928663 0.519406 0.1187972 0.5475693 0.1571444 0.5331482 0.1657003 0.5690695 0.04747402 0.6746857 0.1040129 0.6504358 0.1308299 0.6929043 0.1571444 0.5331482 0.1928663 0.519406 0.1972484 0.5525444 0.2577067 0.6066419 0.2431875 0.6280367 0.2222493 0.606706 0.07692122 0.5584495 0.07092022 0.5118183 0.1128432 0.5051693 0.02553898 0.5660352 0.02415698 0.5182098 0.07092022 0.5118183 0.1187972 0.5475693 0.1128432 0.5051693 0.1525115 0.494044 0.1790506 0.6012154 0.206969 0.5814363 0.2222493 0.606706 0.1525115 0.494044 0.1926168 0.4807218 0.1928663 0.519406 0.2780953 0.6206829 0.2692853 0.6447032 0.2431875 0.6280367 0.2413696 0.5881919 0.2222493 0.606706 0.206969 0.5814363 0.2637155 0.4844461 0.2907118 0.4642657 0.2949147 0.4824009 0.2789356 0.4321029 0.2907118 0.4642657 0.2637155 0.4844461 0.2497859 0.5103259 0.2257149 0.5100708 0.237545 0.467489 0.2654535 0.5118401 0.2497859 0.5103259 0.2637155 0.4844461 0.2561762 0.5739118 0.2413696 0.5881919 0.2301228 0.5661212 0.03187799 0.6189461 0.02553898 0.5660352 0.07692122 0.5584495 0.2621811 0.5479313 0.2714909 0.5441313 0.2748485 0.5579933 0.2687171 0.5903998 0.2577067 0.6066419 0.2413696 0.5881919 0.2775694 0.5792936 0.2687171 0.5903998 0.2561762 0.5739118 0.2848889 0.6023591 0.2780953 0.6206829 0.2577067 0.6066419 0.2909007 0.5880768 0.2848889 0.6023591 0.2687171 0.5903998 0.333842 0.6057927 0.3425667 0.6273971 0.3226873 0.6322084 0.3005265 0.6292538 0.3019534 0.6092476 0.3183492 0.6105533 0.2780953 0.6206829 0.2848889 0.6023591 0.3019534 0.6092476 0.3146476 0.5931721 0.3183492 0.6105533 0.3019534 0.6092476 0.2848889 0.6023591 0.2909007 0.5880768 0.3031827 0.5931348 0.3652812 0.6789166 0.3803255 0.7116595 0.3389676 0.7248395 0.1455441 0.6251103 0.1790506 0.6012154 0.1984953 0.630147 0.4392805 0.8054007 0.364417 0.8438197 0.3476393 0.7740963 0.3146476 0.5931721 0.3122603 0.5814337 0.3194559 0.5777146 0.3258465 0.5889499 0.3367887 0.5799235 0.3484277 0.5955904 0.333842 0.6057927 0.3484277 0.5955904 0.3609375 0.6178646 0.4125643 0.6899247 0.3920217 0.6650601 0.4128684 0.6485117 0.4907176 0.7447284 0.4421105 0.7159516 0.463473 0.6786818 0.4421105 0.7159516 0.4125643 0.6899247 0.4348462 0.6655637 0.3920217 0.6650601 0.3754324 0.6425066 0.3940456 0.6302579 0.3754324 0.6425066 0.3609375 0.6178646 0.3776574 0.6064267 0.3356645 0.559628 0.3465873 0.5664347 0.3367887 0.5799235 0.3031827 0.5931348 0.305071 0.5836358 0.3122603 0.5814337 0.3258465 0.5889499 0.333842 0.6057927 0.3183492 0.6105533 0.2611442 0.5303038 0.2715995 0.5283727 0.2714909 0.5441313 0.2621811 0.5479313 0.2484256 0.5549901 0.2459245 0.5337926 0.1040129 0.6504358 0.04747402 0.6746857 0.03187799 0.6189461 0.206969 0.5814363 0.1790506 0.6012154 0.1657003 0.5690695 0.1455441 0.6251103 0.1040129 0.6504358 0.08668869 0.6052854 0.1790506 0.6012154 0.1455441 0.6251103 0.1293658 0.587943 0.1972484 0.5525444 0.2244842 0.5405179 0.2301228 0.5661212 0.2244842 0.5405179 0.2459245 0.5337926 0.2484256 0.5549901 0.2654535 0.5118401 0.2755636 0.5138028 0.2715995 0.5283727 0.6310367 0.3887065 0.6378039 0.3618666 0.6865177 0.3789564 0.5901338 0.3470032 0.6378039 0.3618666 0.6310367 0.3887065 0.5441455 0.3354723 0.5901338 0.3470032 0.5801177 0.3719175 0.5 0.3325021 0.5441455 0.3354723 0.5382052 0.3535323 0.6444756 0.3373906 0.5978624 0.3243623 0.6040601 0.3026616 0.5487588 0.3150073 0.5 0.3109841 0.5 0.2896119 0.6505644 0.3155831 0.6040601 0.3026616 0.609864 0.2798833 0.5978624 0.3243623 0.5487588 0.3150073 0.5522197 0.2934542 0.5522197 0.2934542 0.5 0.2896119 0.5 0.2639147 0.6040601 0.3026616 0.5522197 0.2934542 0.555918 0.267624 0.7816882 0.3890483 0.7861242 0.353586 0.8250327 0.3625269 0.6505644 0.3155831 0.6987699 0.3285925 0.6927606 0.3513305 0.6573979 0.2932705 0.7052531 0.3052734 0.6987699 0.3285925 0.7052531 0.3052734 0.7500514 0.3140272 0.744253 0.3420308 0.8250327 0.3625269 0.7861242 0.353586 0.7916348 0.3198969 0.8250327 0.3625269 0.8294981 0.3239039 0.8664515 0.3267244 0.762455 0.467489 0.7755865 0.4254424 0.8163716 0.4411745 0.7755865 0.4254424 0.7816882 0.3890483 0.8213443 0.4036941 0.8871567 0.5051693 0.8474884 0.494044 0.8553372 0.4543374 0.8073832 0.4807218 0.8163716 0.4411745 0.8553372 0.4543374 0.8871567 0.5051693 0.8940128 0.4634425 0.9340793 0.4686439 0.9290798 0.5118183 0.9340793 0.4686439 0.97632 0.4722838 0.8553372 0.4543374 0.8596711 0.4144023 0.8979244 0.4200415 0.8163716 0.4411745 0.8213443 0.4036941 0.8596711 0.4144023 0.8940128 0.4634425 0.8979244 0.4200415 0.9377773 0.4226124 0.9340793 0.4686439 0.9377773 0.4226124 0.976736 0.4226768 0.8213443 0.4036941 0.8250327 0.3625269 0.8641484 0.3690857 0.8979244 0.4200415 0.9005844 0.3724728 0.9385149 0.3731523 0.9377773 0.4226124 0.9385149 0.3731523 0.9759243 0.3724498 0.8596711 0.4144023 0.8641484 0.3690857 0.9005844 0.3724728 0.9005844 0.3724728 0.9024379 0.3280981 0.9383189 0.3273146 0.9385149 0.3731523 0.9383189 0.3273146 0.9745951 0.3254956 0.8641484 0.3690857 0.8664515 0.3267244 0.9024379 0.3280981 0.7755865 0.4254424 0.762455 0.467489 0.7210645 0.4321029 0.6987699 0.3285925 0.744253 0.3420308 0.7394405 0.3698331 0.7816882 0.3890483 0.7755865 0.4254424 0.7322264 0.4024818 0.7322264 0.4024818 0.7210645 0.4321029 0.6780155 0.4107951 0.6378039 0.3618666 0.5901338 0.3470032 0.5978624 0.3243623 0.7394405 0.3698331 0.7322264 0.4024818 0.6865177 0.3789564 0.7394405 0.3698331 0.744253 0.3420308 0.7861242 0.353586 0.7500514 0.3140272 0.7916348 0.3198969 0.7861242 0.353586 0.6865177 0.3789564 0.6378039 0.3618666 0.6444756 0.3373906 0.5901338 0.3470032 0.5441455 0.3354723 0.5487588 0.3150073 0.5441455 0.3354723 0.5 0.3325021 0.5 0.3109841 0.3689633 0.3887065 0.3219845 0.4107951 0.3134823 0.3789564 0.3689633 0.3887065 0.3621962 0.3618666 0.4098662 0.3470032 0.4617949 0.3535323 0.4198823 0.3719175 0.4098662 0.3470032 0.5 0.3489954 0.4617949 0.3535323 0.4558545 0.3354723 0.3555244 0.3373906 0.3494356 0.3155831 0.39594 0.3026616 0.4512413 0.3150073 0.4477803 0.2934542 0.5 0.2896119 0.3494356 0.3155831 0.342602 0.2932705 0.390136 0.2798833 0.4021376 0.3243623 0.39594 0.3026616 0.4477803 0.2934542 0.4477803 0.2934542 0.4440822 0.267624 0.5 0.2639147 0.39594 0.3026616 0.390136 0.2798833 0.4440822 0.267624 0.1749673 0.3625268 0.2138758 0.353586 0.2183117 0.3890484 0.3072394 0.3513305 0.30123 0.3285924 0.3494356 0.3155831 0.30123 0.3285924 0.2947469 0.3052733 0.342602 0.2932705 0.255747 0.3420308 0.2499485 0.3140272 0.2947469 0.3052733 0.1749673 0.3625268 0.1705019 0.3239039 0.2083652 0.3198969 0.1335486 0.3267245 0.1705019 0.3239039 0.1749673 0.3625268 0.1836284 0.4411745 0.2244136 0.4254424 0.237545 0.467489 0.1786556 0.4036942 0.2183117 0.3890484 0.2244136 0.4254424 0.1128432 0.5051693 0.1059871 0.4634425 0.1446627 0.4543374 0.1525115 0.494044 0.1446627 0.4543374 0.1836284 0.4411745 0.07092022 0.5118183 0.06592071 0.4686439 0.1059871 0.4634425 0.02415698 0.5182098 0.02367997 0.4722838 0.06592071 0.4686439 0.1059871 0.4634425 0.1020755 0.4200415 0.1403289 0.4144023 0.1403289 0.4144023 0.1786556 0.4036942 0.1836284 0.4411745 0.06592071 0.4686439 0.06222271 0.4226124 0.1020755 0.4200415 0.02367997 0.4722838 0.02326405 0.4226768 0.06222271 0.4226124 0.1358515 0.3690857 0.1749673 0.3625268 0.1786556 0.4036942 0.06148511 0.3731523 0.0994156 0.3724729 0.1020755 0.4200415 0.02326405 0.4226768 0.02407568 0.3724498 0.06148511 0.3731523 0.0994156 0.3724729 0.1358515 0.3690857 0.1403289 0.4144023 0.06168115 0.3273146 0.09756219 0.3280981 0.0994156 0.3724729 0.02540487 0.3254956 0.06168115 0.3273146 0.06148511 0.3731523 0.09756219 0.3280981 0.1335486 0.3267245 0.1358515 0.3690857 0.2244136 0.4254424 0.2677737 0.4024817 0.2789356 0.4321029 0.3072394 0.3513305 0.2605596 0.3698331 0.255747 0.3420308 0.2183117 0.3890484 0.2605596 0.3698331 0.2677737 0.4024817 0.2677737 0.4024817 0.3134823 0.3789564 0.3219845 0.4107951 0.3621962 0.3618666 0.3555244 0.3373906 0.4021376 0.3243623 0.2605596 0.3698331 0.3072394 0.3513305 0.3134823 0.3789564 0.2605596 0.3698331 0.2183117 0.3890484 0.2138758 0.353586 0.2138758 0.353586 0.2083652 0.3198969 0.2499485 0.3140272 0.3072394 0.3513305 0.3555244 0.3373906 0.3621962 0.3618666 0.4098662 0.3470032 0.4021376 0.3243623 0.4512413 0.3150073 0.4558545 0.3354723 0.4512413 0.3150073 0.5 0.3109841</float_array>
          <technique_common>
            <accessor source="#FaceBuilderHead_mesh-mesh-map-0-array" count="8166" stride="2">
              <param name="S" type="float"/>
              <param name="T" type="float"/>
            </accessor>
          </technique_common>
        </source>
        <vertices id="FaceBuilderHead_mesh-mesh-vertices">
          <input semantic="POSITION" source="#FaceBuilderHead_mesh-mesh-positions"/>
        </vertices>
        <triangles material="kt_facebuilder_material-material" count="2722">
          <input semantic="VERTEX" source="#FaceBuilderHead_mesh-mesh-vertices" offset="0"/>
          <input semantic="NORMAL" source="#FaceBuilderHead_mesh-mesh-normals" offset="1"/>
          <input semantic="TEXCOORD" source="#FaceBuilderHead_mesh-mesh-map-0" offset="2" set="0"/>
          <p>249 0 0 370 1 1 307 2 2 249 0 3 255 3 4 282 4 5 249 0 6 375 5 7 305 6 8 249 0 9 293 7 10 242 8 11 255 3 12 367 9 13 282 4 14 293 7 15 312 10 16 232 11 17 242 8 18 232 11 19 2 12 20 242 8 21 225 13 22 255 3 23 286 14 24 225 13 25 226 15 26 369 16 27 226 15 28 285 17 29 78 18 30 74 19 31 4 20 32 281 21 33 75 22 34 101 23 35 140 24 36 86 25 37 262 26 38 258 27 39 98 28 40 2 12 41 270 29 42 259 30 43 96 31 44 254 32 45 328 33 46 330 34 47 73 35 48 72 36 49 92 37 50 57 38 51 273 39 52 67 40 53 88 41 54 157 42 55 158 43 56 100 44 57 95 45 58 263 46 59 271 47 60 229 48 61 61 49 62 55 50 63 133 51 64 134 52 65 79 53 66 329 54 67 68 55 68 338 56 69 136 57 70 64 58 71 342 59 72 79 53 73 71 60 74 265 61 75 77 62 76 89 63 77 100 44 78 101 23 79 0 64 80 97 65 81 364 66 82 285 17 83 267 67 84 78 18 85 72 36 86 103 68 87 93 69 88 261 70 89 287 71 90 281 21 91 100 44 92 287 71 93 263 46 94 299 72 95 60 73 96 73 35 97 280 74 98 258 27 99 56 75 100 93 69 101 274 76 102 337 77 103 66 78 104 91 79 105 266 80 106 280 74 107 64 58 108 139 81 109 58 82 110 360 83 111 347 84 112 380 85 113 366 86 114 74 19 115 287 71 116 158 43 117 87 87 118 88 41 119 259 30 120 89 63 121 77 62 122 99 88 123 90 89 124 91 79 125 70 90 126 269 91 127 60 73 128 70 90 129 330 34 130 332 92 131 228 93 132 322 94 133 335 95 134 264 96 135 273 39 136 75 22 137 260 97 138 261 70 139 243 98 140 74 19 141 264 96 142 281 21 143 76 99 144 101 23 145 75 22 146 328 33 147 231 100 148 323 101 149 72 36 150 4 20 151 97 65 152 213 102 153 82 103 154 264 96 155 279 104 156 86 25 157 88 41 158 104 105 159 89 63 160 76 99 161 82 103 162 67 40 163 273 39 164 323 101 165 230 106 166 344 107 167 272 108 168 61 49 169 278 109 170 228 93 171 342 59 172 71 60 173 67 40 174 66 78 175 57 38 176 105 110 177 275 111 178 80 112 179 229 48 180 69 113 181 228 93 182 278 109 183 68 55 184 62 114 185 267 67 186 269 91 187 229 48 188 260 97 189 266 80 190 90 89 191 75 22 192 104 105 193 76 99 194 64 58 195 337 77 196 338 56 197 280 74 198 92 37 199 91 79 200 333 115 201 68 55 202 329 54 203 279 104 204 276 116 205 81 117 206 268 118 207 105 110 208 80 112 209 71 60 210 278 109 211 61 49 212 58 82 213 105 110 214 265 61 215 263 46 216 241 119 217 240 120 218 231 100 219 87 87 220 230 106 221 213 102 222 271 47 223 272 108 224 274 76 225 62 114 226 68 55 227 97 65 228 92 37 229 72 36 230 266 80 231 276 116 232 59 121 233 256 122 234 94 123 235 102 124 236 102 124 237 0 64 238 101 23 239 299 72 240 240 120 241 298 125 242 256 122 243 76 99 244 89 63 245 257 126 246 259 30 247 63 127 248 285 17 249 227 128 250 97 65 251 77 62 252 63 127 253 259 30 254 332 92 255 69 113 256 70 90 257 58 82 258 66 78 259 64 58 260 103 68 261 90 89 262 98 28 263 265 61 264 57 38 265 58 82 266 227 128 267 91 79 268 92 37 269 98 28 270 225 13 271 2 12 272 272 108 273 62 114 274 82 103 275 59 121 276 280 74 277 266 80 278 254 32 279 60 73 280 59 121 281 243 98 282 81 117 283 260 97 284 59 121 285 253 129 286 254 32 287 99 88 288 226 15 289 225 13 290 228 93 291 61 49 292 229 48 293 262 26 294 243 98 295 261 70 296 277 130 297 88 41 298 87 87 299 215 131 300 261 70 301 93 69 302 149 132 303 56 75 304 214 133 305 258 27 306 232 11 307 85 134 308 292 135 309 232 11 310 312 10 311 214 133 312 85 134 313 292 135 314 55 50 315 93 69 316 56 75 317 291 136 318 292 135 319 377 137 320 96 31 321 189 138 322 270 29 323 32 139 324 378 140 325 346 141 326 143 142 327 150 143 328 128 144 329 148 145 330 113 146 331 120 147 332 120 147 333 149 132 334 148 145 335 126 148 336 236 149 337 237 150 338 143 142 339 145 151 340 144 152 341 111 153 342 173 154 343 257 126 344 152 155 345 112 156 346 297 157 347 127 158 348 156 159 349 126 148 350 128 144 351 154 160 352 125 161 353 153 162 354 159 163 355 189 138 356 95 45 357 239 164 358 241 119 359 94 123 360 162 165 361 0 64 362 0 64 363 212 166 364 95 45 365 270 29 366 161 167 367 94 123 368 161 167 369 131 168 370 162 165 371 212 166 372 238 169 373 239 164 374 162 165 375 130 170 376 212 166 377 189 138 378 129 171 379 161 167 380 142 172 381 128 144 382 159 163 383 130 170 384 237 150 385 238 169 386 131 168 387 126 148 388 130 170 389 159 163 390 125 161 391 129 171 392 129 171 393 127 158 394 131 168 395 253 129 396 277 130 397 231 100 398 257 126 399 153 162 400 96 31 401 148 145 402 214 133 403 291 136 404 147 173 405 291 136 406 302 174 407 308 175 408 146 176 409 306 177 410 357 178 411 152 155 412 297 157 413 125 161 414 155 179 415 127 158 416 173 154 417 142 172 418 153 162 419 306 177 420 147 173 421 302 174 422 139 81 423 65 180 424 275 111 425 136 57 426 343 181 427 65 180 428 344 107 429 110 182 430 336 183 431 257 126 432 140 24 433 111 153 434 114 184 435 230 106 436 87 87 437 113 146 438 146 176 439 112 156 440 151 185 441 355 186 442 150 143 443 112 156 444 32 139 445 135 187 446 150 143 447 351 188 448 154 160 449 151 185 450 144 152 451 152 155 452 155 179 453 349 189 454 156 159 455 156 159 456 352 190 457 236 149 458 154 160 459 359 191 460 155 179 461 275 111 462 110 182 463 114 184 464 111 153 465 262 26 466 215 131 467 346 141 468 135 187 469 32 139 470 215 131 471 134 52 472 111 153 473 144 152 474 133 51 475 120 147 476 120 147 477 152 155 478 144 152 479 80 112 480 114 184 481 158 43 482 134 52 483 145 151 484 173 154 485 158 43 486 268 118 487 80 112 488 63 127 489 157 42 490 140 24 491 336 183 492 65 180 493 343 181 494 112 156 495 360 83 496 297 157 497 304 192 498 283 193 499 141 194 500 138 195 501 141 194 502 283 193 503 376 196 504 141 194 505 310 197 506 137 198 507 310 197 508 141 194 509 368 199 510 138 195 511 283 193 512 290 200 513 311 201 514 374 202 515 115 203 516 137 198 517 1 204 518 116 205 519 137 198 520 138 195 521 288 206 522 116 205 523 138 195 524 365 207 525 117 208 526 288 206 527 171 209 528 167 210 529 5 211 530 170 212 531 210 213 532 39 214 533 221 215 534 29 216 535 233 217 536 187 218 537 42 219 538 37 220 539 163 221 540 188 222 541 209 223 542 326 224 543 124 225 544 331 226 545 172 227 546 174 228 547 203 229 548 198 230 549 107 231 550 30 232 551 233 217 552 52 233 553 234 234 554 45 235 555 40 236 556 207 237 557 121 238 558 202 239 559 184 240 560 251 241 561 15 242 562 252 243 563 325 244 564 177 245 565 178 246 566 224 247 567 316 248 568 181 249 569 340 250 570 177 245 571 327 251 572 168 252 573 205 253 574 51 254 575 39 214 576 40 236 577 3 255 578 363 256 579 43 257 580 289 258 581 203 229 582 167 210 583 202 239 584 47 259 585 37 220 586 208 260 587 210 213 588 284 261 589 40 236 590 284 261 591 207 237 592 40 236 593 172 227 594 109 262 595 200 263 596 47 259 597 28 264 598 187 218 599 317 265 600 190 266 601 179 267 602 49 268 603 204 269 604 50 270 605 181 249 606 222 271 607 224 247 608 381 272 609 235 273 610 358 274 611 362 275 612 171 209 613 5 211 614 234 234 615 14 276 616 244 277 617 51 254 618 188 222 619 168 252 620 50 270 621 41 278 622 49 268 623 195 279 624 175 280 625 109 262 626 175 280 627 331 226 628 124 225 629 119 281 630 315 282 631 176 283 632 206 284 633 198 230 634 34 285 635 186 286 636 208 260 637 37 220 638 206 284 639 171 209 640 210 213 641 169 287 642 39 214 643 38 288 644 326 224 645 122 289 646 123 290 647 5 211 648 174 228 649 43 257 650 34 285 651 166 291 652 206 284 653 29 216 654 201 292 655 52 233 656 51 254 657 36 293 658 169 287 659 30 232 660 34 285 661 198 230 662 132 294 663 313 295 664 339 296 665 184 240 666 199 297 667 194 298 668 185 299 669 319 300 670 119 281 671 30 232 672 179 267 673 190 266 674 31 301 675 222 271 676 35 302 677 176 283 678 121 238 679 119 281 680 178 246 681 194 298 682 183 303 683 195 279 684 203 229 685 121 238 686 204 269 687 186 286 688 50 270 689 36 293 690 170 212 691 169 287 692 316 248 693 179 267 694 181 249 695 48 304 696 200 263 697 49 268 698 178 246 699 320 305 700 325 244 701 201 292 702 192 306 703 193 307 704 35 302 705 196 308 706 31 301 707 185 299 708 194 298 709 177 245 710 35 302 711 160 309 712 205 253 713 241 119 714 207 237 715 240 120 716 14 276 717 122 289 718 132 294 719 166 291 720 202 239 721 167 210 722 190 266 723 183 303 724 30 232 725 43 257 726 48 304 727 118 310 728 204 269 729 192 306 730 33 311 731 209 223 732 46 312 733 163 221 734 3 255 735 38 288 736 39 214 737 240 120 738 300 313 739 298 125 740 169 287 741 209 223 742 51 254 743 188 222 744 211 314 745 182 315 746 118 310 747 289 258 748 43 257 749 168 252 750 182 315 751 196 308 752 321 316 753 176 283 754 315 282 755 160 309 756 179 267 757 107 231 758 50 270 759 37 220 760 42 219 761 205 253 762 107 231 763 36 293 764 49 268 765 118 310 766 48 304 767 42 219 768 116 205 769 41 278 770 183 303 771 199 297 772 34 285 773 108 317 774 200 263 775 109 262 776 124 225 777 109 262 778 175 280 779 33 311 780 165 318 781 186 286 782 108 317 783 123 290 784 192 306 785 117 208 786 41 278 787 116 205 788 119 281 789 184 240 790 185 299 791 165 318 792 197 319 793 208 260 794 193 307 795 52 233 796 201 292 797 208 260 798 164 320 799 47 259 800 53 321 801 22 322 802 6 323 803 115 203 804 187 218 805 28 264 806 311 201 807 28 264 808 295 324 809 295 324 810 53 321 811 6 323 812 15 242 813 47 259 814 164 320 815 294 325 816 295 324 817 6 323 818 44 326 819 9 327 820 21 328 821 379 329 822 7 330 823 345 331 824 220 332 825 83 333 826 17 334 827 245 335 828 23 336 829 250 337 830 250 337 831 22 322 832 251 241 833 236 149 834 19 338 835 237 150 836 54 339 837 83 333 838 106 340 839 247 341 840 8 342 841 252 243 842 218 343 843 246 344 844 245 335 845 223 345 846 18 346 847 19 338 848 217 347 849 17 334 850 20 348 851 21 328 852 13 349 853 84 350 854 239 164 855 45 235 856 241 119 857 10 351 858 46 312 859 3 255 860 11 352 861 3 255 862 45 235 863 12 353 864 163 221 865 46 312 866 26 354 867 12 353 868 10 351 869 238 169 870 11 352 871 239 164 872 27 355 873 10 351 874 11 352 875 16 356 876 9 327 877 12 353 878 84 350 879 17 334 880 83 333 881 237 150 882 27 355 883 238 169 884 19 338 885 26 354 886 27 355 887 20 348 888 13 349 889 16 356 890 18 346 891 16 356 892 26 354 893 123 290 894 193 307 895 192 306 896 21 328 897 211 314 898 44 326 899 6 323 900 23 336 901 294 325 902 294 325 903 24 357 904 301 358 905 303 359 906 25 360 907 7 330 908 218 343 909 350 361 910 296 362 911 216 363 912 20 348 913 18 346 914 8 342 915 84 350 916 54 339 917 24 357 918 309 364 919 301 358 920 222 271 921 180 365 922 224 247 923 224 247 924 341 366 925 314 367 926 248 368 927 339 296 928 318 369 929 221 215 930 211 314 931 247 341 932 244 277 933 132 294 934 248 368 935 25 360 936 245 335 937 246 344 938 356 370 939 219 371 940 220 332 941 235 273 942 25 360 943 246 344 944 353 372 945 220 332 946 217 347 947 106 340 948 219 371 949 218 343 950 354 373 951 216 363 952 223 345 953 352 190 954 223 345 955 236 149 956 361 374 957 217 347 958 216 363 959 191 375 960 248 368 961 180 365 962 197 319 963 247 341 964 164 320 965 7 330 966 348 376 967 345 331 968 164 320 969 252 243 970 15 242 971 106 340 972 251 241 973 54 339 974 218 343 975 250 337 976 106 340 977 31 301 978 244 277 979 191 375 980 54 339 981 252 243 982 8 342 983 196 308 984 234 234 985 31 301 986 182 315 987 233 217 988 196 308 989 180 365 990 318 369 991 341 366 992 358 274 993 246 344 994 296 362 995 402 377 996 489 378 997 497 379 998 474 380 999 479 381 1000 446 382 1001 286 14 1002 496 383 1003 367 9 1004 438 384 1005 491 385 1006 432 386 1007 399 387 1008 519 388 1009 521 389 1010 492 390 1011 512 391 1012 472 392 1013 425 393 1014 481 394 1015 482 395 1016 480 396 1017 481 394 1018 389 397 1019 432 386 1020 471 398 1021 445 399 1022 486 400 1023 485 401 1024 450 402 1025 482 395 1026 473 403 1027 483 404 1028 475 405 1029 448 406 1030 411 407 1031 483 404 1032 444 408 1033 482 395 1034 449 409 1035 515 410 1036 519 388 1037 489 378 1038 498 411 1039 497 379 1040 486 400 1041 437 412 1042 433 413 1043 449 409 1044 390 414 1045 491 385 1046 512 391 1047 479 381 1048 472 392 1049 490 415 1050 387 416 1051 489 378 1052 494 417 1053 445 399 1054 471 398 1055 473 403 1056 451 418 1057 483 404 1058 497 379 1059 514 419 1060 370 1 1061 482 395 1062 428 420 1063 425 393 1064 433 413 1065 451 418 1066 486 400 1067 367 9 1068 402 377 1069 282 4 1070 476 421 1071 480 396 1072 389 397 1073 447 422 1074 400 423 1075 509 424 1076 386 425 1077 470 426 1078 450 402 1079 495 427 1080 492 390 1081 496 383 1082 447 422 1083 490 415 1084 489 378 1085 485 401 1086 480 396 1087 484 428 1088 475 405 1089 474 380 1090 476 421 1091 480 396 1092 446 382 1093 484 428 1094 492 390 1095 509 424 1096 400 423 1097 426 429 1098 387 416 1099 409 430 1100 386 425 1101 446 382 1102 512 391 1103 499 431 1104 389 397 1105 481 394 1106 450 402 1107 459 432 1108 486 400 1109 498 411 1110 516 433 1111 514 419 1112 484 428 1113 450 402 1114 485 401 1115 491 385 1116 452 434 1117 471 398 1118 459 432 1119 427 435 1120 437 412 1121 367 9 1122 492 390 1123 400 423 1124 282 4 1125 497 379 1126 370 1 1127 469 436 1128 495 427 1129 460 437 1130 496 383 1131 460 437 1132 495 427 1133 470 426 1134 458 438 1135 459 432 1136 426 429 1137 521 389 1138 516 433 1139 434 439 1140 483 404 1141 451 418 1142 509 424 1143 479 381 1144 447 422 1145 460 437 1146 285 17 1147 364 66 1148 460 437 1149 478 440 1150 469 436 1151 469 436 1152 477 441 1153 458 438 1154 414 442 1155 458 438 1156 477 441 1157 413 443 1158 477 441 1159 396 444 1160 396 444 1161 298 125 1162 413 443 1163 478 440 1164 396 444 1165 477 441 1166 364 66 1167 366 86 1168 478 440 1169 366 86 1170 299 72 1171 396 444 1172 409 430 1173 443 445 1174 390 414 1175 475 405 1176 506 446 1177 387 416 1178 476 421 1179 505 447 1180 448 406 1181 452 434 1182 504 448 1183 388 449 1184 409 430 1185 506 446 1186 511 450 1187 390 414 1188 410 451 1189 452 434 1190 399 387 1191 409 430 1192 390 414 1193 425 393 1194 440 452 1195 494 417 1196 471 398 1197 388 449 1198 494 417 1199 494 417 1200 499 431 1201 425 393 1202 388 449 1203 505 447 1204 389 397 1205 411 407 1206 511 450 1207 506 446 1208 411 407 1209 410 451 1210 443 445 1211 448 406 1212 504 448 1213 410 451 1214 430 453 1215 457 454 1216 408 455 1217 467 456 1218 415 457 1219 439 458 1220 429 459 1221 288 206 1222 368 199 1223 438 384 1224 436 460 1225 463 461 1226 520 462 1227 462 463 1228 517 464 1229 501 465 1230 431 466 1231 421 467 1232 455 468 1233 398 469 1234 500 470 1235 468 471 1236 398 469 1237 418 472 1238 432 386 1239 420 473 1240 436 460 1241 395 474 1242 392 475 1243 416 476 1244 397 477 1245 418 472 1246 398 469 1247 465 478 1248 419 479 1249 466 480 1250 405 481 1251 444 408 1252 394 482 1253 515 410 1254 463 461 1255 520 462 1256 430 453 1257 435 483 1258 385 484 1259 437 412 1260 395 474 1261 433 413 1262 463 461 1263 384 485 1264 462 463 1265 501 465 1266 467 456 1267 439 458 1268 424 486 1269 385 484 1270 465 478 1271 406 487 1272 445 399 1273 440 452 1274 418 472 1275 416 476 1276 392 475 1277 408 455 1278 518 488 1279 435 483 1280 428 420 1281 397 477 1282 455 468 1283 416 476 1284 433 413 1285 395 474 1286 457 454 1287 368 199 1288 283 193 1289 466 480 1290 468 471 1291 415 457 1292 487 489 1293 464 490 1294 510 491 1295 423 492 1296 391 493 1297 417 494 1298 431 466 1299 422 495 1300 429 459 1301 424 486 1302 464 490 1303 430 453 1304 468 471 1305 392 475 1306 393 496 1307 415 457 1308 465 478 1309 466 480 1310 439 458 1311 468 471 1312 393 496 1313 510 491 1314 431 466 1315 487 489 1316 385 484 1317 456 497 1318 453 498 1319 439 458 1320 391 493 1321 501 465 1322 500 470 1323 383 499 1324 382 500 1325 442 501 1326 417 494 1327 395 474 1328 435 483 1329 513 502 1330 456 497 1331 393 496 1332 417 494 1333 391 493 1334 436 460 1335 404 503 1336 384 485 1337 427 435 1338 442 501 1339 437 412 1340 368 199 1341 431 466 1342 429 459 1343 408 455 1344 283 193 1345 371 504 1346 422 495 1347 407 505 1348 412 506 1349 412 506 1350 429 459 1351 422 495 1352 423 492 1353 441 507 1354 407 505 1355 456 497 1356 517 464 1357 462 463 1358 434 439 1359 405 481 1360 394 482 1361 467 456 1362 510 491 1363 464 490 1364 412 506 1365 289 258 1366 365 207 1367 401 508 1368 412 506 1369 407 505 1370 403 509 1371 407 505 1372 441 507 1373 414 442 1374 441 507 1375 427 435 1376 454 510 1377 414 442 1378 413 443 1379 298 125 1380 454 510 1381 413 443 1382 454 510 1383 401 508 1384 403 509 1385 362 275 1386 363 256 1387 401 508 1388 300 313 1389 362 275 1390 454 510 1391 461 511 1392 453 498 1393 384 485 1394 502 512 1395 465 478 1396 385 484 1397 466 480 1398 503 513 1399 383 499 1400 507 514 1401 404 503 1402 382 500 1403 453 498 1404 502 512 1405 385 484 1406 493 515 1407 384 485 1408 404 503 1409 453 498 1410 462 463 1411 384 485 1412 440 452 1413 455 468 1414 406 487 1415 420 473 1416 382 500 1417 404 503 1418 406 487 1419 500 470 1420 382 500 1421 503 513 1422 382 500 1423 383 499 1424 508 516 1425 488 517 1426 502 512 1427 488 517 1428 493 515 1429 419 479 1430 419 479 1431 507 514 1432 503 513 1433 695 518 1434 777 519 1435 707 520 1436 714 521 1437 710 522 1438 702 523 1439 784 524 1440 615 525 1441 730 526 1442 745 527 1443 686 528 1444 684 529 1445 676 530 1446 727 531 1447 685 532 1448 721 533 1449 745 527 1450 774 534 1451 742 535 1452 773 536 1453 694 537 1454 698 538 1455 681 539 1456 682 540 1457 795 541 1458 740 542 1459 729 543 1460 613 544 1461 700 545 1462 607 546 1463 731 547 1464 679 548 1465 728 549 1466 707 520 1467 686 528 1468 695 518 1469 605 550 1470 779 551 1471 734 552 1472 773 536 1473 706 553 1474 696 554 1475 747 555 1476 734 552 1477 779 551 1478 798 556 1479 743 557 1480 810 558 1481 756 559 1482 717 560 1483 672 561 1484 682 540 1485 679 548 1486 765 562 1487 566 563 1488 681 539 1489 773 536 1490 676 530 1491 784 524 1492 774 534 1493 696 554 1494 694 537 1495 773 536 1496 680 564 1497 682 540 1498 765 562 1499 779 551 1500 756 559 1501 747 555 1502 701 565 1503 684 529 1504 686 528 1505 682 540 1506 699 566 1507 698 538 1508 608 567 1509 724 568 1510 527 569 1511 702 523 1512 776 570 1513 753 571 1514 698 538 1515 716 572 1516 705 573 1517 612 574 1518 700 545 1519 779 551 1520 609 575 1521 784 524 1522 724 568 1523 696 554 1524 690 576 1525 777 519 1526 611 577 1527 730 526 1528 615 525 1529 751 578 1530 669 579 1531 725 580 1532 740 542 1533 566 563 1534 742 535 1535 734 552 1536 606 581 1537 605 550 1538 726 582 1539 795 541 1540 729 543 1541 729 543 1542 742 535 1543 725 580 1544 728 549 1545 814 583 1546 807 584 1547 796 585 1548 728 549 1549 807 584 1550 733 586 1551 801 587 1552 709 588 1553 725 580 1554 694 537 1555 751 578 1556 740 542 1557 814 583 1558 735 589 1559 709 588 1560 804 590 1561 732 591 1562 680 564 1563 709 588 1564 688 592 1565 721 533 1566 738 593 1567 743 557 1568 732 591 1569 792 594 1570 606 581 1571 733 586 1572 765 562 1573 731 547 1574 679 548 1575 735 589 1576 728 549 1577 726 582 1578 725 580 1579 669 579 1580 715 595 1581 723 596 1582 719 597 1583 685 532 1584 781 598 1585 527 569 1586 718 599 1587 712 600 1588 714 521 1589 697 601 1590 744 602 1591 739 603 1592 691 604 1593 719 597 1594 775 605 1595 522 606 1596 712 600 1597 697 601 1598 305 6 1599 719 597 1600 723 596 1601 775 605 1602 375 5 1603 722 607 1604 744 602 1605 759 608 1606 782 609 1607 674 610 1608 739 603 1609 670 611 1610 670 611 1611 689 612 1612 673 613 1613 778 614 1614 521 389 1615 519 388 1616 708 615 1617 600 616 1618 720 617 1619 722 607 1620 307 2 1621 525 618 1622 690 576 1623 782 609 1624 759 608 1625 701 565 1626 775 605 1627 722 607 1628 305 6 1629 372 619 1630 293 7 1631 714 521 1632 715 595 1633 718 599 1634 674 610 1635 720 617 1636 675 620 1637 672 561 1638 741 621 1639 673 613 1640 713 622 1641 702 523 1642 711 623 1643 789 624 1644 599 625 1645 598 626 1646 704 627 1647 748 628 1648 687 629 1649 307 2 1650 514 419 1651 525 618 1652 671 630 1653 514 419 1654 516 433 1655 675 620 1656 749 631 1657 522 606 1658 739 603 1659 782 609 1660 689 612 1661 718 599 1662 691 604 1663 759 608 1664 723 596 1665 711 623 1666 372 619 1667 727 531 1668 671 630 1669 685 532 1670 689 612 1671 705 573 1672 716 572 1673 722 607 1674 727 531 1675 701 565 1676 515 410 1677 778 614 1678 519 388 1679 741 621 1680 601 632 1681 693 633 1682 705 573 1683 706 553 1684 698 538 1685 691 604 1686 707 520 1687 777 519 1688 716 572 1689 673 613 1690 689 612 1691 527 569 1692 778 614 1693 789 624 1694 717 560 1695 604 634 1696 741 621 1697 608 567 1698 789 624 1699 598 626 1700 703 635 1701 787 636 1702 757 637 1703 749 631 1704 755 638 1705 752 639 1706 597 640 1707 720 617 1708 600 616 1709 710 522 1710 750 641 1711 776 570 1712 720 617 1713 704 627 1714 675 620 1715 522 606 1716 752 639 1717 750 641 1718 711 623 1719 753 571 1720 754 642 1721 372 619 1722 754 642 1723 312 10 1724 764 643 1725 753 571 1726 776 570 1727 787 636 1728 761 644 1729 757 637 1730 687 629 1731 758 645 1732 787 636 1733 703 635 1734 760 646 1735 755 638 1736 758 645 1737 594 647 1738 761 644 1739 757 637 1740 762 648 1741 760 646 1742 746 649 1743 596 650 1744 748 628 1745 748 628 1746 595 651 1747 758 645 1748 761 644 1749 593 652 1750 762 648 1751 377 137 1752 312 10 1753 754 642 1754 763 653 1755 754 642 1756 753 571 1757 766 654 1758 776 570 1759 750 641 1760 767 655 1761 750 641 1762 752 639 1763 302 174 1764 377 137 1765 763 653 1766 764 643 1767 770 656 1768 768 657 1769 769 658 1770 752 639 1771 755 638 1772 785 659 1773 755 638 1774 760 646 1775 833 660 1776 760 646 1777 762 648 1778 832 661 1779 762 648 1780 593 652 1781 766 654 1782 771 662 1783 770 656 1784 767 655 1785 772 663 1786 771 662 1787 692 664 1788 826 665 1789 823 666 1790 306 177 1791 677 667 1792 308 175 1793 836 668 1794 526 669 1795 831 670 1796 820 671 1797 823 666 1798 834 672 1799 302 174 1800 736 673 1801 306 177 1802 817 674 1803 678 675 1804 822 676 1805 695 518 1806 751 578 1807 694 537 1808 769 658 1809 829 677 1810 772 663 1811 768 657 1812 763 653 1813 764 643 1814 678 675 1815 780 678 1816 737 679 1817 781 598 1818 516 433 1819 521 389 1820 749 631 1821 687 629 1822 703 635 1823 697 601 1824 675 620 1825 522 606 1826 693 633 1827 673 613 1828 741 621 1829 708 615 1830 670 611 1831 693 633 1832 810 558 1833 738 593 1834 805 680 1835 669 579 1836 743 557 1837 726 582 1838 688 592 1839 732 591 1840 734 552 1841 794 681 1842 738 593 1843 611 577 1844 683 682 1845 756 559 1846 699 566 1847 684 529 1848 774 534 1849 745 527 1850 699 566 1851 672 561 1852 716 572 1853 683 682 1854 688 592 1855 747 555 1856 730 526 1857 774 534 1858 784 524 1859 724 568 1860 685 532 1861 527 569 1862 693 633 1863 602 683 1864 708 615 1865 759 608 1866 777 519 1867 690 576 1868 308 175 1869 821 684 1870 378 140 1871 678 675 1872 526 669 1873 692 664 1874 692 664 1875 822 676 1876 678 675 1877 772 663 1878 737 679 1879 771 662 1880 772 663 1881 831 670 1882 526 669 1883 736 673 1884 783 685 1885 677 667 1886 770 656 1887 737 679 1888 780 678 1889 677 667 1890 817 674 1891 821 684 1892 780 678 1893 768 657 1894 770 656 1895 797 686 1896 731 547 1897 796 585 1898 552 687 1899 664 688 1900 553 689 1901 639 690 1902 621 691 1903 628 692 1904 615 525 1905 546 693 1906 554 694 1907 549 695 1908 538 696 1909 550 697 1910 544 698 1911 575 699 1912 568 700 1913 549 695 1914 642 701 1915 618 702 1916 603 703 1917 531 704 1918 551 705 1919 536 706 1920 557 707 1921 537 708 1922 548 709 1923 799 710 1924 812 711 1925 613 544 1926 564 712 1927 663 713 1928 545 714 1929 541 715 1930 555 716 1931 543 717 1932 538 696 1933 540 718 1934 562 719 1935 605 550 1936 561 720 1937 556 721 1938 603 703 1939 553 689 1940 656 722 1941 561 720 1942 626 723 1943 634 724 1944 803 725 1945 793 726 1946 663 713 1947 647 727 1948 571 728 1949 537 708 1950 530 729 1951 536 706 1952 536 706 1953 667 730 1954 603 703 1955 575 699 1956 546 693 1957 547 731 1958 551 705 1959 553 689 1960 603 703 1961 537 708 1962 535 732 1963 541 715 1964 647 727 1965 562 719 1966 656 722 1967 534 733 1968 540 718 1969 538 696 1970 558 734 1971 537 708 1972 557 707 1973 608 567 1974 547 731 1975 609 575 1976 628 692 1977 652 735 1978 639 690 1979 557 707 1980 662 736 1981 558 734 1982 564 712 1983 612 574 1984 562 719 1985 609 575 1986 546 693 1987 610 737 1988 665 738 1989 553 689 1990 664 688 1991 554 694 1992 611 577 1993 615 525 1994 532 739 1995 549 695 1996 550 697 1997 531 704 1998 565 740 1999 542 741 2000 606 581 2001 561 720 2002 605 550 2003 668 742 2004 812 711 2005 803 725 2006 532 739 2007 542 741 2008 548 709 2009 545 714 2010 813 743 2011 565 740 2012 800 744 2013 555 716 2014 811 745 2015 560 746 2016 791 747 2017 808 748 2018 532 739 2019 551 705 2020 531 704 2021 813 743 2022 542 741 2023 565 740 2024 567 749 2025 809 750 2026 791 747 2027 567 749 2028 535 732 2029 626 723 2030 563 751 2031 642 701 2032 634 724 2033 606 581 2034 809 750 2035 559 752 2036 560 746 2037 541 715 2038 535 732 2039 565 740 2040 530 729 2041 545 714 2042 539 753 2043 548 709 2044 668 742 2045 620 754 2046 623 755 2047 622 756 2048 568 700 2049 635 757 2050 570 758 2051 619 759 2052 637 760 2053 632 761 2054 629 762 2055 632 761 2056 637 760 2057 640 763 2058 631 764 2059 659 765 2060 528 766 2061 637 760 2062 639 690 2063 640 763 2064 310 197 2065 623 755 2066 376 196 2067 659 765 2068 643 767 2069 632 761 2070 658 768 2071 619 759 2072 625 769 2073 573 770 2074 569 771 2075 633 772 2076 569 771 2077 572 773 2078 517 464 2079 636 774 2080 520 462 2081 600 616 2082 616 775 2083 641 776 2084 304 192 2085 643 767 2086 523 777 2087 660 778 2088 665 738 2089 658 768 2090 540 718 2091 659 765 2092 543 717 2093 374 202 2094 310 197 2095 290 200 2096 620 754 2097 621 691 2098 619 759 2099 641 776 2100 573 770 2101 574 779 2102 571 728 2103 624 780 2104 663 713 2105 622 756 2106 628 692 2107 621 691 2108 790 781 2109 599 625 2110 636 774 2111 589 782 2112 657 783 2113 590 784 2114 523 777 2115 371 504 2116 304 192 2117 570 758 2118 518 488 2119 523 777 2120 655 785 2121 574 779 2122 528 766 2123 625 769 2124 660 778 2125 632 761 2126 619 759 2127 631 764 2128 620 754 2129 374 202 2130 622 756 2131 623 755 2132 544 698 2133 570 758 2134 523 777 2135 661 786 2136 633 772 2137 662 736 2138 544 698 2139 643 767 2140 540 718 2141 636 774 2142 515 410 2143 520 462 2144 630 787 2145 604 634 2146 624 780 2147 556 721 2148 661 786 2149 557 707 2150 543 717 2151 631 764 2152 664 688 2153 662 736 2154 572 773 2155 571 728 2156 529 788 2157 636 774 2158 635 757 2159 624 780 2160 613 544 2161 663 713 2162 608 567 2163 790 781 2164 529 788 2165 627 789 2166 788 790 2167 589 782 2168 648 791 2169 655 785 2170 651 792 2171 600 616 2172 657 783 2173 597 640 2174 639 690 2175 653 793 2176 528 766 2177 590 784 2178 641 776 2179 574 779 2180 651 792 2181 528 766 2182 653 793 2183 638 794 2184 650 795 2185 628 692 2186 374 202 2187 649 796 2188 638 794 2189 650 795 2190 587 797 2191 652 735 2192 654 798 2193 788 790 2194 646 799 2195 589 782 2196 645 800 2197 666 801 2198 644 802 2199 627 789 2200 648 791 2201 594 647 2202 645 800 2203 654 798 2204 617 803 2205 646 799 2206 644 802 2207 666 801 2208 597 640 2209 657 783 2210 595 651 2211 666 801 2212 645 800 2213 593 652 2214 654 798 2215 617 803 2216 311 201 2217 373 804 2218 649 796 2219 649 796 2220 588 805 2221 650 795 2222 652 735 2223 586 806 2224 653 793 2225 653 793 2226 585 807 2227 651 792 2228 373 804 2229 301 358 2230 588 805 2231 587 797 2232 582 808 2233 586 806 2234 651 792 2235 583 809 2236 648 791 2237 648 791 2238 786 810 2239 644 802 2240 644 802 2241 827 811 2242 617 803 2243 832 661 2244 617 803 2245 827 811 2246 586 806 2247 581 812 2248 585 807 2249 585 807 2250 580 813 2251 583 809 2252 825 814 2253 591 815 2254 824 816 2255 309 364 2256 576 817 2257 578 818 2258 837 819 2259 524 820 2260 825 814 2261 816 821 2262 824 816 2263 591 815 2264 301 358 2265 578 818 2266 584 822 2267 577 823 2268 819 824 2269 815 825 2270 552 687 2271 550 697 2272 538 696 2273 583 809 2274 828 826 2275 786 810 2276 588 805 2277 584 822 2278 587 797 2279 577 823 2280 592 827 2281 614 828 2282 635 757 2283 513 502 2284 570 758 2285 655 785 2286 589 782 2287 590 784 2288 574 779 2289 629 762 2290 528 766 2291 572 773 2292 630 787 2293 624 780 2294 569 771 2295 616 775 2296 630 787 2297 563 751 2298 793 726 2299 802 829 2300 668 742 2301 642 701 2302 539 753 2303 559 752 2304 626 723 2305 561 720 2306 611 577 2307 802 829 2308 794 681 2309 558 734 2310 656 722 2311 533 830 2312 534 733 2313 618 702 2314 575 699 2315 571 728 2316 558 734 2317 662 736 2318 533 830 2319 626 723 2320 535 732 2321 618 702 2322 554 694 2323 546 693 2324 568 700 2325 547 731 2326 529 788 2327 602 683 2328 630 787 2329 616 775 2330 664 688 2331 658 768 2332 665 738 2333 303 359 2334 818 831 2335 576 817 2336 577 823 2337 524 820 2338 579 832 2339 591 815 2340 815 825 2341 816 821 2342 579 832 2343 580 813 2344 581 812 2345 830 833 2346 580 813 2347 524 820 2348 578 818 2349 614 828 2350 592 827 2351 582 808 2352 579 832 2353 581 812 2354 576 817 2355 819 824 2356 614 828 2357 584 822 2358 592 827 2359 582 808 2360 808 748 2361 555 716 2362 560 746 2363 838 834 2364 333 115 2365 839 835 2366 322 94 2367 839 835 2368 840 836 2369 335 95 2370 840 836 2371 848 837 2372 329 54 2373 839 835 2374 333 115 2375 840 836 2376 324 838 2377 848 837 2378 328 33 2379 838 834 2380 330 34 2381 332 92 2382 838 834 2383 839 835 2384 842 839 2385 323 101 2386 846 840 2387 848 837 2388 342 59 2389 335 95 2390 338 56 2391 838 834 2392 842 839 2393 343 181 2394 846 840 2395 336 183 2396 334 841 2397 842 839 2398 846 840 2399 846 840 2400 344 107 2401 336 183 2402 843 842 2403 320 305 2404 317 265 2405 845 843 2406 315 282 2407 847 844 2408 319 300 2409 847 844 2410 315 282 2411 325 244 2412 845 843 2413 847 844 2414 847 844 2415 327 251 2416 325 244 2417 331 226 2418 841 845 2419 326 224 2420 843 842 2421 321 316 2422 845 843 2423 841 845 2424 313 295 2425 326 224 2426 340 250 2427 849 846 2428 319 300 2429 316 248 2430 843 842 2431 317 265 2432 341 366 2433 844 847 2434 314 367 2435 841 845 2436 314 367 2437 844 847 2438 339 296 2439 844 847 2440 318 369 2441 806 848 2442 807 584 2443 814 583 2444 797 686 2445 810 558 2446 801 587 2447 807 584 2448 795 541 2449 796 585 2450 796 585 2451 798 556 2452 797 686 2453 794 681 2454 804 590 2455 805 680 2456 801 587 2457 805 680 2458 804 590 2459 799 710 2460 813 743 2461 800 744 2462 793 726 2463 808 748 2464 791 747 2465 812 711 2466 800 744 2467 811 745 2468 803 725 2469 811 745 2470 808 748 2471 809 750 2472 794 681 2473 802 829 2474 802 829 2475 791 747 2476 809 750 2477 1102 849 2478 1028 850 2479 993 851 2480 1010 852 2481 987 853 2482 1016 854 2483 1059 855 2484 1048 856 2485 981 857 2486 1071 858 2487 1073 859 2488 1042 860 2489 1039 861 2490 1109 862 2491 1064 863 2492 1115 864 2493 1042 860 2494 1073 859 2495 1036 865 2496 1098 866 2497 1110 867 2498 872 868 2499 1061 869 2500 1075 870 2501 1119 871 2502 1004 872 2503 1063 873 2504 878 874 2505 874 875 2506 872 868 2507 1037 876 2508 1063 873 2509 1005 877 2510 1037 876 2511 1039 861 2512 1064 863 2513 1064 863 2514 1119 871 2515 1063 873 2516 864 878 2517 872 868 2518 874 875 2519 1069 879 2520 1070 880 2521 1055 881 2522 961 882 2523 975 883 2524 1057 884 2525 977 885 2526 991 886 2527 1083 887 2528 974 888 2529 1018 889 2530 970 890 2531 852 891 2532 875 892 2533 1021 893 2534 1035 894 2535 1044 895 2536 1062 896 2537 1096 897 2538 1039 861 2539 1038 898 2540 1059 855 2541 1069 879 2542 1055 881 2543 969 899 2544 1061 869 2545 947 900 2546 1056 901 2547 1055 881 2548 1033 902 2549 1023 903 2550 974 888 2551 971 904 2552 1035 894 2553 980 905 2554 1051 906 2555 1011 907 2556 1042 860 2557 993 851 2558 1062 896 2559 1072 908 2560 1026 909 2561 958 910 2562 1057 884 2563 852 891 2564 958 910 2565 1021 893 2566 1013 911 2567 1025 912 2568 897 913 2569 852 891 2570 1052 914 2571 1019 915 2572 975 883 2573 1033 902 2574 1019 915 2575 1056 901 2576 989 916 2577 977 885 2578 992 917 2579 981 857 2580 1036 865 2581 1059 855 2582 970 890 2583 1057 884 2584 975 883 2585 1065 918 2586 1051 906 2587 973 919 2588 1004 872 2589 1005 877 2590 1063 873 2591 1018 889 2592 852 891 2593 1057 884 2594 1031 920 2595 1020 921 2596 1049 922 2597 979 923 2598 878 874 2599 1030 924 2600 973 919 2601 969 899 2602 1065 918 2603 1009 925 2604 1066 926 2605 962 927 2606 1013 911 2607 1079 928 2608 861 929 2609 1058 930 2610 1033 902 2611 1020 921 2612 1015 931 2613 1046 932 2614 989 916 2615 1023 903 2616 1022 933 2617 1025 912 2618 1046 932 2619 1054 934 2620 991 886 2621 1037 876 2622 1026 909 2623 1038 898 2624 963 935 2625 1030 924 2626 1045 936 2627 1030 924 2628 872 868 2629 1075 870 2630 1090 937 2631 1025 912 2632 1018 889 2633 1069 879 2634 1110 867 2635 1112 938 2636 1073 859 2637 1112 938 2638 1115 864 2639 1096 897 2640 1026 909 2641 876 939 2642 1070 880 2643 1049 922 2644 1020 921 2645 1055 881 2646 1020 921 2647 1033 902 2648 1045 936 2649 1075 870 2650 1061 869 2651 1054 934 2652 1078 940 2653 853 941 2654 1005 877 2655 1062 896 2656 1037 876 2657 947 900 2658 856 942 2659 869 943 2660 1014 944 2661 1056 901 2662 1019 915 2663 1053 945 2664 1045 936 2665 969 899 2666 1027 946 2667 975 883 2668 1019 915 2669 1015 931 2670 1071 858 2671 1011 907 2672 1008 947 2673 984 948 2674 987 853 2675 971 904 2676 1058 930 2677 1031 920 2678 1065 918 2679 947 900 2680 1044 895 2681 974 888 2682 1027 946 2683 1058 930 2684 1022 933 2685 1083 887 2686 897 913 2687 1054 934 2688 875 892 2689 991 886 2690 984 948 2691 380 85 2692 347 84 2693 986 949 2694 1009 925 2695 962 927 2696 1050 950 2697 1006 951 2698 1093 952 2699 992 917 2700 1022 933 2701 1097 953 2702 990 954 2703 1060 955 2704 1028 850 2705 986 949 2706 859 956 2707 990 954 2708 1116 957 2709 990 954 2710 1028 850 2711 985 958 2712 820 671 2713 1041 959 2714 983 960 2715 1095 961 2716 976 962 2717 1016 854 2718 346 141 2719 378 140 2720 1010 852 2721 983 960 2722 972 963 2723 987 853 2724 347 84 2725 346 141 2726 986 949 2727 1101 964 2728 380 85 2729 378 140 2730 982 965 2731 1016 854 2732 834 672 2733 1041 959 2734 820 671 2735 822 676 2736 850 966 2737 817 674 2738 1007 967 2739 1016 854 2740 982 965 2741 821 684 2742 850 966 2743 982 965 2744 869 943 2745 983 960 2746 976 962 2747 972 963 2748 856 942 2749 864 878 2750 971 904 2751 1097 953 2752 1023 903 2753 1017 968 2754 1011 907 2755 1060 955 2756 1049 922 2757 989 916 2758 1031 920 2759 1031 920 2760 992 917 2761 971 904 2762 1060 955 2763 993 851 2764 1028 850 2765 1117 969 2766 993 851 2767 1042 860 2768 1068 970 2769 1095 961 2770 850 966 2771 1044 895 2772 869 943 2773 1072 908 2774 1008 947 2775 972 963 2776 1029 971 2777 1095 961 2778 982 965 2779 850 966 2780 1009 925 2781 1029 971 2782 988 972 2783 876 939 2784 1041 959 2785 1096 897 2786 1072 908 2787 976 962 2788 1068 970 2789 962 927 2790 1078 940 2791 859 956 2792 1006 951 2793 958 910 2794 1013 911 2795 980 905 2796 999 973 2797 981 857 2798 1053 945 2799 1014 944 2800 1052 914 2801 1051 906 2802 981 857 2803 1048 856 2804 963 935 2805 1052 914 2806 961 882 2807 999 973 2808 1099 974 2809 1098 866 2810 1014 944 2811 1051 906 2812 1048 856 2813 1093 952 2814 1013 911 2815 861 929 2816 961 882 2817 979 923 2818 963 935 2819 972 963 2820 1034 975 2821 1029 971 2822 988 972 2823 1034 975 2824 1024 976 2825 1040 977 2826 1093 952 2827 861 929 2828 1050 950 2829 1032 978 2830 874 875 2831 874 875 2832 1092 979 2833 864 878 2834 1034 975 2835 1092 979 2836 1091 980 2837 1024 976 2838 1091 980 2839 1067 981 2840 1024 976 2841 1085 982 2842 860 983 2843 1085 982 2844 861 929 2845 860 983 2846 1040 977 2847 1067 981 2848 1032 978 2849 1067 981 2850 1092 979 2851 1032 978 2852 1072 908 2853 876 939 2854 1026 909 2855 897 913 2856 991 886 2857 875 892 2858 1079 928 2859 860 983 2860 861 929 2861 853 941 2862 1066 926 2863 860 983 2864 1079 928 2865 875 892 2866 853 941 2867 988 972 2868 860 983 2869 1066 926 2870 1054 934 2871 1060 955 2872 859 956 2873 1068 970 2874 985 958 2875 876 939 2876 968 984 2877 1103 985 2878 1118 986 2879 881 987 2880 966 988 2881 913 989 2882 1000 990 2883 871 991 2884 955 992 2885 924 993 2886 945 994 2887 923 995 2888 904 996 2889 1113 997 2890 835 998 2891 1100 999 2892 900 1000 2893 1105 1001 2894 907 1002 2895 1108 1003 2896 956 1004 2897 931 1005 2898 941 1006 2899 865 1007 2900 957 1008 2901 1107 1009 2902 892 1010 2903 930 1011 2904 933 1012 2905 931 1005 2906 906 1013 2907 892 1010 2908 920 1014 2909 906 1013 2910 904 996 2911 905 1015 2912 1107 1009 2913 920 1014 2914 892 1010 2915 857 1016 2916 931 1005 2917 865 1007 2918 923 995 2919 867 1017 2920 873 1018 2921 940 1019 2922 1002 1020 2923 951 1021 2924 899 1022 2925 887 1023 2926 1080 1024 2927 884 1025 2928 1094 1026 2929 895 1027 2930 851 1028 2931 935 1029 2932 936 1030 2933 898 1031 2934 946 1032 2935 866 1033 2936 904 996 2937 1089 1034 2938 905 1015 2939 867 1017 2940 871 991 2941 873 1018 2942 883 1035 2943 941 1006 2944 910 1036 2945 873 1018 2946 939 1037 2947 909 1038 2948 895 1027 2949 916 1039 2950 880 1040 2951 946 1032 2952 954 1041 2953 894 1042 2954 967 1043 2955 900 1000 2956 924 993 2957 943 1044 2958 866 1033 2959 914 1045 2960 952 1046 2961 940 1019 2962 951 1021 2963 918 1047 2964 952 1046 2965 960 1048 2966 936 1030 2967 915 1049 2968 851 1028 2969 891 1050 2970 948 1051 2971 1002 1020 2972 909 1038 2973 944 1052 2974 921 1053 2975 1043 1054 2976 887 1023 2977 927 1055 2978 955 992 2979 907 1002 2980 956 1004 2981 884 1025 2982 940 1019 2983 925 1056 2984 1001 1057 2985 922 1058 2986 949 1059 2987 894 1042 2988 957 1008 2989 892 1010 2990 851 1028 2991 925 1056 2992 940 1019 2993 896 1060 2994 919 1061 2995 938 1062 2996 933 1012 2997 953 1063 2998 911 1064 2999 949 1059 3000 883 1035 3001 1003 1065 3002 965 1066 3003 926 1067 3004 868 1068 3005 1082 1069 3006 960 1048 3007 863 1070 3008 909 1038 3009 928 1071 3010 896 1060 3011 870 1072 3012 927 1055 3013 902 1073 3014 917 1074 3015 916 1039 3016 915 1049 3017 994 1075 3018 927 1055 3019 899 1022 3020 914 1045 3021 906 1013 3022 905 1015 3023 950 1076 3024 911 1064 3025 953 1063 3026 931 1005 3027 911 1064 3028 1081 1077 3029 1094 1026 3030 915 1049 3031 916 1039 3032 1114 1078 3033 867 1017 3034 1106 1079 3035 1106 1079 3036 945 994 3037 1100 999 3038 914 1045 3039 1089 1034 3040 929 1080 3041 938 1062 3042 923 995 3043 896 1060 3044 896 1060 3045 873 1018 3046 909 1038 3047 910 1036 3048 1081 1077 3049 911 1064 3050 1087 1081 3051 994 1075 3052 858 1082 3053 866 1033 3054 894 1042 3055 906 1013 3056 879 1083 3057 865 1007 3058 941 1006 3059 939 1037 3060 948 1051 3061 944 1052 3062 1003 1065 3063 910 1036 3064 950 1076 3065 944 1052 3066 884 1025 3067 921 1053 3068 924 993 3069 870 1072 3070 967 1043 3071 886 1084 3072 964 1085 3073 881 987 3074 928 1071 3075 880 1040 3076 919 1061 3077 922 1058 3078 879 1083 3079 883 1035 3080 921 1053 3081 895 1027 3082 928 1071 3083 1080 1024 3084 917 1074 3085 936 1030 3086 935 1029 3087 994 1075 3088 899 1022 3089 348 376 3090 882 1086 3091 886 1084 3092 937 1087 3093 886 1084 3094 882 1086 3095 877 1088 3096 959 1089 3097 933 1012 3098 1047 1090 3099 917 1074 3100 887 1023 3101 934 1091 3102 901 1092 3103 855 1093 3104 882 1086 3105 855 1093 3106 937 1087 3107 912 1094 3108 1104 1095 3109 1103 985 3110 885 1096 3111 816 821 3112 815 825 3113 1086 1097 3114 889 1098 3115 888 1099 3116 913 989 3117 345 331 3118 881 987 3119 893 1100 3120 978 1101 3121 966 988 3122 345 331 3123 886 1084 3124 881 987 3125 381 272 3126 934 1091 3127 882 1086 3128 379 329 3129 890 1102 3130 818 831 3131 903 1103 3132 835 998 3133 816 821 3134 862 1104 3135 815 825 3136 819 824 3137 913 989 3138 978 1101 3139 890 1102 3140 862 1104 3141 818 831 3142 890 1102 3143 889 1098 3144 932 1105 3145 888 1099 3146 865 1007 3147 893 1100 3148 857 1016 3149 880 1040 3150 1084 1106 3151 1047 1090 3152 967 1043 3153 902 1073 3154 901 1092 3155 938 1062 3156 1043 1054 3157 870 1072 3158 919 1061 3159 1047 1090 3160 1043 1054 3161 901 1092 3162 968 984 3163 967 1043 3164 968 984 3165 1105 1001 3166 900 1000 3167 1086 1097 3168 942 1107 3169 862 1104 3170 932 1105 3171 898 1031 3172 943 1044 3173 964 1085 3174 893 1100 3175 966 988 3176 1086 1097 3177 890 1102 3178 978 1101 3179 965 1066 3180 908 1108 3181 964 1085 3182 903 1103 3183 929 1080 3184 1089 1034 3185 943 1044 3186 888 1099 3187 932 1105 3188 937 1087 3189 1087 1081 3190 926 1067 3191 959 1089 3192 952 1046 3193 953 1063 3194 954 1041 3195 956 1004 3196 957 1008 3197 1003 1065 3198 948 1051 3199 949 1059 3200 1001 1057 3201 955 992 3202 954 1041 3203 950 1076 3204 1002 1020 3205 1003 1065 3206 1111 1109 3207 956 1004 3208 1108 1003 3209 1001 1057 3210 948 1051 3211 1000 990 3212 1088 1110 3213 960 1048 3214 959 1089 3215 951 1021 3216 953 1063 3217 952 1046 3218 893 1100 3219 998 1111 3220 857 1016 3221 998 1111 3222 868 1068 3223 1012 1112 3224 1088 1110 3225 997 1113 3226 863 1070 3227 996 1114 3228 877 1088 3229 930 1011 3230 1077 1115 3231 930 1011 3232 857 1016 3233 998 1111 3234 1077 1115 3235 857 1016 3236 1074 1116 3237 1012 1112 3238 995 1117 3239 1076 1118 3240 1012 1112 3241 854 1119 3242 863 1070 3243 1076 1118 3244 854 1119 3245 997 1113 3246 995 1117 3247 1076 1118 3248 1077 1115 3249 995 1117 3250 996 1114 3251 914 1045 3252 942 1107 3253 943 1044 3254 899 1022 3255 936 1030 3256 935 1029 3257 854 1119 3258 1082 1069 3259 863 1070 3260 926 1067 3261 858 1082 3262 854 1119 3263 858 1082 3264 918 1047 3265 1082 1069 3266 868 1068 3267 854 1119 3268 1012 1112 3269 994 1075 3270 901 1092 3271 902 1073 3272 885 1096 3273 942 1107 3274 929 1080 3275 1254 1120 3276 1119 871 3277 1109 862 3278 1240 1121 3279 1181 1122 3280 1246 1123 3281 1117 969 3282 1199 1124 3283 1201 1125 3284 834 672 3285 1254 1120 3286 1109 862 3287 1200 1126 3288 1247 1127 3289 1183 1128 3290 1101 964 3291 1198 1129 3292 1263 1130 3293 1115 864 3294 1185 1131 3295 1199 1124 3296 1112 938 3297 1200 1126 3298 1185 1131 3299 1235 1132 3300 1204 1133 3301 1260 1134 3302 1260 1134 3303 1205 1135 3304 1273 1136 3305 1236 1137 3306 1203 1138 3307 1206 1139 3308 1123 1140 3309 1206 1139 3310 1147 1141 3311 1273 1136 3312 1203 1138 3313 1265 1142 3314 1237 1143 3315 357 178 3316 297 157 3317 1237 1143 3318 360 83 3319 1263 1130 3320 1204 1133 3321 1207 1144 3322 1205 1135 3323 1209 1145 3324 1206 1139 3325 1203 1138 3326 1188 1146 3327 1210 1147 3328 1204 1133 3329 1190 1148 3330 1212 1149 3331 1210 1147 3332 1208 1150 3333 1214 1151 3334 1211 1152 3335 1148 1153 3336 1211 1152 3337 1128 1154 3338 1207 1144 3339 1214 1151 3340 1209 1145 3341 1210 1147 3342 1213 1155 3343 1207 1144 3344 1192 1156 3345 1216 1157 3346 1212 1149 3347 1213 1155 3348 1215 1158 3349 1214 1151 3350 1212 1149 3351 1217 1159 3352 1213 1155 3353 1211 1152 3354 1215 1158 3355 1218 1160 3356 1128 1154 3357 1218 1160 3358 1130 1161 3359 1216 1157 3360 1221 1162 3361 1217 1159 3362 1215 1158 3363 1222 1163 3364 1218 1160 3365 1130 1161 3366 1222 1163 3367 1131 1164 3368 1217 1159 3369 1219 1165 3370 1215 1158 3371 1281 1166 3372 1180 1167 3373 1275 1168 3374 1221 1162 3375 1225 1169 3376 1219 1165 3377 1220 1170 3378 1224 1171 3379 1221 1162 3380 1219 1165 3381 1197 1172 3382 1222 1163 3383 1222 1163 3384 1132 1173 3385 1131 1164 3386 1246 1123 3387 1180 1167 3388 1165 1174 3389 1243 1175 3390 1168 1176 3391 1248 1177 3392 1225 1169 3393 1249 1178 3394 1197 1172 3395 1167 1179 3396 1165 1174 3397 1180 1167 3398 1251 1180 3399 1194 1181 3400 1243 1175 3401 1197 1172 3402 1239 1182 3403 1132 1173 3404 1245 1183 3405 1196 1184 3406 1251 1180 3407 1223 1185 3408 1184 1186 3409 1182 1187 3410 1168 1176 3411 1284 1188 3412 1280 1189 3413 1168 1176 3414 1282 1190 3415 1133 1191 3416 1194 1181 3417 1283 1192 3418 1284 1188 3419 1223 1185 3420 1250 1193 3421 1224 1171 3422 1167 1179 3423 1283 1192 3424 1196 1184 3425 1220 1170 3426 1186 1194 3427 1184 1186 3428 1244 1195 3429 1182 1187 3430 1173 1196 3431 1254 1120 3432 826 665 3433 1179 1197 3434 1179 1197 3435 836 668 3436 1275 1168 3437 1275 1168 3438 1181 1122 3439 1179 1197 3440 1202 1198 3441 1179 1197 3442 1181 1122 3443 1183 1128 3444 1173 1196 3445 1182 1187 3446 1166 1199 3447 1168 1176 3448 1133 1191 3449 1241 1200 3450 1110 867 3451 1098 866 3452 1182 1187 3453 1227 1201 3454 1183 1128 3455 1183 1128 3456 1185 1131 3457 1200 1126 3458 1184 1186 3459 1187 1202 3460 1227 1201 3461 1227 1201 3462 1199 1124 3463 1185 1131 3464 1193 1203 3465 1190 1148 3466 1188 1146 3467 1189 1204 3468 1192 1156 3469 1190 1148 3470 1186 1194 3471 1191 1205 3472 1187 1202 3473 1238 1206 3474 1191 1205 3475 1189 1204 3476 1201 1125 3477 1187 1202 3478 1191 1205 3479 1205 1135 3480 1209 1145 3481 1203 1138 3482 1224 1171 3483 1242 1207 3484 1225 1169 3485 1208 1150 3486 1147 1141 3487 1206 1139 3488 1238 1206 3489 1116 957 3490 1102 849 3491 1193 1203 3492 1263 1130 3493 1198 1129 3494 1188 1146 3495 1237 1143 3496 1193 1203 3497 351 188 3498 1265 1142 3499 359 191 3500 349 189 3501 1123 1140 3502 352 190 3503 359 191 3504 1236 1137 3505 349 189 3506 355 186 3507 1273 1136 3508 351 188 3509 357 178 3510 1260 1134 3511 355 186 3512 380 85 3513 1263 1130 3514 360 83 3515 1201 1125 3516 1102 849 3517 1117 969 3518 1198 1129 3519 1189 1204 3520 1193 1203 3521 1098 866 3522 1240 1121 3523 1241 1200 3524 1246 1123 3525 1241 1200 3526 1240 1121 3527 1166 1199 3528 1249 1178 3529 1248 1177 3530 1251 1180 3531 1244 1195 3532 1245 1183 3533 1248 1177 3534 1242 1207 3535 1243 1175 3536 1243 1175 3537 1250 1193 3538 1251 1180 3539 1173 1196 3540 1245 1183 3541 1244 1195 3542 1247 1127 3543 1165 1174 3544 1173 1196 3545 1202 1198 3546 1099 974 3547 1119 871 3548 1169 1208 3549 1107 1009 3550 1176 1209 3551 1154 1210 3552 1135 1211 3553 1176 1209 3554 1172 1212 3555 1105 1001 3556 1175 1213 3557 835 998 3558 1169 1208 3559 824 816 3560 1174 1214 3561 1145 1215 3562 1153 1216 3563 1104 1095 3564 1171 1217 3565 1103 985 3566 1170 1218 3567 1100 999 3568 1172 1212 3569 1106 1079 3570 1174 1214 3571 1114 1078 3572 1178 1219 3573 1137 1220 3574 1158 1221 3575 1195 1222 3576 1158 1221 3577 1156 1223 3578 1136 1224 3579 1177 1225 3580 1157 1226 3581 1123 1140 3582 1226 1227 3583 1136 1224 3584 1177 1225 3585 1156 1223 3586 1157 1226 3587 1134 1228 3588 350 361 3589 1137 1220 3590 358 274 3591 1134 1228 3592 1155 1229 3593 1178 1219 3594 1233 1230 3595 1270 1231 3596 1226 1227 3597 1271 1232 3598 1177 1225 3599 1150 1233 3600 1270 1231 3601 1162 1234 3602 1266 1235 3603 1162 1234 3604 1270 1231 3605 1228 1236 3606 1259 1237 3607 1271 1232 3608 1148 1153 3609 1268 1238 3610 1228 1236 3611 1259 1237 3612 1233 1230 3613 1271 1232 3614 1272 1239 3615 1270 1231 3616 1233 1230 3617 1261 1240 3618 1160 1241 3619 1266 1235 3620 1258 1242 3621 1272 1239 3622 1259 1237 3623 1262 1243 3624 1266 1235 3625 1272 1239 3626 1268 1238 3627 1258 1242 3628 1259 1237 3629 1128 1154 3630 1264 1244 3631 1268 1238 3632 1256 1245 3633 1261 1240 3634 1262 1243 3635 1255 1246 3636 1258 1242 3637 1264 1244 3638 1130 1161 3639 1255 1246 3640 1264 1244 3641 1267 1247 3642 1262 1243 3643 1258 1242 3644 1127 1248 3645 1279 1249 3646 1274 1250 3647 1229 1251 3648 1256 1245 3649 1267 1247 3650 1253 1252 3651 1269 1253 3652 1256 1245 3653 1252 1254 3654 1267 1247 3655 1255 1246 3656 1132 1173 3657 1255 1246 3658 1131 1164 3659 1146 1255 3660 1127 1248 3661 1135 1211 3662 1139 1256 3663 1231 1257 3664 1163 1258 3665 1140 1259 3666 1229 1251 3667 1252 1254 3668 1143 1260 3669 1232 1261 3670 1127 1248 3671 1231 1257 3672 1142 1262 3673 1163 1258 3674 1239 1182 3675 1252 1254 3676 1132 1173 3677 1230 1263 3678 1149 1264 3679 1142 1262 3680 1122 1265 3681 1257 1266 3682 1125 1267 3683 1234 1268 3684 1278 1269 3685 1231 1257 3686 1133 1191 3687 1277 1270 3688 1234 1268 3689 1231 1257 3690 1276 1271 3691 1230 1263 3692 1141 1272 3693 1257 1266 3694 1253 1252 3695 1276 1271 3696 1232 1261 3697 1230 1263 3698 1120 1273 3699 1269 1253 3700 1122 1265 3701 1125 1267 3702 1151 1274 3703 1144 1275 3704 1126 1276 3705 824 816 3706 1169 1208 3707 837 819 3708 1126 1276 3709 1274 1250 3710 1135 1211 3711 1274 1250 3712 1126 1276 3713 1176 1209 3714 1126 1276 3715 1169 1208 3716 1124 1277 3717 1144 1275 3718 1145 1215 3719 1166 1199 3720 1234 1268 3721 1139 1256 3722 1153 1216 3723 1114 1078 3724 1174 1214 3725 1121 1278 3726 1125 1267 3727 1124 1277 3728 1170 1218 3729 1124 1277 3730 1174 1214 3731 1129 1279 3732 1122 1265 3733 1121 1278 3734 1172 1212 3735 1121 1278 3736 1170 1218 3737 1159 1280 3738 1162 1234 3739 1138 1281 3740 1160 1241 3741 1138 1281 3742 1162 1234 3743 1120 1273 3744 1161 1282 3745 1160 1241 3746 1164 1283 3747 1161 1282 3748 1175 1213 3749 1129 1279 3750 1175 1213 3751 1161 1282 3752 1195 1222 3753 1271 1232 3754 1233 1230 3755 1152 1284 3756 1253 1252 3757 1229 1251 3758 1147 1141 3759 1228 1236 3760 1226 1227 3761 1164 1283 3762 1103 985 3763 1171 1217 3764 1171 1217 3765 1134 1228 3766 1159 1280 3767 1159 1280 3768 1137 1220 3769 1150 1233 3770 1157 1226 3771 353 372 3772 361 374 3773 1123 1140 3774 354 373 3775 352 190 3776 1136 1224 3777 361 374 3778 354 373 3779 1156 1223 3780 356 370 3781 353 372 3782 1158 1221 3783 350 361 3784 356 370 3785 381 272 3786 1155 1229 3787 1104 1095 3788 1175 1213 3789 1118 986 3790 1164 1283 3791 1171 1217 3792 1138 1281 3793 1164 1283 3794 1154 1210 3795 1108 1003 3796 1153 1216 3797 1153 1216 3798 1146 1255 3799 1154 1210 3800 1140 1259 3801 1166 1199 3802 1139 1256 3803 1151 1274 3804 1142 1262 3805 1149 1264 3806 1152 1284 3807 1139 1256 3808 1163 1258 3809 1141 1272 3810 1163 1258 3811 1142 1262 3812 1149 1264 3813 1144 1275 3814 1151 1274 3815 1143 1260 3816 1145 1215 3817 1144 1275 3818 1176 1209 3819 1111 1109 3820 1154 1210 3821 829 677 3822 1301 1285 3823 831 670 3824 1303 1286 3825 829 677 3826 785 659 3827 1306 1287 3828 785 659 3829 833 660 3830 1288 1288 3831 833 660 3832 832 661 3833 1322 1289 3834 1323 1290 3835 1325 1291 3836 1319 1292 3837 1305 1293 3838 1324 1294 3839 1325 1291 3840 1351 1295 3841 1352 1296 3842 1318 1297 3843 1324 1294 3844 1323 1290 3845 1324 1294 3846 1360 1298 3847 1353 1299 3848 1323 1290 3849 1353 1299 3850 1351 1295 3851 1349 1300 3852 1294 1301 3853 1293 1302 3854 1325 1291 3855 1329 1303 3856 1322 1289 3857 1352 1296 3858 1328 1304 3859 1325 1291 3860 1367 1305 3861 1335 1306 3862 1328 1304 3863 1294 1301 3864 1354 1307 3865 1362 1308 3866 1294 1301 3867 1372 1309 3868 1292 1310 3869 1275 1168 3870 1307 1311 3871 1281 1166 3872 1298 1312 3873 1293 1302 3874 1307 1311 3875 1284 1188 3876 1302 1313 3877 1300 1314 3878 1281 1166 3879 1302 1313 3880 1283 1192 3881 1284 1188 3882 1308 1315 3883 1280 1189 3884 1280 1189 3885 1285 1316 3886 1282 1190 3887 1302 1313 3888 1296 1317 3889 1300 1314 3890 1307 1311 3891 1299 1318 3892 1302 1313 3893 1300 1314 3894 1297 1319 3895 1308 1315 3896 1308 1315 3897 1286 1320 3898 1285 1316 3899 1293 1302 3900 1292 1310 3901 1299 1318 3902 1296 1317 3903 1291 1321 3904 1297 1319 3905 1297 1319 3906 1287 1322 3907 1286 1320 3908 1299 1318 3909 1289 1323 3910 1296 1317 3911 1289 1323 3912 1370 1324 3913 1291 1321 3914 1291 1321 3915 1355 1325 3916 1287 1322 3917 1292 1310 3918 1366 1326 3919 1289 1323 3920 1298 1312 3921 836 668 3922 1295 1327 3923 1328 1304 3924 1336 1328 3925 1329 1303 3926 1349 1300 3927 1295 1327 3928 1336 1328 3929 1295 1327 3930 831 670 3931 1301 1285 3932 1290 1329 3933 1318 1297 3934 1322 1289 3935 1336 1328 3936 1301 1285 3937 1329 1303 3938 1336 1328 3939 1310 1330 3940 1349 1300 3941 1363 1331 3942 1310 1330 3943 1335 1306 3944 1301 1285 3945 1322 1289 3946 1329 1303 3947 1303 1286 3948 1319 1292 3949 1318 1297 3950 1306 1287 3951 1304 1332 3952 1319 1292 3953 828 826 3954 1330 1333 3955 1350 1334 3956 828 826 3957 1344 1335 3958 786 810 3959 827 811 3960 1344 1335 3961 1343 1336 3962 832 661 3963 1343 1336 3964 1288 1288 3965 1339 1337 3966 1340 1338 3967 1333 1339 3968 1338 1340 3969 1305 1293 3970 1304 1332 3971 1345 1341 3972 1364 1342 3973 1340 1338 3974 1333 1339 3975 1341 1343 3976 1338 1340 3977 1341 1343 3978 1360 1298 3979 1305 1293 3980 1340 1338 3981 1369 1344 3982 1341 1343 3983 1342 1345 3984 1326 1346 3985 1346 1347 3986 1315 1348 3987 1345 1341 3988 1339 1337 3989 1316 1349 3990 1368 1350 3991 1345 1341 3992 1321 1351 3993 1365 1352 3994 1316 1349 3995 1342 1345 3996 1358 1353 3997 1327 1354 3998 1359 1355 3999 1342 1345 4000 1334 1356 4001 1311 1357 4002 1274 1250 4003 1279 1249 4004 1346 1347 4005 1317 1358 4006 1311 1357 4007 1278 1269 4008 1314 1359 4009 1276 1271 4010 1276 1271 4011 1311 1357 4012 1279 1249 4013 1277 1270 4014 1312 1360 4015 1278 1269 4016 1282 1190 4017 1313 1361 4018 1277 1270 4019 1312 1360 4020 1332 1362 4021 1314 1359 4022 1332 1362 4023 1311 1357 4024 1314 1359 4025 1313 1361 4026 1348 1363 4027 1312 1360 4028 1285 1316 4029 1331 1364 4030 1313 1361 4031 1334 1356 4032 1346 1347 4033 1332 1362 4034 1309 1365 4035 1348 1363 4036 1331 1364 4037 1286 1320 4038 1309 1365 4039 1331 1364 4040 1347 1366 4041 1332 1362 4042 1348 1363 4043 1361 1367 4044 1347 1366 4045 1309 1365 4046 1355 1325 4047 1309 1365 4048 1287 1322 4049 1356 1368 4050 1334 1356 4051 1347 1366 4052 1317 1358 4053 837 819 4054 1274 1250 4055 1315 1348 4056 1321 1351 4057 1316 1349 4058 1326 1346 4059 1337 1369 4060 1317 1358 4061 1337 1369 4062 830 833 4063 837 819 4064 1350 1334 4065 1333 1339 4066 1344 1335 4067 1320 1370 4068 1330 1333 4069 1337 1369 4070 1320 1370 4071 1327 1354 4072 1321 1351 4073 1327 1354 4074 1371 1371 4075 1321 1351 4076 1315 1348 4077 1350 1334 4078 1330 1333 4079 1344 1335 4080 1338 1340 4081 1343 1336 4082 1343 1336 4083 1304 1332 4084 1288 1288 4085 249 0 4086 282 4 4087 370 1 4088 249 0 4089 242 8 4090 255 3 4091 249 0 4092 307 2 4093 375 5 4094 249 0 4095 305 6 4096 293 7 4097 255 3 4098 286 14 4099 367 9 4100 293 7 4101 372 619 4102 312 10 4103 242 8 4104 293 7 4105 232 11 4106 242 8 4107 2 12 4108 225 13 4109 286 14 4110 255 3 4111 225 13 4112 369 16 4113 286 14 4114 226 15 4115 78 18 4116 213 102 4117 74 19 4118 281 21 4119 264 96 4120 75 22 4121 140 24 4122 157 42 4123 86 25 4124 258 27 4125 103 68 4126 98 28 4127 270 29 4128 256 122 4129 259 30 4130 254 32 4131 253 129 4132 328 33 4133 73 35 4134 267 67 4135 72 36 4136 57 38 4137 104 105 4138 273 39 4139 88 41 4140 86 25 4141 157 42 4142 100 44 4143 0 64 4144 95 45 4145 271 47 4146 267 67 4147 229 48 4148 55 50 4149 149 132 4150 133 51 4151 79 53 4152 324 838 4153 329 54 4154 338 56 4155 334 841 4156 136 57 4157 342 59 4158 324 838 4159 79 53 4160 265 61 4161 105 110 4162 77 62 4163 100 44 4164 281 21 4165 101 23 4166 97 65 4167 4 20 4168 364 66 4169 267 67 4170 271 47 4171 78 18 4172 103 68 4173 258 27 4174 93 69 4175 287 71 4176 74 19 4177 281 21 4178 287 71 4179 100 44 4180 263 46 4181 60 73 4182 269 91 4183 73 35 4184 258 27 4185 85 134 4186 56 75 4187 274 76 4188 333 115 4189 337 77 4190 91 79 4191 90 89 4192 266 80 4193 64 58 4194 136 57 4195 139 81 4196 360 83 4197 135 187 4198 347 84 4199 366 86 4200 4 20 4201 74 19 4202 158 43 4203 114 184 4204 87 87 4205 259 30 4206 256 122 4207 89 63 4208 99 88 4209 98 28 4210 90 89 4211 70 90 4212 69 113 4213 269 91 4214 70 90 4215 254 32 4216 330 34 4217 228 93 4218 69 113 4219 322 94 4220 264 96 4221 82 103 4222 273 39 4223 260 97 4224 103 68 4225 261 70 4226 74 19 4227 213 102 4228 264 96 4229 76 99 4230 102 124 4231 101 23 4232 328 33 4233 253 129 4234 231 100 4235 72 36 4236 78 18 4237 4 20 4238 213 102 4239 272 108 4240 82 103 4241 279 104 4242 243 98 4243 86 25 4244 104 105 4245 265 61 4246 89 63 4247 82 103 4248 62 114 4249 67 40 4250 323 101 4251 231 100 4252 230 106 4253 272 108 4254 271 47 4255 61 49 4256 228 93 4257 335 95 4258 342 59 4259 67 40 4260 274 76 4261 66 78 4262 105 110 4263 139 81 4264 275 111 4265 229 48 4266 269 91 4267 69 113 4268 278 109 4269 79 53 4270 68 55 4271 267 67 4272 73 35 4273 269 91 4274 260 97 4275 81 117 4276 266 80 4277 75 22 4278 273 39 4279 104 105 4280 64 58 4281 66 78 4282 337 77 4283 280 74 4284 73 35 4285 92 37 4286 333 115 4287 274 76 4288 68 55 4289 279 104 4290 277 130 4291 276 116 4292 268 118 4293 77 62 4294 105 110 4295 71 60 4296 79 53 4297 278 109 4298 58 82 4299 139 81 4300 105 110 4301 263 46 4302 95 45 4303 241 119 4304 231 100 4305 277 130 4306 87 87 4307 213 102 4308 78 18 4309 271 47 4310 274 76 4311 67 40 4312 62 114 4313 97 65 4314 227 128 4315 92 37 4316 266 80 4317 81 117 4318 276 116 4319 256 122 4320 270 29 4321 94 123 4322 102 124 4323 94 123 4324 0 64 4325 299 72 4326 263 46 4327 240 120 4328 256 122 4329 102 124 4330 76 99 4331 257 126 4332 96 31 4333 259 30 4334 285 17 4335 226 15 4336 227 128 4337 77 62 4338 268 118 4339 63 127 4340 332 92 4341 322 94 4342 69 113 4343 58 82 4344 57 38 4345 66 78 4346 103 68 4347 260 97 4348 90 89 4349 265 61 4350 104 105 4351 57 38 4352 227 128 4353 99 88 4354 91 79 4355 98 28 4356 99 88 4357 225 13 4358 272 108 4359 278 109 4360 62 114 4361 59 121 4362 60 73 4363 280 74 4364 254 32 4365 70 90 4366 60 73 4367 243 98 4368 279 104 4369 81 117 4370 59 121 4371 276 116 4372 253 129 4373 99 88 4374 227 128 4375 226 15 4376 228 93 4377 71 60 4378 61 49 4379 262 26 4380 86 25 4381 243 98 4382 277 130 4383 279 104 4384 88 41 4385 215 131 4386 262 26 4387 261 70 4388 149 132 4389 55 50 4390 56 75 4391 258 27 4392 2 12 4393 232 11 4394 292 135 4395 85 134 4396 232 11 4397 214 133 4398 56 75 4399 85 134 4400 55 50 4401 215 131 4402 93 69 4403 291 136 4404 214 133 4405 292 135 4406 96 31 4407 153 162 4408 189 138 4409 32 139 4410 308 175 4411 378 140 4412 143 142 4413 151 185 4414 150 143 4415 148 145 4416 147 173 4417 113 146 4418 120 147 4419 133 51 4420 149 132 4421 126 148 4422 156 159 4423 236 149 4424 143 142 4425 142 172 4426 145 151 4427 111 153 4428 134 52 4429 173 154 4430 152 155 4431 113 146 4432 112 156 4433 127 158 4434 155 179 4435 156 159 4436 128 144 4437 150 143 4438 154 160 4439 153 162 4440 142 172 4441 159 163 4442 95 45 4443 212 166 4444 239 164 4445 94 123 4446 161 167 4447 162 165 4448 0 64 4449 162 165 4450 212 166 4451 270 29 4452 189 138 4453 161 167 4454 161 167 4455 129 171 4456 131 168 4457 212 166 4458 130 170 4459 238 169 4460 162 165 4461 131 168 4462 130 170 4463 189 138 4464 159 163 4465 129 171 4466 142 172 4467 143 142 4468 128 144 4469 130 170 4470 126 148 4471 237 150 4472 131 168 4473 127 158 4474 126 148 4475 159 163 4476 128 144 4477 125 161 4478 129 171 4479 125 161 4480 127 158 4481 253 129 4482 276 116 4483 277 130 4484 257 126 4485 173 154 4486 153 162 4487 148 145 4488 149 132 4489 214 133 4490 147 173 4491 148 145 4492 291 136 4493 308 175 4494 32 139 4495 146 176 4496 357 178 4497 151 185 4498 152 155 4499 125 161 4500 154 160 4501 155 179 4502 173 154 4503 145 151 4504 142 172 4505 306 177 4506 146 176 4507 147 173 4508 139 81 4509 136 57 4510 65 180 4511 136 57 4512 334 841 4513 343 181 4514 344 107 4515 230 106 4516 110 182 4517 257 126 4518 63 127 4519 140 24 4520 114 184 4521 110 182 4522 230 106 4523 113 146 4524 147 173 4525 146 176 4526 151 185 4527 357 178 4528 355 186 4529 112 156 4530 146 176 4531 32 139 4532 150 143 4533 355 186 4534 351 188 4535 151 185 4536 143 142 4537 144 152 4538 155 179 4539 359 191 4540 349 189 4541 156 159 4542 349 189 4543 352 190 4544 154 160 4545 351 188 4546 359 191 4547 275 111 4548 65 180 4549 110 182 4550 111 153 4551 140 24 4552 262 26 4553 346 141 4554 347 84 4555 135 187 4556 215 131 4557 55 50 4558 134 52 4559 144 152 4560 145 151 4561 133 51 4562 120 147 4563 113 146 4564 152 155 4565 80 112 4566 275 111 4567 114 184 4568 134 52 4569 133 51 4570 145 151 4571 158 43 4572 157 42 4573 268 118 4574 63 127 4575 268 118 4576 157 42 4577 336 183 4578 110 182 4579 65 180 4580 112 156 4581 135 187 4582 360 83 4583 304 192 4584 371 504 4585 283 193 4586 138 195 4587 137 198 4588 141 194 4589 376 196 4590 304 192 4591 141 194 4592 137 198 4593 290 200 4594 310 197 4595 368 199 4596 288 206 4597 138 195 4598 290 200 4599 115 203 4600 311 201 4601 115 203 4602 290 200 4603 137 198 4604 116 205 4605 1 204 4606 137 198 4607 288 206 4608 117 208 4609 116 205 4610 365 207 4611 289 258 4612 117 208 4613 171 209 4614 166 291 4615 167 210 4616 170 212 4617 206 284 4618 210 213 4619 221 215 4620 197 319 4621 29 216 4622 187 218 4623 1 204 4624 42 219 4625 163 221 4626 44 326 4627 188 222 4628 326 224 4629 123 290 4630 124 225 4631 172 227 4632 48 304 4633 174 228 4634 198 230 4635 36 293 4636 107 231 4637 233 217 4638 29 216 4639 52 233 4640 45 235 4641 3 255 4642 40 236 4643 121 238 4644 203 229 4645 202 239 4646 251 241 4647 22 322 4648 15 242 4649 325 244 4650 327 251 4651 177 245 4652 224 247 4653 314 367 4654 316 248 4655 340 250 4656 185 299 4657 177 245 4658 168 252 4659 35 302 4660 205 253 4661 39 214 4662 210 213 4663 40 236 4664 363 256 4665 5 211 4666 43 257 4667 203 229 4668 174 228 4669 167 210 4670 47 259 4671 187 218 4672 37 220 4673 210 213 4674 171 209 4675 284 261 4676 284 261 4677 300 313 4678 207 237 4679 172 227 4680 195 279 4681 109 262 4682 47 259 4683 53 321 4684 28 264 4685 317 265 4686 320 305 4687 190 266 4688 49 268 4689 200 263 4690 204 269 4691 181 249 4692 160 309 4693 222 271 4694 381 272 4695 348 376 4696 235 273 4697 362 275 4698 284 261 4699 171 209 4700 234 234 4701 52 233 4702 14 276 4703 51 254 4704 209 223 4705 188 222 4706 50 270 4707 42 219 4708 41 278 4709 195 279 4710 176 283 4711 175 280 4712 175 280 4713 321 316 4714 331 226 4715 119 281 4716 319 300 4717 315 282 4718 206 284 4719 170 212 4720 198 230 4721 186 286 4722 165 318 4723 208 260 4724 206 284 4725 166 291 4726 171 209 4727 169 287 4728 170 212 4729 39 214 4730 326 224 4731 313 295 4732 122 289 4733 5 211 4734 167 210 4735 174 228 4736 34 285 4737 199 297 4738 166 291 4739 29 216 4740 165 318 4741 201 292 4742 51 254 4743 205 253 4744 36 293 4745 30 232 4746 183 303 4747 34 285 4748 132 294 4749 122 289 4750 313 295 4751 184 240 4752 202 239 4753 199 297 4754 185 299 4755 340 250 4756 319 300 4757 30 232 4758 107 231 4759 179 267 4760 31 301 4761 191 375 4762 222 271 4763 176 283 4764 195 279 4765 121 238 4766 178 246 4767 177 245 4768 194 298 4769 195 279 4770 172 227 4771 203 229 4772 204 269 4773 33 311 4774 186 286 4775 36 293 4776 198 230 4777 170 212 4778 316 248 4779 317 265 4780 179 267 4781 48 304 4782 172 227 4783 200 263 4784 178 246 4785 190 266 4786 320 305 4787 201 292 4788 33 311 4789 192 306 4790 35 302 4791 168 252 4792 196 308 4793 185 299 4794 184 240 4795 194 298 4796 35 302 4797 222 271 4798 160 309 4799 241 119 4800 45 235 4801 207 237 4802 14 276 4803 193 307 4804 122 289 4805 166 291 4806 199 297 4807 202 239 4808 190 266 4809 178 246 4810 183 303 4811 43 257 4812 174 228 4813 48 304 4814 204 269 4815 108 317 4816 192 306 4817 209 223 4818 38 288 4819 46 312 4820 3 255 4821 46 312 4822 38 288 4823 240 120 4824 207 237 4825 300 313 4826 169 287 4827 38 288 4828 209 223 4829 188 222 4830 44 326 4831 211 314 4832 118 310 4833 117 208 4834 289 258 4835 168 252 4836 188 222 4837 182 315 4838 321 316 4839 175 280 4840 176 283 4841 160 309 4842 181 249 4843 179 267 4844 50 270 4845 186 286 4846 37 220 4847 205 253 4848 160 309 4849 107 231 4850 49 268 4851 41 278 4852 118 310 4853 42 219 4854 1 204 4855 116 205 4856 183 303 4857 194 298 4858 199 297 4859 108 317 4860 204 269 4861 200 263 4862 124 225 4863 108 317 4864 109 262 4865 33 311 4866 201 292 4867 165 318 4868 108 317 4869 124 225 4870 123 290 4871 117 208 4872 118 310 4873 41 278 4874 119 281 4875 121 238 4876 184 240 4877 165 318 4878 29 216 4879 197 319 4880 193 307 4881 14 276 4882 52 233 4883 208 260 4884 197 319 4885 164 320 4886 53 321 4887 15 242 4888 22 322 4889 115 203 4890 1 204 4891 187 218 4892 311 201 4893 115 203 4894 28 264 4895 295 324 4896 28 264 4897 53 321 4898 15 242 4899 53 321 4900 47 259 4901 294 325 4902 373 804 4903 295 324 4904 44 326 4905 163 221 4906 9 327 4907 379 329 4908 303 359 4909 7 330 4910 220 332 4911 219 371 4912 83 333 4913 245 335 4914 24 357 4915 23 336 4916 250 337 4917 23 336 4918 22 322 4919 236 149 4920 223 345 4921 19 338 4922 54 339 4923 84 350 4924 83 333 4925 247 341 4926 211 314 4927 8 342 4928 218 343 4929 296 362 4930 246 344 4931 223 345 4932 216 363 4933 18 346 4934 217 347 4935 220 332 4936 17 334 4937 21 328 4938 9 327 4939 13 349 4940 239 164 4941 11 352 4942 45 235 4943 10 351 4944 12 353 4945 46 312 4946 11 352 4947 10 351 4948 3 255 4949 12 353 4950 9 327 4951 163 221 4952 26 354 4953 16 356 4954 12 353 4955 238 169 4956 27 355 4957 11 352 4958 27 355 4959 26 354 4960 10 351 4961 16 356 4962 13 349 4963 9 327 4964 84 350 4965 13 349 4966 17 334 4967 237 150 4968 19 338 4969 27 355 4970 19 338 4971 18 346 4972 26 354 4973 20 348 4974 17 334 4975 13 349 4976 18 346 4977 20 348 4978 16 356 4979 123 290 4980 122 289 4981 193 307 4982 21 328 4983 8 342 4984 211 314 4985 6 323 4986 22 322 4987 23 336 4988 294 325 4989 23 336 4990 24 357 4991 303 359 4992 309 364 4993 25 360 4994 218 343 4995 219 371 4996 350 361 4997 216 363 4998 217 347 4999 20 348 5000 8 342 5001 21 328 5002 84 350 5003 24 357 5004 25 360 5005 309 364 5006 222 271 5007 191 375 5008 180 365 5009 224 247 5010 180 365 5011 341 366 5012 248 368 5013 132 294 5014 339 296 5015 221 215 5016 182 315 5017 211 314 5018 244 277 5019 14 276 5020 132 294 5021 25 360 5022 24 357 5023 245 335 5024 356 370 5025 350 361 5026 219 371 5027 235 273 5028 7 330 5029 25 360 5030 353 372 5031 356 370 5032 220 332 5033 106 340 5034 83 333 5035 219 371 5036 354 373 5037 361 374 5038 216 363 5039 352 190 5040 354 373 5041 223 345 5042 361 374 5043 353 372 5044 217 347 5045 191 375 5046 244 277 5047 248 368 5048 197 319 5049 221 215 5050 247 341 5051 7 330 5052 235 273 5053 348 376 5054 164 320 5055 247 341 5056 252 243 5057 106 340 5058 250 337 5059 251 241 5060 218 343 5061 245 335 5062 250 337 5063 31 301 5064 234 234 5065 244 277 5066 54 339 5067 251 241 5068 252 243 5069 196 308 5070 233 217 5071 234 234 5072 182 315 5073 221 215 5074 233 217 5075 180 365 5076 248 368 5077 318 369 5078 358 274 5079 235 273 5080 246 344 5081 402 377 5082 447 422 5083 489 378 5084 474 380 5085 490 415 5086 479 381 5087 286 14 5088 369 16 5089 496 383 5090 438 384 5091 449 409 5092 491 385 5093 399 387 5094 449 409 5095 519 388 5096 492 390 5097 386 425 5098 512 391 5099 425 393 5100 499 431 5101 481 394 5102 480 396 5103 473 403 5104 481 394 5105 432 386 5106 491 385 5107 471 398 5108 486 400 5109 451 418 5110 485 401 5111 482 395 5112 481 394 5113 473 403 5114 475 405 5115 476 421 5116 448 406 5117 483 404 5118 394 482 5119 444 408 5120 449 409 5121 438 384 5122 515 410 5123 489 378 5124 387 416 5125 498 411 5126 486 400 5127 459 432 5128 437 412 5129 449 409 5130 399 387 5131 390 414 5132 512 391 5133 446 382 5134 479 381 5135 490 415 5136 475 405 5137 387 416 5138 494 417 5139 440 452 5140 445 399 5141 473 403 5142 485 401 5143 451 418 5144 497 379 5145 498 411 5146 514 419 5147 482 395 5148 444 408 5149 428 420 5150 433 413 5151 434 439 5152 451 418 5153 367 9 5154 400 423 5155 402 377 5156 476 421 5157 474 380 5158 480 396 5159 447 422 5160 402 377 5161 400 423 5162 386 425 5163 495 427 5164 470 426 5165 495 427 5166 386 425 5167 492 390 5168 447 422 5169 479 381 5170 490 415 5171 485 401 5172 473 403 5173 480 396 5174 475 405 5175 490 415 5176 474 380 5177 480 396 5178 474 380 5179 446 382 5180 492 390 5181 472 392 5182 509 424 5183 426 429 5184 498 411 5185 387 416 5186 386 425 5187 484 428 5188 446 382 5189 499 431 5190 388 449 5191 389 397 5192 450 402 5193 470 426 5194 459 432 5195 498 411 5196 426 429 5197 516 433 5198 484 428 5199 386 425 5200 450 402 5201 491 385 5202 390 414 5203 452 434 5204 459 432 5205 458 438 5206 427 435 5207 367 9 5208 496 383 5209 492 390 5210 282 4 5211 402 377 5212 497 379 5213 469 436 5214 470 426 5215 495 427 5216 496 383 5217 369 16 5218 460 437 5219 470 426 5220 469 436 5221 458 438 5222 426 429 5223 399 387 5224 521 389 5225 434 439 5226 394 482 5227 483 404 5228 509 424 5229 472 392 5230 479 381 5231 460 437 5232 369 16 5233 285 17 5234 460 437 5235 364 66 5236 478 440 5237 469 436 5238 478 440 5239 477 441 5240 414 442 5241 427 435 5242 458 438 5243 413 443 5244 414 442 5245 477 441 5246 396 444 5247 299 72 5248 298 125 5249 478 440 5250 366 86 5251 396 444 5252 364 66 5253 4 20 5254 366 86 5255 366 86 5256 287 71 5257 299 72 5258 409 430 5259 511 450 5260 443 445 5261 475 405 5262 411 407 5263 506 446 5264 476 421 5265 389 397 5266 505 447 5267 452 434 5268 410 451 5269 504 448 5270 409 430 5271 387 416 5272 506 446 5273 390 414 5274 443 445 5275 410 451 5276 399 387 5277 426 429 5278 409 430 5279 425 393 5280 428 420 5281 440 452 5282 471 398 5283 452 434 5284 388 449 5285 494 417 5286 388 449 5287 499 431 5288 388 449 5289 504 448 5290 505 447 5291 411 407 5292 443 445 5293 511 450 5294 411 407 5295 448 406 5296 410 451 5297 448 406 5298 505 447 5299 504 448 5300 430 453 5301 464 490 5302 457 454 5303 467 456 5304 424 486 5305 415 457 5306 429 459 5307 365 207 5308 288 206 5309 438 384 5310 432 386 5311 436 460 5312 520 462 5313 463 461 5314 462 463 5315 501 465 5316 391 493 5317 431 466 5318 455 468 5319 397 477 5320 398 469 5321 468 471 5322 383 499 5323 398 469 5324 432 386 5325 445 399 5326 420 473 5327 395 474 5328 417 494 5329 392 475 5330 397 477 5331 405 481 5332 418 472 5333 465 478 5334 488 517 5335 419 479 5336 405 481 5337 397 477 5338 444 408 5339 515 410 5340 438 384 5341 463 461 5342 430 453 5343 408 455 5344 435 483 5345 437 412 5346 442 501 5347 395 474 5348 463 461 5349 436 460 5350 384 485 5351 501 465 5352 421 467 5353 467 456 5354 424 486 5355 430 453 5356 385 484 5357 406 487 5358 420 473 5359 445 399 5360 418 472 5361 405 481 5362 416 476 5363 408 455 5364 371 504 5365 518 488 5366 428 420 5367 444 408 5368 397 477 5369 416 476 5370 434 439 5371 433 413 5372 457 454 5373 487 489 5374 368 199 5375 466 480 5376 383 499 5377 468 471 5378 487 489 5379 457 454 5380 464 490 5381 423 492 5382 422 495 5383 391 493 5384 431 466 5385 391 493 5386 422 495 5387 424 486 5388 467 456 5389 464 490 5390 468 471 5391 418 472 5392 392 475 5393 415 457 5394 424 486 5395 465 478 5396 439 458 5397 415 457 5398 468 471 5399 510 491 5400 421 467 5401 431 466 5402 385 484 5403 435 483 5404 456 497 5405 439 458 5406 393 496 5407 391 493 5408 500 470 5409 398 469 5410 383 499 5411 442 501 5412 423 492 5413 417 494 5414 435 483 5415 518 488 5416 513 502 5417 393 496 5418 392 475 5419 417 494 5420 436 460 5421 420 473 5422 404 503 5423 427 435 5424 441 507 5425 442 501 5426 368 199 5427 487 489 5428 431 466 5429 408 455 5430 457 454 5431 283 193 5432 422 495 5433 423 492 5434 407 505 5435 412 506 5436 365 207 5437 429 459 5438 423 492 5439 442 501 5440 441 507 5441 456 497 5442 513 502 5443 517 464 5444 434 439 5445 416 476 5446 405 481 5447 467 456 5448 421 467 5449 510 491 5450 412 506 5451 363 256 5452 289 258 5453 401 508 5454 363 256 5455 412 506 5456 403 509 5457 401 508 5458 407 505 5459 414 442 5460 403 509 5461 441 507 5462 454 510 5463 403 509 5464 414 442 5465 298 125 5466 300 313 5467 454 510 5468 454 510 5469 362 275 5470 401 508 5471 362 275 5472 5 211 5473 363 256 5474 300 313 5475 284 261 5476 362 275 5477 461 511 5478 508 516 5479 453 498 5480 502 512 5481 488 517 5482 465 478 5483 466 480 5484 419 479 5485 503 513 5486 507 514 5487 493 515 5488 404 503 5489 453 498 5490 508 516 5491 502 512 5492 493 515 5493 461 511 5494 384 485 5495 453 498 5496 456 497 5497 462 463 5498 440 452 5499 428 420 5500 455 468 5501 420 473 5502 406 487 5503 382 500 5504 406 487 5505 455 468 5506 500 470 5507 503 513 5508 507 514 5509 382 500 5510 508 516 5511 461 511 5512 488 517 5513 488 517 5514 461 511 5515 493 515 5516 419 479 5517 493 515 5518 507 514 5519 695 518 5520 696 554 5521 777 519 5522 714 521 5523 712 600 5524 710 522 5525 784 524 5526 610 737 5527 615 525 5528 745 527 5529 751 578 5530 686 528 5531 676 530 5532 684 529 5533 727 531 5534 721 533 5535 669 579 5536 745 527 5537 742 535 5538 566 563 5539 773 536 5540 698 538 5541 706 553 5542 681 539 5543 795 541 5544 806 848 5545 740 542 5546 613 544 5547 717 560 5548 700 545 5549 731 547 5550 765 562 5551 679 548 5552 707 520 5553 701 565 5554 686 528 5555 605 550 5556 612 574 5557 779 551 5558 773 536 5559 681 539 5560 706 553 5561 747 555 5562 688 592 5563 734 552 5564 798 556 5565 726 582 5566 743 557 5567 756 559 5568 700 545 5569 717 560 5570 682 540 5571 681 539 5572 679 548 5573 566 563 5574 679 548 5575 681 539 5576 676 530 5577 724 568 5578 784 524 5579 696 554 5580 695 518 5581 694 537 5582 680 564 5583 683 682 5584 682 540 5585 779 551 5586 700 545 5587 756 559 5588 701 565 5589 727 531 5590 684 529 5591 682 540 5592 683 682 5593 699 566 5594 608 567 5595 609 575 5596 724 568 5597 702 523 5598 710 522 5599 776 570 5600 698 538 5601 699 566 5602 716 572 5603 612 574 5604 607 546 5605 700 545 5606 609 575 5607 610 737 5608 784 524 5609 696 554 5610 706 553 5611 690 576 5612 611 577 5613 738 593 5614 730 526 5615 751 578 5616 745 527 5617 669 579 5618 740 542 5619 735 589 5620 566 563 5621 734 552 5622 732 591 5623 606 581 5624 726 582 5625 798 556 5626 795 541 5627 729 543 5628 740 542 5629 742 535 5630 728 549 5631 735 589 5632 814 583 5633 796 585 5634 731 547 5635 728 549 5636 733 586 5637 797 686 5638 801 587 5639 725 580 5640 742 535 5641 694 537 5642 740 542 5643 806 848 5644 814 583 5645 709 588 5646 801 587 5647 804 590 5648 680 564 5649 733 586 5650 709 588 5651 721 533 5652 730 526 5653 738 593 5654 732 591 5655 804 590 5656 792 594 5657 733 586 5658 680 564 5659 765 562 5660 679 548 5661 566 563 5662 735 589 5663 726 582 5664 729 543 5665 725 580 5666 715 595 5667 713 622 5668 723 596 5669 685 532 5670 671 630 5671 781 598 5672 718 599 5673 744 602 5674 712 600 5675 697 601 5676 712 600 5677 744 602 5678 691 604 5679 715 595 5680 719 597 5681 522 606 5682 710 522 5683 712 600 5684 305 6 5685 375 5 5686 719 597 5687 775 605 5688 719 597 5689 375 5 5690 744 602 5691 718 599 5692 759 608 5693 674 610 5694 697 601 5695 739 603 5696 670 611 5697 739 603 5698 689 612 5699 778 614 5700 781 598 5701 521 389 5702 708 615 5703 602 683 5704 600 616 5705 722 607 5706 375 5 5707 307 2 5708 690 576 5709 705 573 5710 782 609 5711 701 565 5712 707 520 5713 775 605 5714 305 6 5715 723 596 5716 372 619 5717 714 521 5718 713 622 5719 715 595 5720 674 610 5721 708 615 5722 720 617 5723 672 561 5724 717 560 5725 741 621 5726 713 622 5727 714 521 5728 702 523 5729 789 624 5730 778 614 5731 599 625 5732 704 627 5733 746 649 5734 748 628 5735 307 2 5736 370 1 5737 514 419 5738 671 630 5739 525 618 5740 514 419 5741 675 620 5742 704 627 5743 749 631 5744 739 603 5745 744 602 5746 782 609 5747 718 599 5748 715 595 5749 691 604 5750 723 596 5751 713 622 5752 711 623 5753 727 531 5754 525 618 5755 671 630 5756 689 612 5757 782 609 5758 705 573 5759 722 607 5760 525 618 5761 727 531 5762 515 410 5763 599 625 5764 778 614 5765 741 621 5766 604 634 5767 601 632 5768 705 573 5769 690 576 5770 706 553 5771 691 604 5772 775 605 5773 707 520 5774 716 572 5775 672 561 5776 673 613 5777 527 569 5778 781 598 5779 778 614 5780 717 560 5781 613 544 5782 604 634 5783 608 567 5784 527 569 5785 789 624 5786 703 635 5787 687 629 5788 787 636 5789 749 631 5790 703 635 5791 755 638 5792 597 640 5793 746 649 5794 720 617 5795 710 522 5796 522 606 5797 750 641 5798 720 617 5799 746 649 5800 704 627 5801 522 606 5802 749 631 5803 752 639 5804 711 623 5805 702 523 5806 753 571 5807 372 619 5808 711 623 5809 754 642 5810 764 643 5811 763 653 5812 753 571 5813 787 636 5814 758 645 5815 761 644 5816 687 629 5817 748 628 5818 758 645 5819 703 635 5820 757 637 5821 760 646 5822 758 645 5823 595 651 5824 594 647 5825 757 637 5826 761 644 5827 762 648 5828 746 649 5829 597 640 5830 596 650 5831 748 628 5832 596 650 5833 595 651 5834 761 644 5835 594 647 5836 593 652 5837 377 137 5838 292 135 5839 312 10 5840 763 653 5841 377 137 5842 754 642 5843 766 654 5844 764 643 5845 776 570 5846 767 655 5847 766 654 5848 750 641 5849 302 174 5850 291 136 5851 377 137 5852 764 643 5853 766 654 5854 770 656 5855 769 658 5856 767 655 5857 752 639 5858 785 659 5859 769 658 5860 755 638 5861 833 660 5862 785 659 5863 760 646 5864 832 661 5865 833 660 5866 762 648 5867 766 654 5868 767 655 5869 771 662 5870 767 655 5871 769 658 5872 772 663 5873 692 664 5874 526 669 5875 826 665 5876 306 177 5877 736 673 5878 677 667 5879 836 668 5880 826 665 5881 526 669 5882 820 671 5883 692 664 5884 823 666 5885 302 174 5886 768 657 5887 736 673 5888 817 674 5889 783 685 5890 678 675 5891 695 518 5892 686 528 5893 751 578 5894 769 658 5895 785 659 5896 829 677 5897 768 657 5898 302 174 5899 763 653 5900 678 675 5901 783 685 5902 780 678 5903 781 598 5904 671 630 5905 516 433 5906 749 631 5907 704 627 5908 687 629 5909 697 601 5910 674 610 5911 675 620 5912 693 633 5913 670 611 5914 673 613 5915 708 615 5916 674 610 5917 670 611 5918 810 558 5919 743 557 5920 738 593 5921 669 579 5922 721 533 5923 743 557 5924 688 592 5925 709 588 5926 732 591 5927 794 681 5928 805 680 5929 738 593 5930 683 682 5931 747 555 5932 756 559 5933 684 529 5934 676 530 5935 774 534 5936 699 566 5937 756 559 5938 672 561 5939 683 682 5940 680 564 5941 688 592 5942 730 526 5943 721 533 5944 774 534 5945 724 568 5946 676 530 5947 685 532 5948 693 633 5949 601 632 5950 602 683 5951 759 608 5952 691 604 5953 777 519 5954 308 175 5955 677 667 5956 821 684 5957 678 675 5958 737 679 5959 526 669 5960 692 664 5961 820 671 5962 822 676 5963 772 663 5964 526 669 5965 737 679 5966 772 663 5967 829 677 5968 831 670 5969 736 673 5970 780 678 5971 783 685 5972 770 656 5973 771 662 5974 737 679 5975 677 667 5976 783 685 5977 817 674 5978 780 678 5979 736 673 5980 768 657 5981 797 686 5982 733 586 5983 731 547 5984 552 687 5985 543 717 5986 664 688 5987 639 690 5988 637 760 5989 621 691 5990 615 525 5991 610 737 5992 546 693 5993 549 695 5994 534 733 5995 538 696 5996 544 698 5997 534 733 5998 575 699 5999 549 695 6000 539 753 6001 642 701 6002 603 703 6003 667 730 6004 531 704 6005 536 706 6006 556 721 6007 557 707 6008 548 709 6009 542 741 6010 799 710 6011 613 544 6012 607 546 6013 564 712 6014 545 714 6015 530 729 6016 541 715 6017 543 717 6018 552 687 6019 538 696 6020 562 719 6021 612 574 6022 605 550 6023 556 721 6024 536 706 6025 603 703 6026 656 722 6027 562 719 6028 561 720 6029 634 724 6030 668 742 6031 803 725 6032 663 713 6033 564 712 6034 647 727 6035 537 708 6036 541 715 6037 530 729 6038 536 706 6039 530 729 6040 667 730 6041 575 699 6042 618 702 6043 546 693 6044 551 705 6045 552 687 6046 553 689 6047 537 708 6048 533 830 6049 535 732 6050 647 727 6051 564 712 6052 562 719 6053 534 733 6054 544 698 6055 540 718 6056 558 734 6057 533 830 6058 537 708 6059 608 567 6060 529 788 6061 547 731 6062 628 692 6063 650 795 6064 652 735 6065 557 707 6066 661 786 6067 662 736 6068 564 712 6069 607 546 6070 612 574 6071 609 575 6072 547 731 6073 546 693 6074 665 738 6075 556 721 6076 553 689 6077 554 694 6078 563 751 6079 611 577 6080 532 739 6081 539 753 6082 549 695 6083 531 704 6084 667 730 6085 565 740 6086 606 581 6087 559 752 6088 561 720 6089 668 742 6090 548 709 6091 812 711 6092 532 739 6093 531 704 6094 542 741 6095 545 714 6096 800 744 6097 813 743 6098 800 744 6099 545 714 6100 555 716 6101 560 746 6102 567 749 6103 791 747 6104 532 739 6105 550 697 6106 551 705 6107 813 743 6108 799 710 6109 542 741 6110 567 749 6111 559 752 6112 809 750 6113 567 749 6114 560 746 6115 535 732 6116 563 751 6117 554 694 6118 642 701 6119 606 581 6120 792 594 6121 809 750 6122 560 746 6123 555 716 6124 541 715 6125 565 740 6126 667 730 6127 530 729 6128 539 753 6129 532 739 6130 548 709 6131 620 754 6132 640 763 6133 623 755 6134 568 700 6135 529 788 6136 635 757 6137 619 759 6138 621 691 6139 637 760 6140 629 762 6141 625 769 6142 632 761 6143 640 763 6144 620 754 6145 631 764 6146 528 766 6147 629 762 6148 637 760 6149 640 763 6150 376 196 6151 310 197 6152 376 196 6153 640 763 6154 659 765 6155 632 761 6156 660 778 6157 658 768 6158 625 769 6159 629 762 6160 573 770 6161 633 772 6162 625 769 6163 569 771 6164 517 464 6165 635 757 6166 636 774 6167 600 616 6168 602 683 6169 616 775 6170 304 192 6171 376 196 6172 643 767 6173 660 778 6174 661 786 6175 665 738 6176 540 718 6177 643 767 6178 659 765 6179 374 202 6180 623 755 6181 310 197 6182 620 754 6183 622 756 6184 621 691 6185 641 776 6186 616 775 6187 573 770 6188 571 728 6189 572 773 6190 624 780 6191 622 756 6192 638 794 6193 628 692 6194 790 781 6195 598 626 6196 599 625 6197 589 782 6198 666 801 6199 657 783 6200 523 777 6201 518 488 6202 371 504 6203 570 758 6204 513 502 6205 518 488 6206 655 785 6207 590 784 6208 574 779 6209 625 769 6210 633 772 6211 660 778 6212 619 759 6213 658 768 6214 631 764 6215 374 202 6216 638 794 6217 622 756 6218 544 698 6219 568 700 6220 570 758 6221 661 786 6222 660 778 6223 633 772 6224 544 698 6225 523 777 6226 643 767 6227 636 774 6228 599 625 6229 515 410 6230 630 787 6231 601 632 6232 604 634 6233 556 721 6234 665 738 6235 661 786 6236 543 717 6237 659 765 6238 631 764 6239 662 736 6240 633 772 6241 572 773 6242 529 788 6243 790 781 6244 636 774 6245 624 780 6246 604 634 6247 613 544 6248 608 567 6249 598 626 6250 790 781 6251 627 789 6252 646 799 6253 788 790 6254 648 791 6255 627 789 6256 655 785 6257 600 616 6258 641 776 6259 657 783 6260 639 690 6261 652 735 6262 653 793 6263 590 784 6264 657 783 6265 641 776 6266 651 792 6267 655 785 6268 528 766 6269 638 794 6270 649 796 6271 650 795 6272 374 202 6273 311 201 6274 649 796 6275 650 795 6276 588 805 6277 587 797 6278 654 798 6279 645 800 6280 788 790 6281 589 782 6282 788 790 6283 645 800 6284 644 802 6285 646 799 6286 627 789 6287 594 647 6288 595 651 6289 645 800 6290 617 803 6291 654 798 6292 646 799 6293 666 801 6294 596 650 6295 597 640 6296 595 651 6297 596 650 6298 666 801 6299 593 652 6300 594 647 6301 654 798 6302 311 201 6303 295 324 6304 373 804 6305 649 796 6306 373 804 6307 588 805 6308 652 735 6309 587 797 6310 586 806 6311 653 793 6312 586 806 6313 585 807 6314 373 804 6315 294 325 6316 301 358 6317 587 797 6318 584 822 6319 582 808 6320 651 792 6321 585 807 6322 583 809 6323 648 791 6324 583 809 6325 786 810 6326 644 802 6327 786 810 6328 827 811 6329 832 661 6330 593 652 6331 617 803 6332 586 806 6333 582 808 6334 581 812 6335 585 807 6336 581 812 6337 580 813 6338 825 814 6339 524 820 6340 591 815 6341 309 364 6342 303 359 6343 576 817 6344 837 819 6345 830 833 6346 524 820 6347 816 821 6348 835 998 6349 824 816 6350 301 358 6351 309 364 6352 578 818 6353 577 823 6354 614 828 6355 819 824 6356 552 687 6357 551 705 6358 550 697 6359 583 809 6360 580 813 6361 828 826 6362 588 805 6363 301 358 6364 584 822 6365 577 823 6366 579 832 6367 592 827 6368 635 757 6369 517 464 6370 513 502 6371 655 785 6372 627 789 6373 589 782 6374 574 779 6375 573 770 6376 629 762 6377 572 773 6378 569 771 6379 630 787 6380 569 771 6381 573 770 6382 616 775 6383 563 751 6384 634 724 6385 793 726 6386 668 742 6387 634 724 6388 642 701 6389 559 752 6390 567 749 6391 626 723 6392 611 577 6393 563 751 6394 802 829 6395 558 734 6396 647 727 6397 656 722 6398 534 733 6399 549 695 6400 618 702 6401 571 728 6402 647 727 6403 558 734 6404 533 830 6405 656 722 6406 626 723 6407 618 702 6408 642 701 6409 554 694 6410 568 700 6411 575 699 6412 547 731 6413 602 683 6414 601 632 6415 630 787 6416 664 688 6417 631 764 6418 658 768 6419 303 359 6420 379 329 6421 818 831 6422 577 823 6423 591 815 6424 524 820 6425 591 815 6426 577 823 6427 815 825 6428 579 832 6429 524 820 6430 580 813 6431 830 833 6432 828 826 6433 580 813 6434 578 818 6435 576 817 6436 614 828 6437 582 808 6438 592 827 6439 579 832 6440 576 817 6441 818 831 6442 819 824 6443 584 822 6444 578 818 6445 592 827 6446 808 748 6447 811 745 6448 555 716 6449 838 834 6450 337 77 6451 333 115 6452 322 94 6453 332 92 6454 839 835 6455 335 95 6456 322 94 6457 840 836 6458 329 54 6459 840 836 6460 839 835 6461 840 836 6462 329 54 6463 324 838 6464 328 33 6465 842 839 6466 838 834 6467 332 92 6468 330 34 6469 838 834 6470 842 839 6471 328 33 6472 323 101 6473 848 837 6474 324 838 6475 342 59 6476 338 56 6477 337 77 6478 838 834 6479 343 181 6480 334 841 6481 846 840 6482 334 841 6483 338 56 6484 842 839 6485 846 840 6486 323 101 6487 344 107 6488 843 842 6489 845 843 6490 320 305 6491 845 843 6492 321 316 6493 315 282 6494 319 300 6495 849 846 6496 847 844 6497 325 244 6498 320 305 6499 845 843 6500 847 844 6501 849 846 6502 327 251 6503 331 226 6504 843 842 6505 841 845 6506 843 842 6507 331 226 6508 321 316 6509 841 845 6510 844 847 6511 313 295 6512 340 250 6513 327 251 6514 849 846 6515 316 248 6516 841 845 6517 843 842 6518 341 366 6519 318 369 6520 844 847 6521 841 845 6522 316 248 6523 314 367 6524 339 296 6525 313 295 6526 844 847 6527 797 686 6528 798 556 6529 810 558 6530 807 584 6531 806 848 6532 795 541 6533 796 585 6534 795 541 6535 798 556 6536 794 681 6537 792 594 6538 804 590 6539 801 587 6540 810 558 6541 805 680 6542 793 726 6543 803 725 6544 808 748 6545 812 711 6546 799 710 6547 800 744 6548 803 725 6549 812 711 6550 811 745 6551 809 750 6552 792 594 6553 794 681 6554 802 829 6555 793 726 6556 791 747 6557 1102 849 6558 1116 957 6559 1028 850 6560 1010 852 6561 1008 947 6562 987 853 6563 1059 855 6564 1056 901 6565 1048 856 6566 1071 858 6567 1070 880 6568 1073 859 6569 1039 861 6570 834 672 6571 1109 862 6572 1115 864 6573 1117 969 6574 1042 860 6575 1036 865 6576 999 973 6577 1098 866 6578 872 868 6579 856 942 6580 1061 869 6581 1119 871 6582 1099 974 6583 1004 872 6584 878 874 6585 1050 950 6586 874 875 6587 1037 876 6588 1064 863 6589 1063 873 6590 1037 876 6591 1038 898 6592 1039 861 6593 1064 863 6594 1109 862 6595 1119 871 6596 864 878 6597 856 942 6598 872 868 6599 1069 879 6600 1073 859 6601 1070 880 6602 961 882 6603 1052 914 6604 975 883 6605 977 885 6606 1046 932 6607 991 886 6608 974 888 6609 1090 937 6610 1018 889 6611 852 891 6612 897 913 6613 875 892 6614 1035 894 6615 1065 918 6616 1044 895 6617 1096 897 6618 1041 959 6619 1039 861 6620 1059 855 6621 1036 865 6622 1069 879 6623 969 899 6624 1045 936 6625 1061 869 6626 1056 901 6627 1059 855 6628 1055 881 6629 1023 903 6630 1090 937 6631 974 888 6632 1035 894 6633 1005 877 6634 980 905 6635 1011 907 6636 1071 858 6637 1042 860 6638 1062 896 6639 1044 895 6640 1072 908 6641 958 910 6642 961 882 6643 1057 884 6644 958 910 6645 852 891 6646 1021 893 6647 1025 912 6648 1022 933 6649 897 913 6650 1052 914 6651 1014 944 6652 1019 915 6653 1033 902 6654 1027 946 6655 1019 915 6656 989 916 6657 1046 932 6658 977 885 6659 981 857 6660 999 973 6661 1036 865 6662 970 890 6663 1018 889 6664 1057 884 6665 1065 918 6666 1035 894 6667 1051 906 6668 1004 872 6669 980 905 6670 1005 877 6671 1018 889 6672 1025 912 6673 852 891 6674 1031 920 6675 1058 930 6676 1020 921 6677 979 923 6678 1006 951 6679 878 874 6680 973 919 6681 1053 945 6682 969 899 6683 1009 925 6684 988 972 6685 1066 926 6686 1013 911 6687 1021 893 6688 1079 928 6689 1058 930 6690 1027 946 6691 1033 902 6692 1015 931 6693 1017 968 6694 1046 932 6695 1023 903 6696 1097 953 6697 1022 933 6698 1046 932 6699 1017 968 6700 1054 934 6701 1037 876 6702 1062 896 6703 1026 909 6704 963 935 6705 979 923 6706 1030 924 6707 1030 924 6708 878 874 6709 872 868 6710 1090 937 6711 1023 903 6712 1025 912 6713 1069 879 6714 1036 865 6715 1110 867 6716 1073 859 6717 1069 879 6718 1112 938 6719 1096 897 6720 1038 898 6721 1026 909 6722 1070 880 6723 1071 858 6724 1049 922 6725 1055 881 6726 1070 880 6727 1020 921 6728 1045 936 6729 1030 924 6730 1075 870 6731 1054 934 6732 859 956 6733 1078 940 6734 1005 877 6735 1035 894 6736 1062 896 6737 947 900 6738 1061 869 6739 856 942 6740 1014 944 6741 1048 856 6742 1056 901 6743 1053 945 6744 963 935 6745 1045 936 6746 1027 946 6747 970 890 6748 975 883 6749 1015 931 6750 1049 922 6751 1071 858 6752 1008 947 6753 1009 925 6754 984 948 6755 971 904 6756 974 888 6757 1058 930 6758 1065 918 6759 969 899 6760 947 900 6761 974 888 6762 970 890 6763 1027 946 6764 1022 933 6765 977 885 6766 1083 887 6767 1054 934 6768 853 941 6769 875 892 6770 984 948 6771 986 949 6772 380 85 6773 986 949 6774 984 948 6775 1009 925 6776 1050 950 6777 878 874 6778 1006 951 6779 992 917 6780 977 885 6781 1022 933 6782 990 954 6783 859 956 6784 1060 955 6785 986 949 6786 962 927 6787 859 956 6788 1116 957 6789 1101 964 6790 990 954 6791 985 958 6792 822 676 6793 820 671 6794 983 960 6795 1007 967 6796 1095 961 6797 1016 854 6798 987 853 6799 346 141 6800 1010 852 6801 1007 967 6802 983 960 6803 987 853 6804 984 948 6805 347 84 6806 986 949 6807 990 954 6808 1101 964 6809 378 140 6810 821 684 6811 982 965 6812 834 672 6813 1039 861 6814 1041 959 6815 822 676 6816 985 958 6817 850 966 6818 1007 967 6819 1010 852 6820 1016 854 6821 821 684 6822 817 674 6823 850 966 6824 869 943 6825 856 942 6826 983 960 6827 972 963 6828 983 960 6829 856 942 6830 971 904 6831 992 917 6832 1097 953 6833 1017 968 6834 1015 931 6835 1011 907 6836 1049 922 6837 1015 931 6838 989 916 6839 1031 920 6840 989 916 6841 992 917 6842 1060 955 6843 1011 907 6844 993 851 6845 1117 969 6846 1102 849 6847 993 851 6848 1068 970 6849 976 962 6850 1095 961 6851 1044 895 6852 947 900 6853 869 943 6854 1008 947 6855 1010 852 6856 972 963 6857 1095 961 6858 1007 967 6859 982 965 6860 1009 925 6861 1008 947 6862 1029 971 6863 876 939 6864 985 958 6865 1041 959 6866 1072 908 6867 869 943 6868 976 962 6869 962 927 6870 1066 926 6871 1078 940 6872 1006 951 6873 979 923 6874 958 910 6875 980 905 6876 1004 872 6877 999 973 6878 1053 945 6879 973 919 6880 1014 944 6881 1051 906 6882 980 905 6883 981 857 6884 963 935 6885 1053 945 6886 1052 914 6887 999 973 6888 1004 872 6889 1099 974 6890 1014 944 6891 973 919 6892 1051 906 6893 1093 952 6894 1006 951 6895 1013 911 6896 961 882 6897 958 910 6898 979 923 6899 972 963 6900 864 878 6901 1034 975 6902 988 972 6903 1029 971 6904 1034 975 6905 1040 977 6906 1050 950 6907 1093 952 6908 1050 950 6909 1040 977 6910 1032 978 6911 874 875 6912 1032 978 6913 1092 979 6914 1034 975 6915 864 878 6916 1092 979 6917 1024 976 6918 1034 975 6919 1091 980 6920 1024 976 6921 1067 981 6922 1085 982 6923 1085 982 6924 1040 977 6925 861 929 6926 1040 977 6927 1085 982 6928 1067 981 6929 1067 981 6930 1091 980 6931 1092 979 6932 1072 908 6933 1068 970 6934 876 939 6935 897 913 6936 1083 887 6937 991 886 6938 1079 928 6939 853 941 6940 860 983 6941 853 941 6942 1078 940 6943 1066 926 6944 1079 928 6945 1021 893 6946 875 892 6947 988 972 6948 1024 976 6949 860 983 6950 1054 934 6951 1017 968 6952 1060 955 6953 1068 970 6954 850 966 6955 985 958 6956 968 984 6957 912 1094 6958 1103 985 6959 881 987 6960 964 1085 6961 966 988 6962 1000 990 6963 939 1037 6964 871 991 6965 924 993 6966 900 1000 6967 945 994 6968 904 996 6969 920 1014 6970 1113 997 6971 1100 999 6972 945 994 6973 900 1000 6974 907 1002 6975 1114 1078 6976 1108 1003 6977 931 1005 6978 1081 1077 6979 941 1006 6980 957 1008 6981 1111 1109 6982 1107 1009 6983 930 1011 6984 877 1088 6985 933 1012 6986 906 1013 6987 894 1042 6988 892 1010 6989 906 1013 6990 920 1014 6991 904 996 6992 1107 1009 6993 1113 997 6994 920 1014 6995 857 1016 6996 930 1011 6997 931 1005 6998 923 995 6999 945 994 7000 867 1017 7001 940 1019 7002 891 1050 7003 1002 1020 7004 899 1022 7005 927 1055 7006 887 1023 7007 884 1025 7008 925 1056 7009 1094 1026 7010 851 1028 7011 918 1047 7012 935 1029 7013 898 1031 7014 922 1058 7015 946 1032 7016 904 996 7017 903 1103 7018 1089 1034 7019 867 1017 7020 907 1002 7021 871 991 7022 883 1035 7023 879 1083 7024 941 1006 7025 873 1018 7026 871 991 7027 939 1037 7028 895 1027 7029 1094 1026 7030 916 1039 7031 946 1032 7032 1001 1057 7033 954 1041 7034 967 1043 7035 968 984 7036 900 1000 7037 943 1044 7038 898 1031 7039 866 1033 7040 952 1046 7041 851 1028 7042 940 1019 7043 918 1047 7044 851 1028 7045 952 1046 7046 936 1030 7047 917 1074 7048 915 1049 7049 891 1050 7050 944 1052 7051 948 1051 7052 909 1038 7053 939 1037 7054 944 1052 7055 1043 1054 7056 1047 1090 7057 887 1023 7058 955 992 7059 871 991 7060 907 1002 7061 884 1025 7062 891 1050 7063 940 1019 7064 1001 1057 7065 946 1032 7066 922 1058 7067 894 1042 7068 954 1041 7069 957 1008 7070 851 1028 7071 915 1049 7072 925 1056 7073 896 1060 7074 928 1071 7075 919 1061 7076 933 1012 7077 959 1089 7078 953 1063 7079 949 1059 7080 922 1058 7081 883 1035 7082 965 1066 7083 937 1087 7084 926 1067 7085 1082 1069 7086 918 1047 7087 960 1048 7088 909 1038 7089 921 1053 7090 928 1071 7091 870 1072 7092 1043 1054 7093 927 1055 7094 917 1074 7095 1084 1106 7096 916 1039 7097 994 1075 7098 902 1073 7099 927 1055 7100 914 1045 7101 866 1033 7102 906 1013 7103 950 1076 7104 910 1036 7105 911 1064 7106 931 1005 7107 933 1012 7108 911 1064 7109 1094 1026 7110 925 1056 7111 915 1049 7112 1114 1078 7113 907 1002 7114 867 1017 7115 1106 1079 7116 867 1017 7117 945 994 7118 914 1045 7119 905 1015 7120 1089 1034 7121 938 1062 7122 924 993 7123 923 995 7124 896 1060 7125 923 995 7126 873 1018 7127 910 1036 7128 941 1006 7129 1081 1077 7130 1087 1081 7131 855 1093 7132 994 1075 7133 866 1033 7134 946 1032 7135 894 1042 7136 879 1083 7137 932 1105 7138 865 1007 7139 939 1037 7140 1000 990 7141 948 1051 7142 1003 1065 7143 883 1035 7144 910 1036 7145 944 1052 7146 891 1050 7147 884 1025 7148 924 993 7149 938 1062 7150 870 1072 7151 886 1084 7152 965 1066 7153 964 1085 7154 928 1071 7155 895 1027 7156 880 1040 7157 922 1058 7158 898 1031 7159 879 1083 7160 921 1053 7161 884 1025 7162 895 1027 7163 1080 1024 7164 887 1023 7165 917 1074 7166 935 1029 7167 858 1082 7168 994 1075 7169 348 376 7170 381 272 7171 882 1086 7172 937 1087 7173 965 1066 7174 886 1084 7175 877 1088 7176 1088 1110 7177 959 1089 7178 1047 1090 7179 1084 1106 7180 917 1074 7181 934 1091 7182 912 1094 7183 901 1092 7184 882 1086 7185 934 1091 7186 855 1093 7187 912 1094 7188 934 1091 7189 1104 1095 7190 885 1096 7191 903 1103 7192 816 821 7193 1086 1097 7194 978 1101 7195 889 1098 7196 913 989 7197 379 329 7198 345 331 7199 893 1100 7200 889 1098 7201 978 1101 7202 345 331 7203 348 376 7204 886 1084 7205 381 272 7206 1104 1095 7207 934 1091 7208 379 329 7209 913 989 7210 890 1102 7211 903 1103 7212 904 996 7213 835 998 7214 862 1104 7215 885 1096 7216 815 825 7217 913 989 7218 966 988 7219 978 1101 7220 862 1104 7221 819 824 7222 818 831 7223 889 1098 7224 865 1007 7225 932 1105 7226 865 1007 7227 889 1098 7228 893 1100 7229 880 1040 7230 916 1039 7231 1084 1106 7232 967 1043 7233 870 1072 7234 902 1073 7235 938 1062 7236 919 1061 7237 1043 1054 7238 919 1061 7239 880 1040 7240 1047 1090 7241 901 1092 7242 912 1094 7243 968 984 7244 968 984 7245 1118 986 7246 1105 1001 7247 1086 1097 7248 888 1099 7249 942 1107 7250 932 1105 7251 879 1083 7252 898 1031 7253 964 1085 7254 908 1108 7255 893 1100 7256 1086 1097 7257 862 1104 7258 890 1102 7259 965 1066 7260 868 1068 7261 908 1108 7262 903 1103 7263 885 1096 7264 929 1080 7265 943 1044 7266 942 1107 7267 888 1099 7268 937 1087 7269 855 1093 7270 1087 1081 7271 959 1089 7272 960 1048 7273 952 1046 7274 954 1041 7275 955 992 7276 956 1004 7277 1003 1065 7278 1002 1020 7279 948 1051 7280 1001 1057 7281 1000 990 7282 955 992 7283 950 1076 7284 951 1021 7285 1002 1020 7286 1111 1109 7287 957 1008 7288 956 1004 7289 1001 1057 7290 949 1059 7291 948 1051 7292 1088 1110 7293 863 1070 7294 960 1048 7295 951 1021 7296 950 1076 7297 953 1063 7298 893 1100 7299 908 1108 7300 998 1111 7301 998 1111 7302 908 1108 7303 868 1068 7304 1088 1110 7305 877 1088 7306 997 1113 7307 996 1114 7308 997 1113 7309 877 1088 7310 1077 1115 7311 996 1114 7312 930 1011 7313 998 1111 7314 1074 1116 7315 1077 1115 7316 1074 1116 7317 998 1111 7318 1012 1112 7319 1076 1118 7320 995 1117 7321 1012 1112 7322 863 1070 7323 997 1113 7324 1076 1118 7325 997 1113 7326 996 1114 7327 995 1117 7328 1077 1115 7329 1074 1116 7330 995 1117 7331 914 1045 7332 929 1080 7333 942 1107 7334 899 1022 7335 1080 1024 7336 936 1030 7337 854 1119 7338 858 1082 7339 1082 1069 7340 926 1067 7341 1087 1081 7342 858 1082 7343 858 1082 7344 935 1029 7345 918 1047 7346 868 1068 7347 926 1067 7348 854 1119 7349 994 1075 7350 855 1093 7351 901 1092 7352 885 1096 7353 862 1104 7354 942 1107 7355 1254 1120 7356 1202 1198 7357 1119 871 7358 1240 1121 7359 1202 1198 7360 1181 1122 7361 1117 969 7362 1115 864 7363 1199 1124 7364 834 672 7365 823 666 7366 1254 1120 7367 1200 1126 7368 1241 1200 7369 1247 1127 7370 1101 964 7371 1116 957 7372 1198 1129 7373 1115 864 7374 1112 938 7375 1185 1131 7376 1112 938 7377 1110 867 7378 1200 1126 7379 1235 1132 7380 1188 1146 7381 1204 1133 7382 1260 1134 7383 1204 1133 7384 1205 1135 7385 1236 1137 7386 1265 1142 7387 1203 1138 7388 1123 1140 7389 1236 1137 7390 1206 1139 7391 1273 1136 7392 1205 1135 7393 1203 1138 7394 1237 1143 7395 1235 1132 7396 357 178 7397 1237 1143 7398 297 157 7399 360 83 7400 1204 1133 7401 1210 1147 7402 1207 1144 7403 1209 1145 7404 1208 1150 7405 1206 1139 7406 1188 1146 7407 1190 1148 7408 1210 1147 7409 1190 1148 7410 1192 1156 7411 1212 1149 7412 1208 1150 7413 1209 1145 7414 1214 1151 7415 1148 1153 7416 1208 1150 7417 1211 1152 7418 1207 1144 7419 1213 1155 7420 1214 1151 7421 1210 1147 7422 1212 1149 7423 1213 1155 7424 1192 1156 7425 1186 1194 7426 1216 1157 7427 1213 1155 7428 1217 1159 7429 1215 1158 7430 1212 1149 7431 1216 1157 7432 1217 1159 7433 1211 1152 7434 1214 1151 7435 1215 1158 7436 1128 1154 7437 1211 1152 7438 1218 1160 7439 1216 1157 7440 1220 1170 7441 1221 1162 7442 1215 1158 7443 1219 1165 7444 1222 1163 7445 1130 1161 7446 1218 1160 7447 1222 1163 7448 1217 1159 7449 1221 1162 7450 1219 1165 7451 1281 1166 7452 1167 1179 7453 1180 1167 7454 1221 1162 7455 1224 1171 7456 1225 1169 7457 1220 1170 7458 1223 1185 7459 1224 1171 7460 1219 1165 7461 1225 1169 7462 1197 1172 7463 1222 1163 7464 1197 1172 7465 1132 1173 7466 1246 1123 7467 1181 1122 7468 1180 1167 7469 1243 1175 7470 1194 1181 7471 1168 1176 7472 1225 1169 7473 1242 1207 7474 1249 1178 7475 1167 1179 7476 1245 1183 7477 1165 1174 7478 1251 1180 7479 1196 1184 7480 1194 1181 7481 1197 1172 7482 1249 1178 7483 1239 1182 7484 1245 1183 7485 1167 1179 7486 1196 1184 7487 1223 1185 7488 1220 1170 7489 1184 1186 7490 1168 1176 7491 1194 1181 7492 1284 1188 7493 1168 1176 7494 1280 1189 7495 1282 1190 7496 1194 1181 7497 1196 1184 7498 1283 1192 7499 1223 1185 7500 1244 1195 7501 1250 1193 7502 1167 1179 7503 1281 1166 7504 1283 1192 7505 1220 1170 7506 1216 1157 7507 1186 1194 7508 1244 1195 7509 1223 1185 7510 1182 1187 7511 1254 1120 7512 823 666 7513 826 665 7514 1179 1197 7515 826 665 7516 836 668 7517 1275 1168 7518 1180 1167 7519 1181 1122 7520 1202 1198 7521 1254 1120 7522 1179 1197 7523 1183 1128 7524 1247 1127 7525 1173 1196 7526 1166 1199 7527 1248 1177 7528 1168 1176 7529 1241 1200 7530 1200 1126 7531 1110 867 7532 1182 1187 7533 1184 1186 7534 1227 1201 7535 1183 1128 7536 1227 1201 7537 1185 1131 7538 1184 1186 7539 1186 1194 7540 1187 1202 7541 1227 1201 7542 1187 1202 7543 1199 1124 7544 1193 1203 7545 1189 1204 7546 1190 1148 7547 1189 1204 7548 1191 1205 7549 1192 1156 7550 1186 1194 7551 1192 1156 7552 1191 1205 7553 1238 1206 7554 1201 1125 7555 1191 1205 7556 1201 1125 7557 1199 1124 7558 1187 1202 7559 1205 1135 7560 1207 1144 7561 1209 1145 7562 1224 1171 7563 1250 1193 7564 1242 1207 7565 1208 1150 7566 1148 1153 7567 1147 1141 7568 1238 1206 7569 1198 1129 7570 1116 957 7571 1193 1203 7572 1237 1143 7573 1263 1130 7574 1188 1146 7575 1235 1132 7576 1237 1143 7577 351 188 7578 1273 1136 7579 1265 1142 7580 349 189 7581 1236 1137 7582 1123 1140 7583 359 191 7584 1265 1142 7585 1236 1137 7586 355 186 7587 1260 1134 7588 1273 1136 7589 357 178 7590 1235 1132 7591 1260 1134 7592 380 85 7593 1101 964 7594 1263 1130 7595 1201 1125 7596 1238 1206 7597 1102 849 7598 1198 1129 7599 1238 1206 7600 1189 1204 7601 1098 866 7602 1099 974 7603 1240 1121 7604 1246 1123 7605 1247 1127 7606 1241 1200 7607 1166 1199 7608 1239 1182 7609 1249 1178 7610 1251 1180 7611 1250 1193 7612 1244 1195 7613 1248 1177 7614 1249 1178 7615 1242 1207 7616 1243 1175 7617 1242 1207 7618 1250 1193 7619 1173 1196 7620 1165 1174 7621 1245 1183 7622 1247 1127 7623 1246 1123 7624 1165 1174 7625 1202 1198 7626 1240 1121 7627 1099 974 7628 1169 1208 7629 1113 997 7630 1107 1009 7631 1154 1210 7632 1146 1255 7633 1135 1211 7634 1172 1212 7635 1100 999 7636 1105 1001 7637 835 998 7638 1113 997 7639 1169 1208 7640 1174 1214 7641 1124 1277 7642 1145 1215 7643 1104 1095 7644 1155 1229 7645 1171 1217 7646 1170 1218 7647 1106 1079 7648 1100 999 7649 1106 1079 7650 1170 1218 7651 1174 1214 7652 1178 1219 7653 1150 1233 7654 1137 1220 7655 1195 1222 7656 1178 1219 7657 1158 1221 7658 1136 1224 7659 1226 1227 7660 1177 1225 7661 1123 1140 7662 1147 1141 7663 1226 1227 7664 1177 1225 7665 1195 1222 7666 1156 1223 7667 1134 1228 7668 296 362 7669 350 361 7670 358 274 7671 296 362 7672 1134 1228 7673 1178 1219 7674 1195 1222 7675 1233 1230 7676 1226 1227 7677 1228 1236 7678 1271 1232 7679 1150 1233 7680 1178 1219 7681 1270 1231 7682 1266 1235 7683 1160 1241 7684 1162 1234 7685 1228 1236 7686 1268 1238 7687 1259 1237 7688 1148 1153 7689 1128 1154 7690 1268 1238 7691 1259 1237 7692 1272 1239 7693 1233 1230 7694 1272 1239 7695 1266 1235 7696 1270 1231 7697 1261 1240 7698 1120 1273 7699 1160 1241 7700 1258 1242 7701 1262 1243 7702 1272 1239 7703 1262 1243 7704 1261 1240 7705 1266 1235 7706 1268 1238 7707 1264 1244 7708 1258 1242 7709 1128 1154 7710 1130 1161 7711 1264 1244 7712 1256 1245 7713 1269 1253 7714 1261 1240 7715 1255 1246 7716 1267 1247 7717 1258 1242 7718 1130 1161 7719 1131 1164 7720 1255 1246 7721 1267 1247 7722 1256 1245 7723 1262 1243 7724 1127 1248 7725 1232 1261 7726 1279 1249 7727 1229 1251 7728 1253 1252 7729 1256 1245 7730 1253 1252 7731 1257 1266 7732 1269 1253 7733 1252 1254 7734 1229 1251 7735 1267 1247 7736 1132 1173 7737 1252 1254 7738 1255 1246 7739 1146 1255 7740 1143 1260 7741 1127 1248 7742 1139 1256 7743 1234 1268 7744 1231 1257 7745 1140 1259 7746 1152 1284 7747 1229 1251 7748 1143 1260 7749 1149 1264 7750 1232 1261 7751 1231 1257 7752 1230 1263 7753 1142 1262 7754 1239 1182 7755 1140 1259 7756 1252 1254 7757 1230 1263 7758 1232 1261 7759 1149 1264 7760 1122 1265 7761 1269 1253 7762 1257 1266 7763 1234 1268 7764 1277 1270 7765 1278 1269 7766 1133 1191 7767 1282 1190 7768 1277 1270 7769 1231 1257 7770 1278 1269 7771 1276 1271 7772 1141 1272 7773 1151 1274 7774 1257 1266 7775 1276 1271 7776 1279 1249 7777 1232 1261 7778 1120 1273 7779 1261 1240 7780 1269 1253 7781 1125 1267 7782 1257 1266 7783 1151 1274 7784 1126 1276 7785 825 814 7786 824 816 7787 837 819 7788 825 814 7789 1126 1276 7790 1135 1211 7791 1127 1248 7792 1274 1250 7793 1176 1209 7794 1135 1211 7795 1126 1276 7796 1124 1277 7797 1125 1267 7798 1144 1275 7799 1166 1199 7800 1133 1191 7801 1234 1268 7802 1153 1216 7803 1108 1003 7804 1114 1078 7805 1121 1278 7806 1122 1265 7807 1125 1267 7808 1170 1218 7809 1121 1278 7810 1124 1277 7811 1129 1279 7812 1120 1273 7813 1122 1265 7814 1172 1212 7815 1129 1279 7816 1121 1278 7817 1159 1280 7818 1150 1233 7819 1162 1234 7820 1160 1241 7821 1161 1282 7822 1138 1281 7823 1120 1273 7824 1129 1279 7825 1161 1282 7826 1164 1283 7827 1138 1281 7828 1161 1282 7829 1129 1279 7830 1172 1212 7831 1175 1213 7832 1195 1222 7833 1177 1225 7834 1271 1232 7835 1152 1284 7836 1141 1272 7837 1253 1252 7838 1147 1141 7839 1148 1153 7840 1228 1236 7841 1164 1283 7842 1118 986 7843 1103 985 7844 1171 1217 7845 1155 1229 7846 1134 1228 7847 1159 1280 7848 1134 1228 7849 1137 1220 7850 1157 1226 7851 1156 1223 7852 353 372 7853 1123 1140 7854 1136 1224 7855 354 373 7856 1136 1224 7857 1157 1226 7858 361 374 7859 1156 1223 7860 1158 1221 7861 356 370 7862 1158 1221 7863 1137 1220 7864 350 361 7865 381 272 7866 358 274 7867 1155 1229 7868 1175 1213 7869 1105 1001 7870 1118 986 7871 1171 1217 7872 1159 1280 7873 1138 1281 7874 1154 1210 7875 1111 1109 7876 1108 1003 7877 1153 1216 7878 1145 1215 7879 1146 1255 7880 1140 1259 7881 1239 1182 7882 1166 1199 7883 1151 1274 7884 1141 1272 7885 1142 1262 7886 1152 1284 7887 1140 1259 7888 1139 1256 7889 1141 1272 7890 1152 1284 7891 1163 1258 7892 1149 1264 7893 1143 1260 7894 1144 1275 7895 1143 1260 7896 1146 1255 7897 1145 1215 7898 1176 1209 7899 1107 1009 7900 1111 1109 7901 829 677 7902 1290 1329 7903 1301 1285 7904 1303 1286 7905 1290 1329 7906 829 677 7907 1306 1287 7908 1303 1286 7909 785 659 7910 1288 1288 7911 1306 1287 7912 833 660 7913 1322 1289 7914 1318 1297 7915 1323 1290 7916 1319 1292 7917 1304 1332 7918 1305 1293 7919 1325 1291 7920 1323 1290 7921 1351 1295 7922 1318 1297 7923 1319 1292 7924 1324 1294 7925 1324 1294 7926 1305 1293 7927 1360 1298 7928 1323 1290 7929 1324 1294 7930 1353 1299 7931 1349 1300 7932 1310 1330 7933 1294 1301 7934 1325 1291 7935 1328 1304 7936 1329 1303 7937 1352 1296 7938 1367 1305 7939 1328 1304 7940 1367 1305 7941 1363 1331 7942 1335 1306 7943 1294 1301 7944 1310 1330 7945 1354 1307 7946 1294 1301 7947 1362 1308 7948 1372 1309 7949 1275 1168 7950 1298 1312 7951 1307 1311 7952 1298 1312 7953 1349 1300 7954 1293 1302 7955 1284 1188 7956 1283 1192 7957 1302 1313 7958 1281 1166 7959 1307 1311 7960 1302 1313 7961 1284 1188 7962 1300 1314 7963 1308 1315 7964 1280 1189 7965 1308 1315 7966 1285 1316 7967 1302 1313 7968 1299 1318 7969 1296 1317 7970 1307 1311 7971 1293 1302 7972 1299 1318 7973 1300 1314 7974 1296 1317 7975 1297 1319 7976 1308 1315 7977 1297 1319 7978 1286 1320 7979 1293 1302 7980 1294 1301 7981 1292 1310 7982 1296 1317 7983 1289 1323 7984 1291 1321 7985 1297 1319 7986 1291 1321 7987 1287 1322 7988 1299 1318 7989 1292 1310 7990 1289 1323 7991 1289 1323 7992 1366 1326 7993 1370 1324 7994 1291 1321 7995 1370 1324 7996 1355 1325 7997 1292 1310 7998 1372 1309 7999 1366 1326 8000 1298 1312 8001 1275 1168 8002 836 668 8003 1328 1304 8004 1335 1306 8005 1336 1328 8006 1349 1300 8007 1298 1312 8008 1295 1327 8009 1295 1327 8010 836 668 8011 831 670 8012 1290 1329 8013 1303 1286 8014 1318 1297 8015 1336 1328 8016 1295 1327 8017 1301 1285 8018 1336 1328 8019 1335 1306 8020 1310 1330 8021 1363 1331 8022 1354 1307 8023 1310 1330 8024 1301 1285 8025 1290 1329 8026 1322 1289 8027 1303 1286 8028 1306 1287 8029 1319 1292 8030 1306 1287 8031 1288 1288 8032 1304 1332 8033 828 826 8034 830 833 8035 1330 1333 8036 828 826 8037 1350 1334 8038 1344 1335 8039 827 811 8040 786 810 8041 1344 1335 8042 832 661 8043 827 811 8044 1343 1336 8045 1339 1337 8046 1345 1341 8047 1340 1338 8048 1338 1340 8049 1341 1343 8050 1305 1293 8051 1345 1341 8052 1368 1350 8053 1364 1342 8054 1333 1339 8055 1340 1338 8056 1341 1343 8057 1341 1343 8058 1369 1344 8059 1360 1298 8060 1340 1338 8061 1364 1342 8062 1369 1344 8063 1342 1345 8064 1327 1354 8065 1326 1346 8066 1315 1348 8067 1316 1349 8068 1345 1341 8069 1316 1349 8070 1365 1352 8071 1368 1350 8072 1321 1351 8073 1371 1371 8074 1365 1352 8075 1342 1345 8076 1357 1372 8077 1358 1353 8078 1359 1355 8079 1357 1372 8080 1342 1345 8081 1311 1357 8082 1317 1358 8083 1274 1250 8084 1346 1347 8085 1326 1346 8086 1317 1358 8087 1278 1269 8088 1312 1360 8089 1314 1359 8090 1276 1271 8091 1314 1359 8092 1311 1357 8093 1277 1270 8094 1313 1361 8095 1312 1360 8096 1282 1190 8097 1285 1316 8098 1313 1361 8099 1312 1360 8100 1348 1363 8101 1332 1362 8102 1332 1362 8103 1346 1347 8104 1311 1357 8105 1313 1361 8106 1331 1364 8107 1348 1363 8108 1285 1316 8109 1286 1320 8110 1331 1364 8111 1334 1356 8112 1342 1345 8113 1346 1347 8114 1309 1365 8115 1347 1366 8116 1348 1363 8117 1286 1320 8118 1287 1322 8119 1309 1365 8120 1347 1366 8121 1334 1356 8122 1332 1362 8123 1361 1367 8124 1356 1368 8125 1347 1366 8126 1355 1325 8127 1361 1367 8128 1309 1365 8129 1356 1368 8130 1359 1355 8131 1334 1356 8132 1317 1358 8133 1337 1369 8134 837 819 8135 1315 1348 8136 1320 1370 8137 1321 1351 8138 1326 1346 8139 1320 1370 8140 1337 1369 8141 1337 1369 8142 1330 1333 8143 830 833 8144 1350 1334 8145 1339 1337 8146 1333 1339 8147 1320 1370 8148 1315 1348 8149 1330 1333 8150 1320 1370 8151 1326 1346 8152 1327 1354 8153 1327 1354 8154 1358 1353 8155 1371 1371 8156 1315 1348 8157 1339 1337 8158 1350 1334 8159 1344 1335 8160 1333 1339 8161 1338 1340 8162 1343 1336 8163 1338 1340 8164 1304 1332 8165</p>
        </triangles>
      </mesh>
    </geometry>
  </library_geometries>
  <library_visual_scenes>
    <visual_scene id="Scene" name="Scene">
      <node id="fbCamera_003" name="fbCamera.003" type="NODE">
        <matrix sid="transform">-0.9887473 -0.006735706 -0.1494443 -28.05856 -0.12087 -0.5526478 0.8246034 132.6362 -0.08814438 0.8333877 0.5456148 87.66769 0 0 0 1</matrix>
        <instance_camera url="#fbCamera_003-camera"/>
      </node>
      <node id="fbCamera" name="fbCamera" type="NODE">
        <matrix sid="transform">0.999638 0.006478005 -0.02611249 -14.70605 -0.02647102 0.06338719 -0.9976379 -618.2343 -0.004807505 0.997968 0.06353572 37.5274 0 0 0 1</matrix>
        <instance_camera url="#fbCamera-camera"/>
      </node>
      <node id="fbCamera_002" name="fbCamera.002" type="NODE">
        <matrix sid="transform">-0.03874253 0.001327731 0.9992483 372.4948 0.9989875 0.02293859 0.03870194 11.99298 -0.02286997 0.999736 -0.002215086 -1.261677 0 0 0 1</matrix>
        <instance_camera url="#fbCamera_002-camera"/>
      </node>
      <node id="fbCamera_001" name="fbCamera.001" type="NODE">
        <matrix sid="transform">0.07565876 0.1283415 -0.9888397 -114.8647 -0.9969229 0.03013197 -0.07236638 -13.80668 0.02050808 0.9912722 0.1302263 15.22579 0 0 0 1</matrix>
        <instance_camera url="#fbCamera_001-camera"/>
      </node>
      <node id="FaceBuilderHead" name="FaceBuilderHead" type="NODE">
        <matrix sid="transform">1.04 0 0 0 0 1 0 0 0 0 1 0 0 0 0 1</matrix>
        <instance_geometry url="#FaceBuilderHead_mesh-mesh" name="FaceBuilderHead">
          <bind_material>
            <technique_common>
              <instance_material symbol="kt_facebuilder_material-material" target="#kt_facebuilder_material-material">
                <bind_vertex_input semantic="UVMap" input_semantic="TEXCOORD" input_set="0"/>
              </instance_material>
            </technique_common>
          </bind_material>
        </instance_geometry>
      </node>
      <node id="Camera" name="Camera" type="NODE">
        <matrix sid="transform">0.6859207 -0.3240135 0.6515582 7.358891 0.7276763 0.3054208 -0.6141704 -6.925791 0 0.8953956 0.4452714 4.958309 0 0 0 1</matrix>
        <instance_camera url="#Camera-camera"/>
      </node>
      <node id="Light" name="Light" type="NODE">
        <matrix sid="transform">-0.2908646 -0.7711008 0.5663932 4.076245 0.9551712 -0.1998834 0.2183912 1.005454 -0.05518906 0.6045247 0.7946723 5.903862 0 0 0 1</matrix>
        <instance_light url="#Light-light"/>
      </node>
    </visual_scene>
  </library_visual_scenes>
  <scene>
    <instance_visual_scene url="#Scene"/>
  </scene>
</COLLADA>